style,flavour,artist,title,era,source,tonic,mode,key_confidence,key_method,bpm,tempo_map,time_signature,bars_4_4_share,parts
ACID,,808 State,cobra bora,80s,freemidi,D,dorian,0.861,kk,122.0,3 tempo events (122.0-142.0); bpm = median beat,4/4,1.0,bass keys lead arp seq fx drums
ACID,,808 State,La Luz,80s,lmd,Bb,major,0.935,kk,106.0,2 tempo events (89.0-106.0); bpm = median beat,4/4,1.0,bass pad keys lead drums
ACID,,808 State,pacific,80s,freemidi,C,major,0.765,kk,126.7,single tempo,4/4,1.0,bass pad keys guitar lead arp fx drums
ACID,,808 State,Pacific 202,80s,lmd,C,major,0.767,kk,126.7,single tempo,4/4,0.983,bass pad keys guitar lead arp fx drums
ACID,,Armando,100% of Disin' You,90s,lmd,Gb,major,0.884,kk,132.0,single tempo,4/4,1.0,bass keys guitar drums
ACID,,Emmanuel Top,Turkish Bazar (Radio Edit),new,lmd,C,minor,0.88,kk,150.0,5 tempo events (145.0-160.0); bpm = median beat,4/4,0.993,bass guitar drums
ACID,,Hardfloor,Mahogany Roots,80s,lmd,F,mixolydian,0.871,kk,129.0,single tempo,4/4,1.0,bass chord pad keys guitar lead seq fx drums
ACID,,Hardfloor,The Laste Marshmellow Machine,80s,lmd,Gb,minor,0.886,kk,124.0,single tempo,4/4,1.0,bass pad keys lead drums
ACID,,Jesse Saunders,On & On,80s,lmd,A,minor,0.703,kk,130.0,single tempo,4/4,1.0,bass seq drums
ACID,,Liquid Soul,Adrenaline,?,lmd,Gb,minor,0.779,kk,160.0,single tempo,4/4 (none),1.0,bass pad keys guitar seq drums
ACID,,M People,Renaissance,80s,lmd,B,minor,0.846,kk,127.0,single tempo,2/4,0.991,bass chord keys guitar fx drums
ACID,,Praga Khan,Love U Still,90s,lmd,F,major,0.803,kk,140.0,single tempo,4/4 (none),1.0,bass pad seq drums
ACID,,The Shamen,Ebeneezer Goode,80s,lmd,E,dorian,0.838,kk,127.0,single tempo,4/4,1.0,bass chord pad guitar seq drums
AMBIENT,,Alan Parsons,Prime Time,80s,lmd,D,minor,0.857,kk,118.0,single tempo,4/4,1.0,bass keys guitar lead drums
AMBIENT,,aphex twin,,?,lamd,C,major,0.875,kk,112.0,single tempo,4/4,1.0,keys lead
AMBIENT,,brian eno,,?,lamd,D,mixolydian,0.847,kk,110.0,single tempo,4/4,1.0,bass keys guitar lead drums
AMBIENT,,Bruno Sanfilippo,ad Libitum,new,lmd,Db,major,0.708,kk,119.0,single tempo,4/4 (none),1.0,keys lead
AMBIENT,,Burkhard Dallwitz,It's a Life,90s,lmd,E,major,0.935,kk,180.0,6 tempo events (110.0-180.0); bpm = median beat,4/4,1.0,bass guitar lead drums
AMBIENT,,caf del mar,,?,lamd,Bb,dorian,0.786,kk,137.0,single tempo,4/4,1.0,bass pad keys lead fx drums
AMBIENT,,Collective Sound Members,Honestly For You,new,lmd,A,minor,0.919,kk,133.0,single tempo,4/4,1.0,bass keys lead arp drums
AMBIENT,,David Arkenstone,Big Bounce,new,lmd,B,minor,0.76,kk,127.0,single tempo,4/4,1.0,bass pad guitar lead drums
AMBIENT,,De-Phazz,North West,new,lmd,D,minor,0.948,kk,103.2,45 tempo events (102.2-104.5); bpm = median beat,4/4,1.0,bass pad guitar lead drums
AMBIENT,,deep forest,,?,lamd,A,major,0.893,kk,88.0,single tempo,4/4,1.0,bass pad lead arp seq fx
AMBIENT,,Enigma,Age Of Loneliness (Enigmatic Club Mix),80s,lmd,E,phrygian,0.754,kk,186.0,9 tempo events (152.0-204.0); bpm = median beat,4/4,0.943,guitar drums
AMBIENT,,Enya,Deireadh An Tuath (Remastered 2009),80s,lmd,D,major,0.876,kk,120.0,single tempo,4/4,1.0,bass pad keys lead drums
AMBIENT,,Enya,May It Be (Album version),new,lmd,A,major,0.659,kk,75.0,5 tempo events (62.0-75.0); bpm = median beat,4/4,1.0,bass chord pad keys guitar lead drums
AMBIENT,,Enya,Only If,90s,lmd,Eb,major,0.972,kk,118.0,35 tempo events (51.0-118.0); bpm = median beat,4/4,0.99,bass chord pad keys lead arp seq
AMBIENT,,Era,Impera,90s,lmd,F,minor,0.815,kk,65.0,single tempo,4/4 (none),1.0,bass pad keys guitar lead drums
AMBIENT,,Flunk,Sit Down,new,lmd,Bb,major,0.938,kk,102.0,10 tempo events (40.0-102.0); bpm = median beat,4/4,1.0,bass pad keys guitar lead drums
AMBIENT,,Funky Lowlives,You Have To Come With Me,?,lmd,A,minor,0.93,kk,72.0,13 tempo events (43.0-72.0); bpm = median beat,4/4 (none),1.0,bass pad keys guitar lead seq drums
AMBIENT,,Future Loop Foundation,The Sea and The Sky,new,lmd,G,mixolydian,0.832,kk,120.0,single tempo,4/4,1.0,chord keys drums
AMBIENT,,George Winston;Michael Gordon,The Crystal Ship,new,lmd,F,mixolydian,0.819,kk,80.0,single tempo,4/4,1.0,bass keys lead drums
AMBIENT,,Green Sun,Simplicity,?,lmd,C,major,0.836,kk,139.2,4 tempo events (139.0-250.0); bpm = median beat,4/4,1.0,bass keys guitar lead drums
AMBIENT,,Guardner,Deep In Me,new,lmd,D,minor,0.84,kk,138.0,single tempo,4/4,1.0,bass chord pad guitar lead fx drums
AMBIENT,,hammock,,?,lamd,G,major,0.861,kk,122.0,single tempo,4/4,1.0,bass chord keys guitar drums
AMBIENT,,Isao Tomita,Canon in D,?,lmd,D,major,0.932,kk,86.0,single tempo,4/4,1.0,keys lead arp
AMBIENT,,Jean Michel Jarre,Calypso,80s,lmd,C,major,0.946,kk,130.0,single tempo,4/4,1.0,bass arp seq drums
AMBIENT,,Jean Michel Jarre,Equinoxe_ Pt. V,80s,lmd,C,major,0.944,kk,157.0,single tempo,4/4,1.0,bass chord pad keys guitar lead seq drums
AMBIENT,,Karunesh,The Conversation,new,lmd,D,major,0.895,kk,82.0,single tempo,4/4,1.0,keys lead
AMBIENT,,Kitaro,Utopia,80s,lmd,G,major,0.892,kk,86.4,single tempo,4/4,1.0,bass lead seq
AMBIENT,,klaus schulze,,?,lamd,G,major,0.786,kk,80.0,single tempo,4/4,1.0,keys lead drums
AMBIENT,,Lamb,Gabriel,?,lmd,D,major,0.941,kk,85.0,single tempo,4/4 (none),1.0,bass chord pad keys guitar lead drums
AMBIENT,,Love Is All,Take Your Time,new,lmd,C,major,0.961,kk,160.0,41 tempo events (120.0-160.0); bpm = median beat,4/4,1.0,bass pad keys lead
AMBIENT,,LU,Of Dreams and Shadows,new,lmd,C,major,0.865,kk,80.0,3 tempo events (63.0-80.0); bpm = median beat,4/4,1.0,bass chord pad keys guitar lead drums
AMBIENT,,Medwyn Goodall,Coral Islands,90s,lmd,C,minor,0.808,kk,60.0,single tempo,4/4,1.0,bass pad guitar lead arp fx drums
AMBIENT,,Moby,Hymn [LP Version],80s,lmd,C,mixolydian,0.73,kk,120.0,single tempo,4/4,1.0,pad lead arp seq
AMBIENT,,Moby,James Bond Theme (Moby's Re-Version) (Moby's Extended Dance Mix),90s,lmd,B,minor,0.787,kk,124.0,single tempo,4/4,1.0,bass chord pad keys guitar lead seq drums
AMBIENT,,Moby,Lift Me Up,new,lmd,B,minor,0.944,kk,121.0,single tempo,4/4 (none),1.0,bass pad guitar lead seq drums
AMBIENT,,Moby,Mobility,80s,lmd,C,mixolydian,0.795,kk,120.0,single tempo,4/4,1.0,bass pad lead drums
AMBIENT,,Moby,Sleep So Very Long,90s,lmd,G,major,0.97,kk,75.0,single tempo,4/4,1.0,bass chord pad keys guitar drums
AMBIENT,,Monoceros,NGC 2264,new,lmd,F,major,0.814,kk,64.0,single tempo,4/4,0.722,bass pad keys guitar lead seq drums
AMBIENT,,Morcheeba,Way Beyond (KCRW Session / Live at Kampo Studios_ NYC 26/7/02),new,lmd,G,major,0.932,kk,96.0,single tempo,4/4,1.0,bass guitar lead drums
AMBIENT,,Moya Brennan,The Wexford Carol,new,lmd,D,major,0.909,kk,115.0,single tempo,4/4,1.0,bass pad keys guitar lead fx drums
AMBIENT,,One Dove,White Love (Piano Reprise),80s,lmd,A,mixolydian,0.91,kk,118.0,single tempo,4/4,1.0,bass pad keys guitar lead fx
AMBIENT,,Paper Route,Enemy Among Us,new,lmd,E,minor,0.655,kk,136.0,23 tempo events (75.0-137.0); bpm = median beat,4/4,0.991,bass guitar lead drums
AMBIENT,,Portishead,Mourning Air,80s,lmd,C,minor,0.779,kk,133.0,single tempo,4/4,1.0,bass chord pad lead seq fx drums
AMBIENT,,Ryuichi Sakamoto,Aqua,?,lmd,G,major,0.959,kk,60.0,16 tempo events (30.0-60.0); bpm = median beat,4/4 (none),1.0,bass pad keys arp drums
AMBIENT,,Sigur Rós,Vaka (Live),new,lmd,Ab,major,0.972,kk,90.0,10 tempo events (75.0-90.0); bpm = median beat,1/4,0.853,bass keys lead seq
AMBIENT,,Soulsavers,Spiritual,new,lmd,C,major,0.912,kk,74.0,2 tempo events (64.0-74.0); bpm = median beat,4/4,1.0,bass pad keys guitar lead drums
AMBIENT,,Tangerine Dream,Dolphin Dance,80s,lmd,E,minor,0.751,kk,86.0,single tempo,4/4,1.0,bass pad keys guitar lead drums
AMBIENT,,The Cinematic Orchestra/London Metropolitan Orchestra,Soda,new,lmd,A,minor,0.773,bass-relative,181.0,single tempo,4/4,1.0,bass chord pad guitar lead drums
AMBIENT,,The Delta Mirror,It Was Dark And I Welcome The Calm,?,lmd,F,major,0.929,kk,95.2,22 tempo events (82.2-96.4); bpm = median beat,4/4,0.975,bass pad guitar lead seq drums
AMBIENT,,The Orb,Eastern Hot Dogs in Gardens of Dub,80s,lmd,Gb,major,0.942,kk,111.0,single tempo,4/4,1.0,bass pad keys guitar lead drums
AMBIENT,,Thomas Newman,What Happened?,new,lmd,A,major,0.78,kk,120.0,single tempo,4/4,1.0,bass keys lead
AMBIENT,,Vangelis,La Mort Du Loup,80s,lmd,C,major,0.919,kk,120.0,single tempo,4/4 (none),1.0,bass pad lead drums
AMBIENT,,william orbit,,?,lamd,Eb,dorian,0.708,kk,135.0,10 tempo events (126.0-135.0); bpm = median beat,4/4,1.0,bass pad guitar lead arp seq drums
AMBIENT,,william orbit,,?,lamd,Gb,minor,0.746,kk,102.0,2 tempo events (102.0-120.0); bpm = median beat,4/4,1.0,bass pad keys guitar lead arp seq drums
AMBIENT,,William Orbit,Piece In The Old Style I,80s,lmd,Eb,major,0.858,kk,132.0,single tempo,4/4,1.0,bass chord pad keys lead drums
AMBIENT,,William Orbit,Where Do You Go,new,lmd,F,mixolydian,0.757,kk,60.0,11 tempo events (45.0-60.0); bpm = median beat,4/4,0.974,bass pad keys guitar lead arp drums
AMBIENT,,Yanni,End Of August,80s,lmd,Db,major,0.912,kk,73.0,3 tempo events (68.0-73.0); bpm = median beat,4/4,1.0,bass pad keys guitar drums
AMBIENT,,Yanni,One Man's Dream,80s,lmd,G,phrygian,0.743,kk,100.0,91 tempo events (38.0-101.0); bpm = median beat,4/4,1.0,pad keys lead
AMBIENT,,Yanni,Point Of Origin,80s,lmd,Bb,mixolydian,0.869,kk,60.0,2 tempo events (58.0-60.0); bpm = median beat,4/4,1.0,bass pad guitar lead arp seq drums
AMBIENT,,Ólafur Arnalds,0040,new,lmd,D,minor,0.876,kk,92.0,14 tempo events (54.0-140.0); bpm = median beat,4/4,0.988,bass pad keys lead drums
AMBIENT,,Ólafur Arnalds,Þau hafa sloppið undan þunga myrkursins,new,lmd,E,major,0.958,kk,87.0,single tempo,4/4 (none),1.0,bass chord pad keys guitar lead drums
BREAKS,,bomfunk mc s,,?,lamd,Gb,mixolydian,0.775,kk,134.0,2 tempo events (100.0-134.0); bpm = median beat,4/4,1.0,bass chord lead drums
BREAKS,,bomfunk mc s,,?,lamd,E,mixolydian,0.879,kk,82.0,single tempo,4/4,1.0,pad guitar arp drums
BREAKS,,bomfunk mc s,,?,lamd,E,minor,0.8,kk,82.0,single tempo,4/4,1.0,bass chord pad guitar arp drums
BREAKS,,Bomfunk MC's,Freestyler,90s,lmd,D,mixolydian,0.684,kk,173.0,single tempo,4/4,1.0,bass pad keys guitar lead seq drums
BREAKS,,BT feat. Erire,Suddenly,new,lmd,Gb,major,0.925,kk,127.0,single tempo,4/4,1.0,bass chord pad lead drums
BREAKS,,chemical brothers,,?,lamd,C,dorian,0.798,kk,135.0,single tempo,4/4,1.0,bass pad keys guitar drums
BREAKS,,Chemical Brothers,hey boy hey girl,?,freemidi,D,major,0.704,kk,120.0,single tempo,4/4,1.0,chord arp seq drums
BREAKS,,Chemical Brothers,loops of furry,?,freemidi,B,phrygian,0.64,kk,111.6,single tempo,4/4,1.0,bass guitar seq drums
BREAKS,,Chemical Brothers,setting sun,?,freemidi,C,dorian,0.798,kk,135.0,single tempo,4/4,1.0,bass pad keys guitar drums
BREAKS,,Derek Howell,Happy To Be Sad,new,lmd,D,minor,0.852,bass-relative,120.0,2 tempo events (104.0-120.0); bpm = median beat,4/4,1.0,bass keys lead drums
BREAKS,,fatboy slim,,?,lamd,Ab,minor,0.728,kk,100.0,2 tempo events (100.0-120.0); bpm = median beat,4/4,0.99,bass chord pad keys arp seq drums
BREAKS,,Fatboy Slim,praise you,?,freemidi,Ab,mixolydian,0.92,kk,108.5,40 tempo events (70.5-108.5); bpm = median beat,4/4,1.0,bass chord keys guitar lead seq drums
BREAKS,,Fatboy Slim,right here right now,?,freemidi,Bb,dorian,0.736,kk,125.0,single tempo,4/4,1.0,bass pad keys guitar lead drums
BREAKS,,Hybrid,Fall Out Of Love,?,lmd,F,minor,0.855,kk,135.0,single tempo,4/4,1.0,bass pad guitar lead drums
BREAKS,,Leftfield,Inspection (Check One),80s,lmd,F,minor,0.899,kk,111.0,single tempo,4/4 (none),1.0,bass chord pad lead arp drums
BREAKS,,Midfield General,Love Thy Self,new,lmd,Db,minor,0.691,kk,130.0,single tempo,4/4 (none),1.0,bass seq drums
BREAKS,,Nadia (W),A chillar a otra parte (Karaoke),?,lmd,E,major,0.919,kk,81.0,single tempo,4/4,1.0,bass pad keys guitar arp drums
BREAKS,,Paul Blackford,Latitude,?,lmd,D,minor,0.906,kk,120.0,3 tempo events (120.0-125.0); bpm = median beat,4/4,1.0,bass pad keys guitar drums
BREAKS,,Plump DJs,Blackjack,new,lmd,F,major,0.872,kk,104.0,single tempo,4/4,0.893,bass chord pad lead arp seq fx drums
BREAKS,,Plump DJs,Get Kinky,new,lmd,Gb,minor,0.789,kk,120.0,single tempo,4/4,1.0,bass chord fx drums
BREAKS,,Plump DJs,Torque of The Devil,new,lmd,Eb,major,0.729,kk,139.0,single tempo,4/4,1.0,bass lead
BREAKS,,Prodigy,action radar,?,freemidi,Db,phrygian,0.469,kk,147.0,single tempo,4/4,1.0,bass pad guitar drums
BREAKS,,Prodigy,babys got a temper,?,freemidi,Gb,minor,0.708,kk,107.0,single tempo,4/4,1.0,bass keys guitar lead drums
BREAKS,,Prodigy,breathe,?,freemidi,Eb,minor,0.781,kk,130.0,31 tempo events (100.0-130.0); bpm = median beat,4/4,1.0,bass pad keys guitar drums
BREAKS,,Prodigy,charly,?,freemidi,Ab,major,0.785,kk,145.0,single tempo,4/4,1.0,bass lead arp drums
BREAKS,,Prodigy,climbatized,?,freemidi,F,minor,0.855,kk,129.0,single tempo,4/4,1.0,bass chord pad keys seq drums
BREAKS,,Prodigy,cowboy from hell,?,freemidi,E,minor,0.779,kk,116.0,single tempo,4/4,1.0,bass guitar lead seq drums
BREAKS,,Prodigy,girls,?,freemidi,Ab,phrygian,0.757,kk,125.0,48 tempo events (34.0-125.0); bpm = median beat,4/4,1.0,bass lead fx drums
BREAKS,,Prodigy,hotride,?,freemidi,E,phrygian,0.869,kk,153.0,single tempo,4/4,1.0,bass guitar lead drums
BREAKS,,propellerheads,,?,lamd,B,phrygian,0.844,kk,100.0,single tempo,4/4,1.0,bass guitar lead drums
BREAKS,,Propellerheads,spybreak matrix,?,freemidi,Gb,phrygian,0.628,kk,120.0,single tempo,4/4,1.0,bass guitar drums
BREAKS,,Slyde,Vibrate To This (Trouble Soup Remix),?,lmd,C,major,0.872,kk,192.0,2 tempo events (192.0-224.0); bpm = median beat,4/4,1.0,bass guitar lead drums
BREAKS,,Soul Of Man,Dirty Waltzer,new,lmd,B,major,0.656,kk,140.0,single tempo,4/4 (none),1.0,bass lead drums
BREAKS,,Splitloop,Soul Roll,new,lmd,Eb,mixolydian,0.764,kk,120.0,single tempo,4/4,1.0,bass keys guitar lead fx drums
BREAKS,,stanton warriors,Night Mover,new,lmd,C,major,0.776,kk,133.0,single tempo,4/4 (none),1.0,bass chord lead drums
BREAKS,,Starecase,Vapour Trails,90s,lmd,G,major,0.859,kk,115.0,single tempo,4/4,1.0,bass seq drums
BREAKS,,Stoneface & Terminal,St Francis Foley,new,lmd,G,minor,0.858,kk,134.0,single tempo,4/4,1.0,bass chord pad lead drums
BREAKS,,The Chemical Brothers,Leave Home (2003 Digital Remaster),new,lmd,B,minor,0.88,kk,84.0,single tempo,4/4 (none),1.0,bass pad keys guitar seq drums
BREAKS,,The Chemical Brothers And Spank Rock,Keeping My Composure,?,lmd,D,mixolydian,0.735,kk,123.0,3 tempo events (80.0-123.0); bpm = median beat,4/4,1.0,keys lead drums
BREAKS,,The Crystal Method,Keep Hope Alive,80s,lmd,G,minor,0.881,kk,120.0,single tempo,4/4,1.0,bass pad keys guitar lead drums
BREAKS,,the prodigy,,?,lamd,Eb,minor,0.766,kk,130.0,31 tempo events (100.0-130.0); bpm = median beat,4/4,1.0,bass pad keys guitar seq drums
BREAKS,,the prodigy,,?,lamd,C,minor,0.664,kk,105.0,single tempo,4/4 (none),1.0,keys lead drums
BREAKS,,the prodigy,,?,lamd,Gb,mixolydian,0.855,kk,138.0,single tempo,4/4,1.0,bass pad keys lead drums
BREAKS,,the prodigy,,?,lamd,Bb,minor,0.733,kk,136.0,single tempo,4/4,1.0,bass chord guitar lead seq drums
BREAKS,,the prodigy,,?,lamd,Gb,minor,0.656,kk,153.1,6 tempo events (100.0-153.5); bpm = median beat,4/4,0.996,bass pad lead seq drums
BREAKS,,the prodigy,,?,lamd,Bb,minor,0.733,kk,136.0,2 tempo events (136.0-136.0); bpm = median beat,4/4,1.0,bass chord guitar lead seq drums
BREAKS,,The Prodigy,No Good (Start The Dance),80s,lmd,C,minor,0.859,kk,144.0,single tempo,4/4,1.0,bass chord pad lead drums
BREAKS,,Touch & Go,Would You...?,90s,lmd,F,minor,0.846,kk,170.0,single tempo,4/4,1.0,bass keys lead seq drums
BREAKS,,utah saints,,?,lamd,Ab,dorian,0.751,kk,127.3,single tempo,4/4,1.0,bass keys lead drums
BREAKS,,Utah Saints,Something Good '08,new,lmd,Gb,major,0.759,kk,128.0,single tempo,4/4 (none),1.0,pad lead
BREAKS,,Vanilla Ice,Ice Ice Baby (Radio Edit),80s,lmd,D,major,0.72,kk,116.0,2 tempo events (116.0-200.0); bpm = median beat,4/4,1.0,bass keys lead seq drums
BREAKS,,Way Out West,The Gift,?,lmd,C,major,0.961,kk,128.0,single tempo,4/4,1.0,bass pad keys guitar lead drums
COUNTRY,,Aaron Tippin,If Only Your Eyes Could Lie,90s,lmd,F,major,0.97,kk,100.0,6 tempo events (70.0-100.0); bpm = median beat,4/4,0.948,bass pad keys lead seq fx drums
COUNTRY,,Alabama,Forty Hour Week (For A Livin'),80s,lmd,E,major,0.95,kk,160.0,4 tempo events (76.2-160.0); bpm = median beat,4/4,1.0,bass pad guitar lead drums
COUNTRY,,Alabama Duet wth K.T. Oslin,Face To Face,?,lmd,D,major,0.876,kk,118.0,single tempo,4/4,1.0,bass keys guitar lead drums
COUNTRY,,Alan Jackson duet with George Strait,Designated Drinker,?,lmd,D,major,0.898,kk,128.0,single tempo,4/4,1.0,bass chord keys guitar drums
COUNTRY,,Barbara Mandrell,Only A Lonely Heart Knows,new,lmd,G,major,0.95,kk,104.0,single tempo,4/4,1.0,bass keys drums
COUNTRY,,Bellamy Brothers,Let Your Love Flow,?,lmd,Eb,major,0.97,kk,110.0,single tempo,4/4,1.0,bass pad guitar lead drums
COUNTRY,,Big & Rich,Wild West Show,new,lmd,G,major,0.925,kk,104.0,single tempo,4/4,1.0,bass pad keys guitar lead drums
COUNTRY,,Billie Joe Royal,Let Your Love Flow,?,lmd,Eb,major,0.971,kk,110.0,single tempo,4/4,1.0,bass pad guitar lead drums
COUNTRY,,Billy Dean,If There Hadn't Been You,80s,lmd,E,major,0.967,kk,90.0,single tempo,4/4,1.0,bass pad keys guitar lead drums
COUNTRY,,Billy Joe Royal,It Keeps Right On Hurtin',80s,lmd,F,mixolydian,0.931,kk,116.0,single tempo,4/4 (none),1.0,bass pad keys guitar lead drums
COUNTRY,,Billy Ray Cyrus,I Will,new,lmd,Eb,major,0.911,kk,106.0,single tempo,4/4 (none),1.0,bass guitar lead drums
COUNTRY,,BlackHawk,Days Of America,new,lmd,G,major,0.924,kk,112.0,single tempo,4/4,1.0,bass guitar lead drums
COUNTRY,,BlackHawk,I Sure Can Smell The Rain,80s,lmd,E,mixolydian,0.944,kk,77.0,5 tempo events (65.0-77.0); bpm = median beat,4/4,1.0,bass pad keys guitar lead drums
COUNTRY,,BlackHawk,I Will,new,lmd,E,major,0.98,kk,109.0,single tempo,2/4,0.991,bass pad guitar lead drums
COUNTRY,,BlackHawk,I'll Always Love You,new,lmd,A,major,0.905,kk,116.0,single tempo,4/4,1.0,bass pad keys guitar lead arp drums
COUNTRY,,Bob Carlisle,Butterfly Kisses,90s,lmd,C,major,0.97,kk,84.0,26 tempo events (60.0-84.0); bpm = median beat,4/4,0.909,bass pad keys guitar lead drums
COUNTRY,,Brad Paisley,All I Wanted Was A Car,new,lmd,F,major,0.969,kk,123.0,single tempo,4/4,1.0,bass chord pad keys guitar drums
COUNTRY,,Brad Paisley,I'm Gonna Miss Her,new,lmd,Gb,major,0.991,kk,152.0,4 tempo events (122.0-152.0); bpm = median beat,4/4 (none),1.0,bass pad keys guitar lead drums
COUNTRY,,Brad Paisley,Then,new,lmd,C,major,0.898,kk,78.9,single tempo,4/4,1.0,bass chord pad keys guitar seq drums
COUNTRY,,Brad Paisley,With You_ Without You,new,lmd,C,major,0.956,kk,77.0,8 tempo events (65.0-77.0); bpm = median beat,4/4,1.0,bass pad keys guitar lead drums
COUNTRY,,Brad Paisley;Alison Krauss,Whiskey Lullaby,new,lmd,A,mixolydian,0.865,kk,70.0,single tempo,4/4,1.0,bass pad keys guitar fx drums
COUNTRY,,Buck Owens,Love's Gonna Live There (2006 Remastered LP Version),new,lmd,Ab,major,0.95,kk,187.0,single tempo,4/4,1.0,bass guitar drums
COUNTRY,,Cal Smith,It's Time To Pay The Fiddler,?,lmd,A,major,0.962,kk,79.0,single tempo,4/4,1.0,bass pad guitar arp drums
COUNTRY,,Charley Pride,Someone Loves You Honey,80s,lmd,F,major,0.919,kk,85.0,6 tempo events (76.0-85.0); bpm = median beat,4/4,1.0,bass guitar lead drums
COUNTRY,,Charlie McCoy,I Really Don't Want To Know,80s,lmd,Eb,major,0.871,kk,68.0,single tempo,4/4,1.0,bass keys guitar lead fx drums
COUNTRY,,Cledus T. Judd,Don't Mess With America,new,lmd,E,major,0.922,kk,144.9,single tempo,4/4,1.0,bass chord pad drums
COUNTRY,,Collin Raye,Somebody Else's Moon,80s,lmd,A,major,0.944,kk,128.0,4 tempo events (98.0-128.0); bpm = median beat,4/4,1.0,bass keys guitar lead drums
COUNTRY,,Cross Canadian Ragweed,Sick And Tired,new,lmd,G,major,0.868,kk,144.0,4 tempo events (100.0-144.0); bpm = median beat,4/4,1.0,bass pad keys guitar drums
COUNTRY,,Darryl Worley,Things I'll Never Do Again,new,lmd,D,major,0.974,kk,80.0,single tempo,4/4,1.0,bass pad keys guitar lead drums
COUNTRY,,Daryle Singletary,Some Broken Hearts Never Mend,?,lmd,A,major,0.963,kk,97.0,single tempo,4/4,1.0,bass pad guitar lead drums
COUNTRY,,David Allan Coe,What Made You ChangeYour Mind,80s,lmd,D,major,0.959,kk,93.0,single tempo,4/4,1.0,bass pad guitar lead drums
COUNTRY,,David Ball,Made in Japan,90s,lmd,Gb,major,0.886,kk,64.0,2 tempo events (64.0-100.0); bpm = median beat,4/4,1.0,bass pad keys guitar lead fx drums
COUNTRY,,Don Gibson,Oh Lonesome Me,80s,lmd,Bb,major,0.895,kk,110.0,single tempo,4/4,1.0,bass chord guitar lead arp drums
COUNTRY,,Donna Fargo,All The Way,80s,lmd,C,major,0.921,kk,173.0,single tempo,4/4,1.0,bass keys guitar lead drums
COUNTRY,,Donna Fargo,Seeing Is Believing,80s,lmd,A,major,0.89,kk,180.0,single tempo,4/4,1.0,bass chord pad guitar lead fx drums
COUNTRY,,Dottie West,Forever Yours,80s,lmd,C,major,0.967,kk,95.0,3 tempo events (95.0-250.0); bpm = median beat,4/4,1.0,bass keys guitar lead seq drums
COUNTRY,,Doug Stone,Fourteen Minutes Old,80s,lmd,Gb,major,0.853,kk,125.0,single tempo,4/4,1.0,bass keys guitar lead drums
COUNTRY,,Doug Supernaw,Mesquite Cowboy Mind,?,lmd,A,mixolydian,0.791,kk,144.0,single tempo,4/4,1.0,bass pad keys guitar lead drums
COUNTRY,,Eddie Rabbitt,Drivin' My Life Away,80s,lmd,E,mixolydian,0.92,kk,166.0,single tempo,4/4,1.0,bass keys guitar lead drums
COUNTRY,,Eddie Rabbitt,Hearts On Fire,80s,lmd,D,major,0.976,kk,110.0,single tempo,4/4,1.0,bass pad guitar lead drums
COUNTRY,,Eddie Rabbitt,I Can't Help Myself,80s,lmd,C,major,0.885,kk,98.0,4 tempo events (84.0-98.0); bpm = median beat,4/4,1.0,bass pad keys guitar lead drums
COUNTRY,,Eddie Rabbitt,It's Always Like The First Time,80s,lmd,G,major,0.901,kk,65.0,9 tempo events (30.0-65.0); bpm = median beat,4/4,1.0,bass pad keys guitar seq drums
COUNTRY,,Eddie Rabbitt,You Can't Run From Love,80s,lmd,G,major,0.899,kk,105.0,single tempo,4/4,1.0,bass keys guitar lead drums
COUNTRY,,Emilio,I Was There,?,lmd,G,mixolydian,0.942,kk,120.0,single tempo,4/4,1.0,bass pad keys guitar lead drums
COUNTRY,,Faith Hill,It Matters To Me (Remastered Album Version),new,lmd,E,major,0.858,kk,67.0,5 tempo events (62.0-67.0); bpm = median beat,4/4,1.0,bass keys guitar lead
COUNTRY,,Ganglians,Cryin' Smoke,new,lmd,G,major,0.903,kk,114.0,single tempo,4/4,1.0,bass guitar lead drums
COUNTRY,,Gary P. Nunn,Terlingua Sky,?,lmd,D,major,0.923,kk,85.0,single tempo,4/4,1.0,bass pad keys guitar lead drums
COUNTRY,,Gary P. Nunn,Why Don't You Meet Me Down In Corpus,?,lmd,D,major,0.884,kk,142.0,single tempo,4/4,1.0,bass guitar lead drums
COUNTRY,,Gene Watson,I Don't Know How To Tell Her (She Don't Love Me Anymore),?,lmd,C,major,0.84,kk,100.0,single tempo,4/4,1.0,bass keys guitar lead drums
COUNTRY,,George Strait,The Cowboy Rides Away,80s,lmd,G,major,0.988,kk,100.0,7 tempo events (75.0-100.0); bpm = median beat,4/4,1.0,bass pad keys guitar lead drums
COUNTRY,,Glen Campbell,By The Time I Get To Phoenix,80s,lmd,C,mixolydian,0.829,kk,95.0,2 tempo events (95.0-120.0); bpm = median beat,4/4,0.985,bass keys guitar lead drums
COUNTRY,,Hank Snow,I'm Movin' On,?,lmd,D,major,0.907,kk,194.0,single tempo,4/4,0.893,bass keys guitar lead drums
COUNTRY,,Hank Williams,Jambalaya,80s,lmd,C,major,0.984,kk,130.0,single tempo,4/4,1.0,bass keys guitar lead drums
COUNTRY,,Hank Williams Jr.,Tuesday's Gone (Remastered Album Version),?,lmd,A,major,0.892,kk,88.0,single tempo,4/4,1.0,bass pad guitar lead drums
COUNTRY,,HANK WILLIAMS_ JR.,If You Don't Like Hank Williams,80s,lmd,C,major,0.974,kk,125.0,7 tempo events (72.0-125.0); bpm = median beat,4/4,1.0,bass chord pad lead fx drums
COUNTRY,,James McMurtry,Out Here In the Middle,new,lmd,A,major,0.971,kk,74.0,single tempo,4/4,1.0,bass pad keys lead drums
COUNTRY,,Janie Fricke,Tell Me A Lie,90s,lmd,C,major,0.933,kk,73.0,single tempo,4/4,1.0,bass pad keys guitar lead seq fx drums
COUNTRY,,Jason & The Scorchers,Good Things Come To Those Who Wait,?,lmd,F,major,0.93,kk,120.0,single tempo,4/4,1.0,bass pad keys lead drums
COUNTRY,,Jason Michael Carroll,Angel Of Broken Hearts,new,lmd,Bb,major,0.855,kk,120.0,single tempo,4/4,1.0,bass guitar drums
COUNTRY,,Jean Shepard,Think I'll Go Somewhere And Cry Myself To Sleep,?,lmd,G,major,0.984,kk,84.0,single tempo,4/4,1.0,bass pad keys guitar lead fx drums
COUNTRY,,Jerry Jeff Walker,Mr. Bojangles,80s,lmd,D,major,0.893,kk,93.0,39 tempo events (57.0-93.0); bpm = median beat,4/4,0.92,bass chord pad keys guitar lead seq drums
COUNTRY,,Jimmie Dale Gilmore,Blue Moon Waltz,90s,lmd,G,major,0.979,kk,97.0,36 tempo events (38.0-104.0); bpm = median beat,4/4,1.0,bass pad keys lead drums
COUNTRY,,Joe Diffie,So Help Me Girl,80s,lmd,A,major,0.877,kk,86.0,single tempo,4/4,1.0,pad lead arp fx drums
COUNTRY,,Joe Nichols,Brokenheartsville,new,lmd,Bb,major,0.905,kk,120.0,single tempo,4/4,1.0,bass pad keys guitar lead drums
COUNTRY,,John Berry,Your Love Amazes Me,?,lmd,Bb,major,0.933,kk,72.0,single tempo,4/4,1.0,bass pad keys guitar drums
COUNTRY,,John Fogerty,Back Home Again,new,lmd,E,major,0.942,kk,119.1,7 tempo events (53.0-140.0); bpm = median beat,4/4,0.993,bass guitar lead drums
COUNTRY,,John Michael Montgomery,I Swear  (Remastered LP Version),80s,lmd,Db,major,0.952,kk,101.0,single tempo,4/4,1.0,bass pad keys guitar drums
COUNTRY,,Josh Turner,Backwoods Boy,?,lmd,G,major,0.878,kk,84.0,single tempo,4/4 (none),1.0,bass keys guitar lead drums
COUNTRY,,Joy Lynn White,Little Tears,80s,lmd,C,major,0.916,kk,141.0,single tempo,4/4,1.0,bass chord pad guitar lead arp fx drums
COUNTRY,,Joy Lynn White,True Confessions,80s,lmd,A,major,0.942,kk,125.0,single tempo,4/4,1.0,bass pad keys guitar lead drums
COUNTRY,,Juice Newton,Queen Of Hearts,80s,lmd,D,major,0.974,kk,146.0,single tempo,4/4,1.0,bass keys guitar lead drums
COUNTRY,,K.T. Oslin,80's Ladies,80s,lmd,C,mixolydian,0.925,kk,100.0,single tempo,4/4,1.0,bass chord pad keys guitar drums
COUNTRY,,K.T. Oslin,Come Next Monday,80s,lmd,A,major,0.938,kk,170.0,single tempo,4/4,1.0,bass keys lead arp drums
COUNTRY,,Kasey Chambers,Driving With The Brakes On,new,lmd,Gb,major,0.926,kk,67.0,80 tempo events (38.0-69.0); bpm = median beat,4/4,1.0,bass chord pad keys guitar lead drums
COUNTRY,,Kasey Chambers,Not Pretty Enough,new,lmd,B,major,0.927,kk,112.0,single tempo,4/4,1.0,bass pad guitar lead drums
COUNTRY,,Keith Whitley,I Wonder Where You Are Tonight,80s,lmd,E,major,0.978,kk,106.0,single tempo,4/4,1.0,bass keys guitar lead seq drums
COUNTRY,,Kellie Coffey,When You Lie Next To Me,new,lmd,F,major,0.814,kk,103.0,22 tempo events (57.0-103.0); bpm = median beat,4/4,1.0,bass guitar lead fx drums
COUNTRY,,Kellie Pickler,Girls Like Me,new,lmd,Gb,minor,0.786,kk,122.0,single tempo,4/4,1.0,bass chord pad keys guitar lead arp seq drums
COUNTRY,,Kenny Chesney,Me And You,80s,lmd,G,major,0.966,kk,72.0,single tempo,4/4,0.97,pad keys lead drums
COUNTRY,,Kenny Chesney,The Good Stuff,new,lmd,G,major,0.976,kk,71.7,3 tempo events (71.7-120.0); bpm = median beat,4/4,0.969,bass keys guitar arp drums
COUNTRY,,Kenny Chesney,The Tin Man (New Version),90s,lmd,E,major,0.94,kk,71.0,single tempo,4/4,1.0,bass pad keys guitar lead seq drums
COUNTRY,,Kenny Rogers,Desperado,80s,lmd,D,minor,0.925,kk,66.0,9 tempo events (45.0-66.0); bpm = median beat,2/4,0.923,bass keys drums
COUNTRY,,KRIS KRISTOFFERSON & RITA COOLIDGE,I'd Rather Be Sorry,80s,lmd,D,major,0.906,kk,96.0,single tempo,1/4,0.82,bass keys lead seq
COUNTRY,,Laura Cantrell,The Way It Is,new,lmd,E,major,0.92,kk,110.0,single tempo,4/4,1.0,bass pad keys guitar lead seq drums
COUNTRY,,Lee Roy Parnell,Saving Grace,new,lmd,C,mixolydian,0.911,kk,66.0,2 tempo events (54.0-66.0); bpm = median beat,4/4,0.92,bass chord pad keys guitar lead drums
COUNTRY,,Little Big Town,Stay,new,lmd,Bb,major,0.945,kk,73.0,2 tempo events (73.0-120.0); bpm = median beat,4/4,1.0,bass chord pad keys lead seq drums
COUNTRY,,LITTLE TEXAS,Kick A Little (Album Version),80s,lmd,E,major,0.892,kk,132.0,single tempo,5/4,0.985,bass pad keys guitar drums
COUNTRY,,Lonestar,Amazed,90s,lmd,Db,major,0.832,kk,72.0,single tempo,4/4,1.0,bass guitar lead seq drums
COUNTRY,,Lorrie Morgan,Five Minutes,80s,lmd,G,major,0.956,kk,123.0,6 tempo events (100.0-123.0); bpm = median beat,4/4,1.0,bass chord pad guitar lead drums
COUNTRY,,Lynn Anderson,Blue Bayou,80s,lmd,B,major,0.861,kk,94.0,single tempo,4/4,1.0,bass keys guitar drums
COUNTRY,,Mark Chesnutt,Heard It In A Love Song (LP Version),?,lmd,D,major,0.872,kk,155.0,single tempo,4/4,1.0,bass pad keys lead drums
COUNTRY,,Martina McBride,Satin Sheets,new,lmd,D,major,0.906,kk,106.0,3 tempo events (106.0-140.0); bpm = median beat,4/4,0.982,bass pad guitar lead drums
COUNTRY,,Meck ft. Dino,Feels Like Home,?,lmd,D,minor,0.973,kk,136.0,single tempo,4/4,1.0,bass pad keys lead arp seq drums
COUNTRY,,Mel Tillis,Coca Cola Cowboy (Ralph Emery's Country Legends Homecoming Vol 2 album version),?,lmd,E,minor,0.714,kk,124.0,single tempo,4/4,1.0,bass pad keys guitar lead drums
COUNTRY,,Merle Haggard,Daddy Frank,new,lmd,Eb,major,0.919,kk,98.0,single tempo,4/4 (none),1.0,bass chord pad keys lead drums
COUNTRY,,Merle Haggard,Mama Don't Let Your Babies Grow Up To Be Cowboys (Live),new,lmd,C,major,0.967,kk,108.0,single tempo,4/4,1.0,bass pad keys guitar lead drums
COUNTRY,,Mink DeVille,Love & Emotion,80s,lmd,A,major,0.944,kk,123.0,single tempo,4/4,1.0,bass pad guitar lead drums
COUNTRY,,Pam Tillis,Let That Pony Run,80s,lmd,C,major,0.873,kk,96.0,single tempo,4/4,1.0,bass chord pad guitar lead arp fx drums
COUNTRY,,Pat Green,Run,new,lmd,C,major,0.924,kk,77.0,single tempo,4/4,1.0,bass pad keys guitar seq fx drums
COUNTRY,,Phil Vassar,Like I Never Loved Before,new,lmd,A,major,0.972,kk,72.0,single tempo,4/4,1.0,bass keys guitar fx drums
COUNTRY,,Porter Wagoner & Dolly Parton,Say Forever You'll Be Mine,80s,lmd,Ab,major,0.959,kk,78.0,19 tempo events (60.0-78.0); bpm = median beat,4/4,1.0,bass keys guitar lead drums
COUNTRY,,Ray Price,Burning Memories,80s,lmd,F,major,0.962,kk,108.0,single tempo,4/4,1.0,bass pad keys guitar lead drums
COUNTRY,,Restless Heart,I'll Still Be Loving You,80s,lmd,Ab,major,0.636,bass-relative,90.0,single tempo,4/4,1.0,bass pad keys guitar lead drums
COUNTRY,,Restless Heart,Mending Fences,80s,lmd,G,minor,0.912,kk,96.0,single tempo,4/4,1.0,bass chord pad keys guitar lead arp drums
COUNTRY,,Restless Heart,That Rock Won't Roll,80s,lmd,A,major,0.947,kk,123.0,single tempo,4/4,1.0,bass pad keys guitar lead drums
COUNTRY,,Restless Heart,Wheels,80s,lmd,G,major,0.96,kk,142.0,single tempo,4/4,1.0,bass pad keys guitar lead arp drums
COUNTRY,,Restless Heart,You Can Depend On Me,80s,lmd,G,major,0.97,kk,105.0,single tempo,4/4,1.0,bass chord pad keys guitar lead drums
COUNTRY,,Ricky Van Shelton,Mansion Over The Hilltop,80s,lmd,C,major,0.98,kk,100.0,single tempo,4/4,1.0,bass pad keys guitar drums
COUNTRY,,Ricochet,Daddy'S Money,90s,lmd,D,major,0.824,kk,138.0,single tempo,4/4,1.0,bass chord keys guitar lead drums
COUNTRY,,Roger Creager,Rancho Grande,new,lmd,B,mixolydian,0.79,kk,116.5,1254 tempo events (116.0-118.0); bpm = median beat,4/4,1.0,bass chord guitar drums
COUNTRY,,Ronnie Milsap,It Was Almost Like A Song,80s,lmd,C,major,0.949,kk,78.0,single tempo,4/4 (none),1.0,bass pad keys guitar lead drums
COUNTRY,,Rosanne Cash,If You Change Your Mind,80s,lmd,D,major,0.961,kk,117.0,single tempo,4/4,1.0,bass keys guitar lead drums
COUNTRY,,Ryan Adams,Rip Off,new,lmd,Gb,mixolydian,0.888,kk,70.0,single tempo,4/4,1.0,bass pad guitar seq drums
COUNTRY,,Sammi Smith,Sunday Mornin' Comin' Down,80s,lmd,Ab,major,0.962,kk,77.0,5 tempo events (77.0-80.0); bpm = median beat,4/4,1.0,bass keys guitar lead arp drums
COUNTRY,,Shania Twain,Home Ain't Where His Heart Is (Anymore),80s,lmd,A,major,0.894,kk,60.0,single tempo,4/4,1.0,bass pad keys guitar lead drums
COUNTRY,,Shania Twain,Rock This Country!,90s,lmd,C,major,0.996,kk,126.0,2 tempo events (112.0-126.0); bpm = median beat,4/4,1.0,bass chord keys guitar lead drums
COUNTRY,,Shania Twain,When You Kiss Me,new,lmd,A,major,0.956,kk,66.0,single tempo,4/4,1.0,bass chord pad keys guitar lead drums
COUNTRY,,Shooter Jennings,Lonesome Blues,new,lmd,C,major,0.844,kk,120.0,single tempo,4/4,1.0,keys lead drums
COUNTRY,,Sonny James,Young Love,80s,lmd,C,major,0.857,kk,95.0,single tempo,4/4,1.0,bass pad keys guitar lead drums
COUNTRY,,Stonewall Jackson,Fraulein,80s,lmd,E,mixolydian,0.967,kk,128.0,single tempo,4/4,1.0,bass keys guitar lead drums
COUNTRY,,Sugarland,April Showers,new,lmd,C,major,0.957,kk,89.0,single tempo,4/4 (none),1.0,bass pad guitar lead drums
COUNTRY,,Sugarland,Maybe Baby (New Year's Day),new,lmd,G,mixolydian,0.915,kk,120.0,single tempo,4/4,1.0,bass chord guitar lead drums
COUNTRY,,Suzy Bogguss,Letting Go,80s,lmd,Bb,major,0.837,kk,70.0,single tempo,4/4,1.0,bass chord pad keys guitar lead arp seq drums
COUNTRY,,Suzy Bogguss,Saying Goodbye To A Friend,80s,lmd,Ab,major,0.88,kk,108.0,single tempo,4/4 (none),1.0,bass chord pad keys lead
COUNTRY,,Suzy Bogguss,Someday Soon,80s,lmd,G,major,0.913,kk,105.0,42 tempo events (64.0-107.0); bpm = median beat,4/4,1.0,bass pad keys drums
COUNTRY,,Taylor Swift,Fearless,new,lmd,F,mixolydian,0.896,kk,100.0,single tempo,4/4 (none),1.0,bass pad guitar lead fx drums
COUNTRY,,Taylor Swift,Forever & Always,new,lmd,F,major,0.833,kk,80.0,single tempo,4/4,1.0,bass keys guitar lead drums
COUNTRY,,Taylor Swift,Love Story,new,lmd,D,major,0.881,kk,117.0,single tempo,4/4,1.0,bass guitar lead arp drums
COUNTRY,,Taylor Swift,You're Not Sorry,new,lmd,Gb,major,0.864,kk,137.0,single tempo,4/4,1.0,bass pad guitar lead seq drums
COUNTRY,,The Derailers,Together Again,?,lmd,C,major,0.976,kk,72.0,6 tempo events (54.0-200.0); bpm = median beat,4/4,1.0,bass pad guitar lead
COUNTRY,,The Everly Brothers,Release Me,80s,lmd,G,major,0.982,kk,111.0,single tempo,4/4,1.0,bass pad keys guitar lead seq drums
COUNTRY,,The John Evans Band,Folsom Prison Blues,?,lmd,E,major,0.957,kk,115.0,single tempo,4/4,1.0,bass keys guitar lead drums
COUNTRY,,The Mavericks,Here Comes The Rain,80s,lmd,D,major,0.946,kk,115.0,single tempo,4/4,1.0,bass keys guitar lead drums
COUNTRY,,The Mavericks / Raul Malo / Trisha Yearwood,Something Stupid,90s,lmd,G,major,0.883,kk,106.0,6 tempo events (83.6-106.2); bpm = median beat,4/4,1.0,bass chord pad keys guitar lead drums
COUNTRY,,The Statler Brothers,White Christmas,80s,lmd,C,major,0.865,kk,96.0,single tempo,4/4,1.0,bass pad keys lead drums
COUNTRY,,Toby Keith,He Ain't Worth Missing,80s,lmd,G,major,0.941,kk,110.0,single tempo,4/4,1.0,bass pad guitar drums
COUNTRY,,Tracy Byrd,The Keeper Of The Stars,90s,lmd,D,major,0.849,kk,81.0,single tempo,4/4,1.0,bass pad keys lead drums
COUNTRY,,Tracy Byrd,Tryin' Not To Love You,90s,lmd,G,dorian,0.775,kk,86.0,single tempo,4/4 (none),1.0,bass keys guitar lead drums
COUNTRY,,Tracy Byrd,Watermelon Crawl,80s,lmd,G,major,0.951,kk,134.0,single tempo,4/4,1.0,bass pad keys guitar seq drums
COUNTRY,,Tracy Lawrence,Her Old Stompin' Ground  (LP Version),80s,lmd,G,major,0.989,kk,66.0,23 tempo events (33.0-66.0); bpm = median beat,4/4,1.0,bass keys guitar drums
COUNTRY,,Travis Tritt,Circus Leaving Town,new,lmd,C,major,0.892,kk,80.0,single tempo,4/4,1.0,bass pad guitar lead drums
COUNTRY,,Trisha Yearwood,O Mexico,80s,lmd,Eb,major,0.806,kk,64.0,single tempo,4/4,1.0,bass chord pad keys lead drums
COUNTRY,,Wade Hayes,She's Actin' Single (I'm Drinkin' Doubles),90s,lmd,E,mixolydian,0.874,kk,106.0,5 tempo events (77.0-106.0); bpm = median beat,4/4,1.0,bass chord pad guitar lead fx drums
COUNTRY,,Waylon Jennings,Drinkin' And Dreamin',80s,lmd,D,major,0.938,kk,114.0,single tempo,4/4,1.0,bass pad keys guitar lead drums
COUNTRY,,Whiskeytown,Don't Wanna Know Why,new,lmd,C,mixolydian,0.854,kk,121.9,2 tempo events (120.0-121.9); bpm = median beat,4/4,0.989,bass chord pad guitar lead drums
COUNTRY,,Will Hoge,What Could I Do,new,lmd,F,major,0.862,bass-relative,67.0,single tempo,4/4,1.0,bass pad keys guitar lead arp seq drums
COUNTRY,,Willie Nelson,A Moment Isn't Very Long,80s,lmd,D,major,0.898,kk,115.0,single tempo,4/4,1.0,bass pad keys guitar lead drums
COUNTRY,,Willie Nelson,Angel Flying Too Close To The Ground,80s,lmd,A,major,0.958,kk,72.0,21 tempo events (52.0-72.0); bpm = median beat,4/4,1.0,bass pad keys guitar lead drums
COUNTRY,,Willie Nelson,Forgiven You Was Easy,80s,lmd,D,major,0.979,kk,169.0,single tempo,4/4,1.0,bass chord keys guitar drums
COUNTRY,,Willie Nelson,Help Me Make It Through The Night,80s,lmd,C,major,0.969,kk,75.0,2 tempo events (75.0-120.0); bpm = median beat,4/4,0.99,bass pad keys guitar lead drums
COUNTRY,BLUEGRASS,Alan Jackson,Every Now And Then,new,lmd,A,major,0.841,kk,67.0,4 tempo events (62.0-67.0); bpm = median beat,4/4,1.0,bass chord pad keys guitar lead drums
COUNTRY,BLUEGRASS,Alison Krauss,Molly Bán (Bawn),80s,lmd,F,major,0.844,kk,85.0,single tempo,4/4,1.0,bass pad keys lead drums
COUNTRY,BLUEGRASS,Alison Krauss,Tonight I'll Be Lonely Too,80s,lmd,Bb,major,0.931,kk,64.0,18 tempo events (55.0-64.0); bpm = median beat,4/4,1.0,bass pad keys guitar lead drums
COUNTRY,BLUEGRASS,Alison Krauss,When You Say Nothing At All,80s,lmd,Eb,major,0.838,kk,75.0,2 tempo events (60.0-75.0); bpm = median beat,4/4,0.948,bass keys guitar lead drums
COUNTRY,BLUEGRASS,Alison Krauss / Union Station,A Tribute to Peador O'Donnell/Monkey Let The Hogs Out,80s,lmd,A,minor,0.797,kk,77.0,57 tempo events (65.0-120.0); bpm = median beat,4/4,0.989,bass pad guitar drums
COUNTRY,BLUEGRASS,Blue Highway,Union Man,new,lmd,G,dorian,0.775,kk,117.0,2 tempo events (90.0-117.0); bpm = median beat,4/4,1.0,bass keys guitar lead drums
COUNTRY,BLUEGRASS,Brooks & Dunn,Don't Look Back Now,90s,lmd,B,major,0.856,kk,90.0,15 tempo events (86.0-91.0); bpm = median beat,4/4,1.0,bass pad keys guitar seq drums
COUNTRY,BLUEGRASS,Brother Phelps,What Goes Around (LP Version),?,lmd,D,mixolydian,0.723,kk,77.0,5 tempo events (71.0-77.0); bpm = median beat,4/4,1.0,bass pad keys guitar lead seq drums
COUNTRY,BLUEGRASS,Claire Lynch,That's What Makes You Strong,80s,lmd,D,major,0.756,kk,100.0,single tempo,4/4,1.0,bass chord pad keys guitar lead fx drums
COUNTRY,BLUEGRASS,Claire Lynch,Thibodaux,80s,lmd,D,major,0.958,kk,93.0,single tempo,4/4,1.0,bass chord keys guitar lead arp drums
COUNTRY,BLUEGRASS,Country Gentlemen,For The First Time,80s,lmd,C,major,0.926,kk,125.0,single tempo,4/4,1.0,bass keys guitar drums
COUNTRY,BLUEGRASS,Del McCoury Band,When I'm 64,?,lmd,Db,major,0.855,kk,140.0,single tempo,4/4,1.0,bass chord pad keys lead seq drums
COUNTRY,BLUEGRASS,Diamond Rio,Lyin' Eyes,80s,lmd,G,major,0.953,kk,124.0,single tempo,4/4,1.0,bass keys guitar lead drums
COUNTRY,BLUEGRASS,Dixie Chicks,Cold Day In July,90s,lmd,G,major,0.937,kk,70.0,single tempo,4/4,1.0,bass pad keys guitar arp fx drums
COUNTRY,BLUEGRASS,Dixie Chicks,Loving Arms,90s,lmd,E,major,0.877,kk,68.0,3 tempo events (66.0-70.0); bpm = median beat,4/4,1.0,bass pad keys guitar lead drums
COUNTRY,BLUEGRASS,Dixie Chicks,Not Ready To Make Nice,new,lmd,B,major,0.725,kk,84.0,single tempo,4/4,1.0,bass pad guitar lead drums
COUNTRY,BLUEGRASS,Dixie Chicks,There's Your Trouble,90s,lmd,D,major,0.956,kk,126.0,single tempo,4/4,1.0,bass chord keys guitar lead drums
COUNTRY,BLUEGRASS,Dolly Parton,9 to 5,80s,lmd,Gb,mixolydian,0.878,kk,128.0,single tempo,4/4,1.0,bass chord pad keys guitar lead drums
COUNTRY,BLUEGRASS,Dolly Parton,Here You Come Again,80s,lmd,B,minor,0.785,kk,115.0,single tempo,4/4 (none),1.0,bass pad keys lead drums
COUNTRY,BLUEGRASS,Dolly Parton,Highlight Of My Life,80s,lmd,E,major,0.884,kk,70.0,21 tempo events (55.0-120.0); bpm = median beat,4/4,1.0,bass pad keys guitar lead drums
COUNTRY,BLUEGRASS,Dolly Parton,I Still Lost You,90s,lmd,D,mixolydian,0.857,kk,67.0,single tempo,4/4,1.0,bass chord pad guitar lead drums
COUNTRY,BLUEGRASS,Doyle Dykes,Girl,?,lmd,A,minor,0.765,kk,98.0,single tempo,4/4,1.0,bass chord guitar lead drums
COUNTRY,BLUEGRASS,Grandpa Jones,Falling Leaves,80s,lmd,A,major,0.919,kk,126.0,8 tempo events (60.0-126.0); bpm = median beat,4/4 (none),1.0,bass pad guitar lead drums
COUNTRY,BLUEGRASS,Jami Smith,To Speak Your Name,90s,lmd,G,mixolydian,0.854,kk,70.0,5 tempo events (30.0-70.0); bpm = median beat,4/4 (none),1.0,bass pad keys guitar lead drums
COUNTRY,BLUEGRASS,Jeff & Sheri Easter,Heart That Will Never Break Again,?,lmd,Bb,major,0.907,kk,120.0,single tempo,4/4,1.0,bass pad guitar lead drums
COUNTRY,BLUEGRASS,Jeff And Sheri Easter,She Loved (High Key Performance Track Without Background Vocals),?,lmd,G,major,0.895,kk,72.0,5 tempo events (55.0-72.0); bpm = median beat,4/4,1.0,bass pad keys guitar lead fx drums
COUNTRY,BLUEGRASS,Joe Walsh,(Day Dream) Prayer,80s,lmd,D,mixolydian,0.877,kk,103.0,2 tempo events (98.0-103.0); bpm = median beat,4/4,1.0,bass pad keys guitar lead drums
COUNTRY,BLUEGRASS,Klaus Hallen Tanzorchester,I Can Hear Music,new,lmd,D,major,0.965,kk,127.7,single tempo,4/4,1.0,bass pad keys guitar lead drums
COUNTRY,BLUEGRASS,Lila Mccann,Something In The Air (LP Version),90s,lmd,F,major,0.893,kk,98.0,2 tempo events (35.0-98.0); bpm = median beat,4/4,1.0,bass guitar drums
COUNTRY,BLUEGRASS,Livewire,YouShookMeAllNightLong,?,lmd,G,major,0.85,kk,127.0,single tempo,4/4,1.0,bass guitar seq drums
COUNTRY,BLUEGRASS,Mac Wiseman (With Special Guests Lester Flatt & Chubby Wise),Sweet Heart You Done Me Wrong,?,lmd,A,major,0.949,kk,80.0,single tempo,4/4,1.0,bass lead arp drums
COUNTRY,BLUEGRASS,Maura O'connell,Didn'T I,new,lmd,G,minor,0.825,bass-relative,69.0,single tempo,4/4,0.985,bass pad keys guitar lead drums
COUNTRY,BLUEGRASS,Nitty Gritty Dirt Band,Home Again In My Heart,80s,lmd,A,major,0.798,kk,118.0,single tempo,4/4,1.0,bass chord pad keys guitar lead drums
COUNTRY,BLUEGRASS,Rank Strangers,Smash It!,?,lmd,C,mixolydian,0.814,kk,128.0,single tempo,4/4,1.0,bass guitar lead fx drums
COUNTRY,BLUEGRASS,Rhonda Vincent,I Do My Cryin' At Night (2006 Remastered LP Version),new,lmd,E,major,0.971,kk,80.0,single tempo,4/4,1.0,bass chord keys guitar lead seq drums
COUNTRY,BLUEGRASS,Ricky Skaggs,You Make Me Feel Like A Man,90s,lmd,F,major,0.949,kk,95.0,2 tempo events (80.0-95.0); bpm = median beat,4/4,1.0,bass pad keys guitar lead drums
COUNTRY,BLUEGRASS,Scott Miller & The Commonwealth,Arianne,?,lmd,C,major,0.888,kk,76.0,26 tempo events (55.0-76.0); bpm = median beat,4/4,1.0,bass chord pad keys guitar lead drums
COUNTRY,BLUEGRASS,Terra Naomi,Never Quite Discussed,new,lmd,E,minor,0.724,kk,72.0,single tempo,4/4,1.0,bass keys guitar drums
COUNTRY,BLUEGRASS,The Charlie Daniels Band,The Devil Went Down To Georgia,80s,lmd,D,minor,0.837,kk,130.0,single tempo,4/4,1.0,bass chord keys guitar drums
COUNTRY,BLUEGRASS,The Grassmasters,Dr. Robert,?,lmd,A,mixolydian,0.653,bass-relative,160.0,single tempo,4/4,1.0,bass keys guitar lead drums
COUNTRY,BLUEGRASS,The Grassmasters,I'm Looking Through You,?,lmd,G,major,0.956,kk,90.0,single tempo,4/4,1.0,bass keys guitar lead drums
COUNTRY,BLUEGRASS,The Grassmasters,Things We Said Today,?,lmd,A,minor,0.914,kk,138.0,2 tempo events (120.0-138.0); bpm = median beat,4/4,0.99,bass keys guitar lead drums
COUNTRY,BLUEGRASS,The Louvin Brothers,Kneel At The Cross,80s,lmd,G,major,0.965,kk,170.0,single tempo,4/4,1.0,bass pad keys guitar lead drums
COUNTRY,BLUEGRASS,The Notting Hillbillies,Feel Like Going Home,80s,lmd,G,major,0.925,kk,90.0,5 tempo events (60.0-90.0); bpm = median beat,4/4 (none),1.0,bass pad keys lead drums
COUNTRY,BLUEGRASS,The Seldom Scene,From This Moment On,new,lmd,C,major,0.938,kk,100.0,single tempo,4/4,1.0,bass keys guitar lead drums
COUNTRY,BLUEGRASS,Vern Gosdin,There Ain't Nothing Wrong (Just Ain't   Nothing Right),80s,lmd,D,mixolydian,0.95,kk,128.0,16 tempo events (118.0-144.0); bpm = median beat,4/4,1.0,bass pad keys guitar lead drums
COUNTRY,BLUEGRASS,Vince Gill,I Never Really Knew You,80s,lmd,G,major,0.875,kk,98.0,single tempo,4/4,1.0,bass chord keys guitar lead drums
COUNTRY,BLUEGRASS,Vince Gill,She Don't Know,80s,lmd,A,major,0.982,kk,135.0,single tempo,4/4,1.0,bass pad guitar drums
COUNTRY,BLUEGRASS,Vince Gill,With You,80s,lmd,C,major,0.872,kk,100.0,single tempo,4/4,1.0,bass keys lead drums
COUNTRY,BLUEGRASS,Vince Gill,Young Man's Town,80s,lmd,E,major,0.926,kk,100.0,single tempo,4/4,1.0,bass keys guitar lead drums
COUNTRY,BLUEGRASS,Yo-Yo Ma,Andante and Allegro from Tango Suite/Allegro,80s,lmd,B,minor,0.698,kk,155.0,56 tempo events (137.0-155.0); bpm = median beat,4/4,0.991,guitar
COUNTRY,BLUEGRASS,Yo-Yo Ma;Isaac Stern;Cho-Liang Lin;Jaime Laredo,Quintet No. 5 in E Major for Two Violins_ Viola and Two Violoncellos_ Op.13/III. Minuetto (con un poco di moto) - Trio,?,lmd,A,major,0.968,kk,90.0,62 tempo events (70.0-104.0); bpm = median beat,4/4 (none),1.0,chord pad keys lead
COUNTRY,BLUEGRASS,Yonder Mountain String Band,Midwest Gospel Radio,new,lmd,C,major,0.982,kk,70.0,single tempo,4/4,1.0,bass chord pad keys arp drums
COUNTRY,BLUEGRASS,Yonder Mountain String Band,Untitled,new,lmd,D,major,0.84,kk,109.0,single tempo,4/4,1.0,bass pad guitar
COUNTRY,FOLK,Air Supply,The Power Of Love (You Are My Lady),new,lmd,Ab,major,0.962,kk,71.0,single tempo,4/4,1.0,bass pad guitar lead seq drums
COUNTRY,FOLK,Alela Diane,Can You Blame The Sky?,new,lmd,E,phrygian,0.756,kk,90.0,single tempo,4/4,1.0,bass guitar lead drums
COUNTRY,FOLK,Arlo Guthrie,City of New Orleans,80s,lmd,G,major,0.911,kk,154.0,single tempo,4/4,1.0,bass pad keys guitar lead drums
COUNTRY,FOLK,Art Garfunkel,Bright Eyes,80s,lmd,G,major,0.943,kk,111.0,single tempo,4/4,1.0,bass pad lead arp seq drums
COUNTRY,FOLK,Ballboy,Unlisted,new,lmd,E,dorian,0.754,kk,115.0,single tempo,4/4,1.0,bass chord pad guitar lead seq drums
COUNTRY,FOLK,Bob Dylan,I'll Be Your Baby Tonight,80s,lmd,F,major,0.911,kk,130.0,2 tempo events (30.0-130.0); bpm = median beat,4/4,1.0,bass guitar lead drums
COUNTRY,FOLK,Cat Stevens,Miles From Nowhere,80s,lmd,D,mixolydian,0.923,kk,145.0,30 tempo events (101.0-164.0); bpm = median beat,4/4 (none),1.0,bass pad keys guitar lead drums
COUNTRY,FOLK,Cat Stevens,Oh Very Young,80s,lmd,A,major,0.959,kk,120.0,32 tempo events (31.0-120.0); bpm = median beat,4/4,0.959,pad guitar lead drums
COUNTRY,FOLK,Cat Stevens,Sitting,80s,lmd,A,minor,0.966,kk,120.0,single tempo,4/4,1.0,bass keys drums
COUNTRY,FOLK,Cat Stevens,Wild World,80s,lmd,C,major,0.813,kk,80.0,single tempo,4/4,0.965,bass pad guitar lead seq drums
COUNTRY,FOLK,Catherine Feeny,The Shape You're In,new,lmd,E,minor,0.869,kk,124.0,single tempo,4/4,1.0,bass pad keys guitar lead seq drums
COUNTRY,FOLK,Celtas Cortos,Correcaminos,80s,lmd,G,major,0.782,kk,137.0,3 tempo events (125.0-137.0); bpm = median beat,4/4,0.987,bass chord pad keys lead drums
COUNTRY,FOLK,Celtic Woman,Last Rose Of Summer/Walking In The Air,new,lmd,D,minor,0.926,kk,110.0,single tempo,4/4,1.0,bass chord pad keys guitar lead arp drums
COUNTRY,FOLK,Childsplay,Dante's Prayer,?,lmd,C,major,0.896,kk,120.0,single tempo,4/4,1.0,keys lead
COUNTRY,FOLK,Christy Moore,Rory Is Gone,90s,lmd,C,major,0.876,kk,100.0,single tempo,4/4,1.0,bass keys guitar lead fx drums
COUNTRY,FOLK,Clannad,Coinleach Glas an Fhomhair,80s,lmd,A,mixolydian,0.767,kk,77.0,single tempo,4/4,1.0,bass pad guitar lead seq drums
COUNTRY,FOLK,Dan Fogelberg,Leader Of The Band,80s,lmd,Ab,major,0.936,kk,135.0,2 tempo events (120.0-135.0); bpm = median beat,6/4,0.98,guitar lead
COUNTRY,FOLK,Dan King,Romeo and Juliet,?,lmd,F,major,0.938,kk,86.0,single tempo,4/4,1.0,bass guitar lead drums
COUNTRY,FOLK,Dave Loggins,Please Come To Boston,80s,lmd,E,major,0.983,kk,67.0,single tempo,4/4,1.0,bass pad keys guitar lead drums
COUNTRY,FOLK,Dolores Keane,One Golden Rule,?,lmd,D,major,0.879,kk,88.0,single tempo,4/4,1.0,bass pad keys lead drums
COUNTRY,FOLK,Donnie Munro,Georgie,new,lmd,C,major,0.873,kk,76.0,single tempo,4/4,1.0,bass pad keys guitar drums
COUNTRY,FOLK,Donnie Munro,Sweetness On The Wind,new,lmd,Eb,major,0.818,kk,120.0,single tempo,4/4,1.0,bass chord lead drums
COUNTRY,FOLK,Eddi Reader,Should I Pray?,new,lmd,C,major,0.87,kk,69.0,40 tempo events (30.0-69.0); bpm = median beat,4/4,1.0,bass keys guitar drums
COUNTRY,FOLK,Ernst Frosch,Alle Aale,?,lmd,B,phrygian,0.664,bass-relative,131.0,single tempo,4/4,1.0,bass pad keys guitar lead drums
COUNTRY,FOLK,Europa 51,Free Range Corona,new,lmd,D,major,0.918,kk,88.0,single tempo,4/4,1.0,bass keys guitar lead seq drums
COUNTRY,FOLK,Frida Hyvonen,My Cousin,new,lmd,C,major,0.896,kk,62.0,10 tempo events (18.0-62.0); bpm = median beat,4/4,0.957,bass pad keys lead seq drums
COUNTRY,FOLK,Gerry Mitchell & Little Sparta,Ruins,new,lmd,C,major,0.904,kk,64.0,single tempo,4/4,1.0,keys
COUNTRY,FOLK,Glenn Yarbrough,Baby The Rain Must Fall,80s,lmd,A,minor,0.75,kk,110.0,single tempo,4/4,1.0,bass pad keys guitar lead seq drums
COUNTRY,FOLK,Gordon Lightfoot,If You Could Read My Mind (Album Version),80s,lmd,A,mixolydian,0.878,kk,120.0,47 tempo events (60.0-120.0); bpm = median beat,4/4,1.0,bass guitar lead
COUNTRY,FOLK,Gustavo Santaolalla,The Wings,new,lmd,G,major,0.93,kk,119.0,single tempo,4/4,1.0,bass pad keys guitar lead seq drums
COUNTRY,FOLK,Harry Chapin,Taxi  (LP Version),80s,lmd,D,mixolydian,0.812,kk,120.0,3 tempo events (60.0-120.0); bpm = median beat,4/4,0.964,bass pad keys lead
COUNTRY,FOLK,Izzy,Pavane,?,lmd,Gb,minor,0.692,kk,80.0,single tempo,4/4,1.0,bass lead arp seq
COUNTRY,FOLK,Jackopierce,Free,80s,lmd,E,mixolydian,0.902,kk,72.0,single tempo,4/4 (none),1.0,bass pad guitar seq drums
COUNTRY,FOLK,Jackson Browne,Hold Out,80s,lmd,A,minor,0.757,bass-relative,70.0,33 tempo events (43.0-120.0); bpm = median beat,4/4,1.0,bass pad keys guitar lead seq drums
COUNTRY,FOLK,Jackson Browne,In The Shape Of A Heart  (LP Version),80s,lmd,E,major,0.88,kk,126.0,single tempo,4/4,1.0,bass keys guitar drums
COUNTRY,FOLK,Jackson Browne,Lights And Virtues  (LP Version),80s,lmd,C,mixolydian,0.842,kk,128.0,single tempo,4/4 (none),1.0,bass keys guitar lead drums
COUNTRY,FOLK,Jackson Browne,Shaky Town (Live LP Version),80s,lmd,G,major,0.878,kk,72.0,11 tempo events (36.0-72.0); bpm = median beat,4/4,0.907,bass pad keys guitar lead drums
COUNTRY,FOLK,James Taylor,Anywhere Like Heaven,?,lmd,G,major,0.858,kk,103.0,single tempo,4/4,1.0,pad guitar lead drums
COUNTRY,FOLK,James Taylor,Country Road,?,lmd,D,mixolydian,0.894,kk,76.0,single tempo,4/4,1.0,bass keys guitar drums
COUNTRY,FOLK,James Taylor,Something In The Way She Moves,?,lmd,F,major,0.914,kk,81.0,single tempo,4/4,1.0,bass chord pad keys guitar lead drums
COUNTRY,FOLK,James Taylor,You've Got A Friend,?,lmd,A,major,0.992,kk,102.0,single tempo,4/4,1.0,bass pad keys guitar lead drums
COUNTRY,FOLK,Jimmy Webb,Wichita Lineman (Vocal - Live Version),80s,lmd,D,minor,0.742,kk,83.0,single tempo,4/4,1.0,bass pad keys guitar lead seq drums
COUNTRY,FOLK,John Denver,Poems_ Prayers and Promises,80s,lmd,D,major,0.97,kk,76.0,single tempo,4/4,0.948,bass guitar
COUNTRY,FOLK,John Prine,Everything Is Cool,80s,lmd,E,major,0.987,kk,112.0,single tempo,4/4,1.0,bass pad keys guitar lead drums
COUNTRY,FOLK,John Prine,Speed of the Sound of Loneliness,80s,lmd,G,major,0.967,kk,165.0,single tempo,4/4,1.0,bass chord pad guitar lead drums
COUNTRY,FOLK,Joni Mitchell,Urge For Going (LP Version),90s,lmd,C,mixolydian,0.86,kk,115.0,9 tempo events (54.0-140.0); bpm = median beat,4/4,0.993,guitar lead
COUNTRY,FOLK,Judy Collins,Like A Rolling Stone,80s,lmd,C,major,0.883,kk,98.0,single tempo,4/4,1.0,bass keys guitar lead drums
COUNTRY,FOLK,Judy Collins,Someday Soon,80s,lmd,G,major,0.917,kk,115.0,42 tempo events (64.0-115.0); bpm = median beat,4/4,1.0,bass pad keys guitar lead drums
COUNTRY,FOLK,Judy Collins,The Rose,80s,lmd,C,major,0.945,kk,66.0,50 tempo events (54.0-66.0); bpm = median beat,4/4,1.0,bass pad keys lead drums
COUNTRY,FOLK,Justin Rutledge,I'm Gonna Die (One Sunny Day),new,lmd,C,major,0.895,kk,105.0,9 tempo events (91.0-105.0); bpm = median beat,4/4,1.0,bass chord keys guitar lead drums
COUNTRY,FOLK,Justin Rutledge,Waterloo,new,lmd,D,major,0.789,kk,65.0,3 tempo events (61.0-65.0); bpm = median beat,4/4,1.0,bass pad keys guitar lead drums
COUNTRY,FOLK,Leonard Cohen,Dance Me To The End Of Love,80s,lmd,E,minor,0.859,kk,132.0,single tempo,4/4,1.0,bass pad keys guitar lead fx drums
COUNTRY,FOLK,Leonard Cohen,Memories,80s,lmd,B,phrygian,0.612,bass-relative,87.0,single tempo,4/4,1.0,bass keys guitar drums
COUNTRY,FOLK,Leonard Cohen,You Have Loved Enough,new,lmd,G,major,0.936,kk,126.1,48 tempo events (80.1-200.0); bpm = median beat,4/4,1.0,bass pad keys guitar lead drums
COUNTRY,FOLK,Lichtensteiner,Zillertaler Hochzeitsmarsch,?,lmd,F,mixolydian,0.781,kk,104.0,single tempo,4/4,1.0,bass chord pad keys guitar lead seq drums
COUNTRY,FOLK,Loggins & Messina,House At Pooh Corner  [Live at the Santa Barbara Bowl],80s,lmd,E,major,0.866,kk,100.0,single tempo,4/4,0.935,bass keys guitar lead
COUNTRY,FOLK,Lucinda Williams,Come On,new,lmd,A,major,0.876,kk,140.0,single tempo,4/4 (none),1.0,bass arp seq
COUNTRY,FOLK,Magnolia Electric Co.,Down The Wrong Road Both Ways (from Nashville Moon),new,lmd,B,minor,0.769,kk,92.0,single tempo,4/4,1.0,bass pad guitar lead drums
COUNTRY,FOLK,Mick Flannery,Take It On The Chin,new,lmd,E,minor,0.815,kk,65.0,single tempo,4/4,1.0,bass pad keys guitar lead drums
COUNTRY,FOLK,Nada Surf,Popular (LP Version),90s,lmd,G,major,0.707,bass-relative,96.0,single tempo,4/4,1.0,bass guitar drums
COUNTRY,FOLK,Natalie Merchant,Life Is Sweet (LP Version),90s,lmd,B,major,0.951,kk,78.0,single tempo,4/4,1.0,bass pad keys guitar lead
COUNTRY,FOLK,Natalie Merchant,Nursery Rhyme of Innocence and Experience,new,lmd,G,major,0.893,kk,168.0,single tempo,4/4,1.0,bass pad keys guitar lead drums
COUNTRY,FOLK,Natalie Merchant,Seven Years (LP Version),80s,lmd,D,minor,0.761,bass-relative,65.0,single tempo,4/4,1.0,bass pad keys lead arp drums
COUNTRY,FOLK,Neil Young,Bringin' Down Dinner (Live Acoustic),new,lmd,C,major,0.964,kk,73.0,8 tempo events (42.0-78.0); bpm = median beat,4/4,1.0,bass pad keys lead drums
COUNTRY,FOLK,Neil Young,Danger Bird (Album Version),new,lmd,A,minor,0.873,kk,112.0,single tempo,4/4,1.0,bass pad keys guitar lead drums
COUNTRY,FOLK,Neil Young,Helpless [Live At Massey Hall 1971],new,lmd,D,major,0.95,kk,117.0,33 tempo events (98.0-118.0); bpm = median beat,4/4,1.0,bass pad keys guitar lead fx drums
COUNTRY,FOLK,Neil Young,Mansion On The Hill (Album Version),new,lmd,G,major,0.866,kk,137.0,single tempo,4/4,1.0,bass pad guitar lead drums
COUNTRY,FOLK,Neil Young,Southern Man (Album Version),new,lmd,D,minor,0.846,bass-relative,79.0,single tempo,4/4,1.0,bass chord pad keys guitar arp drums
COUNTRY,FOLK,New Riders of The Purple Sage,Last Lonely Eagle,80s,lmd,G,major,0.942,kk,116.0,single tempo,4/4,1.0,bass pad keys guitar lead drums
COUNTRY,FOLK,Nikki Sudden,Basement Blues,?,lmd,G,mixolydian,0.921,kk,66.0,single tempo,4/4 (none),1.0,bass chord pad keys guitar seq drums
COUNTRY,FOLK,Orla Fallon,Simple Love,?,lmd,Eb,major,0.884,kk,64.0,single tempo,2/4,1.0,keys
COUNTRY,FOLK,Phil Coulter,From A Distance,80s,lmd,G,major,0.992,kk,80.0,single tempo,4/4,1.0,bass pad keys
COUNTRY,FOLK,Phosphorescent,Aw Come Aw Wry #5,new,lmd,D,minor,0.798,kk,80.0,single tempo,4/4,1.0,keys
COUNTRY,FOLK,Phosphorescent,Dead Heart,new,lmd,Bb,minor,0.888,kk,80.0,single tempo,4/4,1.0,bass pad guitar lead drums
COUNTRY,FOLK,Phosphorescent,Endless Pt. 2,new,lmd,F,major,0.929,kk,78.2,single tempo,4/4,0.986,bass pad keys guitar arp seq drums
COUNTRY,FOLK,Phosphorescent,My Dove_ My Lamb,new,lmd,E,minor,0.912,kk,70.0,single tempo,4/4,1.0,bass chord pad keys guitar drums
COUNTRY,FOLK,Rachael Yamagata,Paper Doll,new,lmd,D,major,0.955,kk,65.0,single tempo,4/4 (none),1.0,bass chord pad keys guitar seq drums
COUNTRY,FOLK,Raduza,Andelové z nebe,?,lmd,C,major,0.903,kk,100.0,single tempo,4/4,1.0,keys lead
COUNTRY,FOLK,Ray LaMontagne,Within You,new,lmd,D,major,0.948,kk,69.0,single tempo,4/4 (none),1.0,bass pad keys guitar lead arp drums
COUNTRY,FOLK,Rickie Lee Jones,Gloria,new,lmd,E,mixolydian,0.89,kk,123.0,single tempo,4/4,1.0,bass guitar lead drums
COUNTRY,FOLK,Ron Sexsmith,Some Dusty Things,new,lmd,C,major,0.954,kk,112.0,single tempo,4/4,1.0,bass pad keys guitar lead drums
COUNTRY,FOLK,Ruxe Ruxe,Lobicán,?,lmd,E,minor,0.896,kk,109.0,single tempo,4/4,1.0,bass pad keys guitar lead drums
COUNTRY,FOLK,Scout Niblett,The Bell,new,lmd,Gb,mixolydian,0.746,kk,120.0,single tempo,4/4,1.0,keys
COUNTRY,FOLK,Sera Cahoone,Runnin' Your Way (Album),new,lmd,C,major,0.956,kk,116.0,single tempo,4/4,1.0,bass keys guitar lead drums
COUNTRY,FOLK,Shane MacGowan And The Popes,Paddy Public Enemy No. 1,90s,lmd,C,major,0.91,kk,134.0,single tempo,4/4,1.0,bass pad guitar lead arp seq drums
COUNTRY,FOLK,Simon & Garfunkel,Bridge Over Troubled Water,80s,lmd,Eb,major,0.973,kk,95.0,single tempo,4/4,1.0,bass keys lead drums
COUNTRY,FOLK,Simon & Garfunkel,Homeward Bound,80s,lmd,Bb,major,0.778,kk,100.0,single tempo,4/4,1.0,bass guitar lead drums
COUNTRY,FOLK,Simon & Garfunkel,The Boxer,80s,lmd,G,mixolydian,0.828,kk,94.0,4 tempo events (88.0-94.0); bpm = median beat,4/4,1.0,bass guitar lead seq drums
COUNTRY,FOLK,Simon & Garfunkel,The Sounds Of Silence,80s,lmd,Gb,major,0.931,kk,108.0,14 tempo events (73.0-108.0); bpm = median beat,4/4,0.988,bass guitar lead drums
COUNTRY,FOLK,Sinéad Lohan,You're In My Love,80s,lmd,F,major,0.904,kk,98.0,single tempo,4/4,1.0,bass pad keys guitar lead seq drums
COUNTRY,FOLK,Steeleye Span,The Blackleg Miner,new,lmd,Gb,phrygian,0.789,kk,113.0,single tempo,4/4,1.0,bass chord pad keys arp drums
COUNTRY,FOLK,Teresa De Sio,Un Libero Cercare,80s,lmd,A,major,0.958,kk,93.0,single tempo,4/4,1.0,bass keys guitar lead seq drums
COUNTRY,FOLK,The Corrs,So Young ( MTV Unplugged Version ),new,lmd,G,major,0.909,kk,106.0,single tempo,4/4,1.0,bass pad keys guitar lead drums
COUNTRY,FOLK,The Dubliners,Leaving Nancy,?,lmd,B,minor,0.916,kk,86.0,single tempo,4/4,1.0,bass chord pad keys guitar lead drums
COUNTRY,FOLK,The Incredible String Band,Schaeffer's Jig (LP Version),80s,lmd,Db,major,0.956,kk,136.0,single tempo,4/4,1.0,bass chord pad keys lead seq drums
COUNTRY,FOLK,The Levellers,The Road [Remastered Version],80s,lmd,D,minor,0.911,kk,140.0,single tempo,4/4,1.0,bass guitar lead drums
COUNTRY,FOLK,The Shamrock Singers,Linger,?,lmd,D,major,0.834,kk,99.0,2 tempo events (99.0-125.0); bpm = median beat,4/4,1.0,bass chord keys guitar lead drums
COUNTRY,FOLK,The Stone Poneys,Different Drum,80s,lmd,G,mixolydian,0.861,kk,120.0,single tempo,4/4,1.0,bass chord keys guitar lead drums
COUNTRY,FOLK,The Stone Poneys,Just A Little Bit Of Rain,80s,lmd,D,major,0.981,kk,74.0,11 tempo events (40.0-74.0); bpm = median beat,4/4,1.0,bass pad keys guitar lead drums
COUNTRY,FOLK,The Transmissionary Six,Zero Gravity,new,lmd,A,mixolydian,0.841,kk,76.0,single tempo,4/4,1.0,bass pad guitar lead seq drums
COUNTRY,FOLK,Weeping Tile,Every Good Story,?,lmd,D,major,0.906,kk,130.0,single tempo,4/4,1.0,bass chord pad guitar lead seq drums
COUNTRY,FOLK,Wilkins,Pequeña y Fragil (Live),?,lmd,E,major,0.971,kk,75.0,single tempo,4/4,1.0,bass chord pad keys guitar drums
DARKSYN,DARKSYNTH,john carpenter,,80s,lamd,E,minor,0.889,kk,93.0,2 tempo events (93.0-97.0); bpm = median beat,4/4,0.915,bass chord pad guitar lead fx drums
DARKSYN,DARKSYNTH,john carpenter,,80s,lamd,G,major,0.684,kk,90.0,single tempo,4/4,1.0,keys lead seq fx
DARKSYN,DARKSYNTH,John Carpenter,Snake's Uniform,90s,lmd,E,minor,0.889,kk,93.0,2 tempo events (93.0-97.0); bpm = median beat,4/4,0.915,bass chord pad guitar lead fx drums
DARKSYN,EBM,Assemblage 23,Dirt,new,lmd,D,major,0.693,kk,122.0,5 tempo events (76.0-122.0); bpm = median beat,4/4,1.0,bass drums
DARKSYN,EBM,daf,,80s,lamd,A,major,0.961,kk,126.0,single tempo,4/4,1.0,bass keys guitar lead seq drums
DARKSYN,EBM,Dive,Contact,?,lmd,G,minor,0.693,kk,100.0,2 tempo events (100.0-106.0); bpm = median beat,4/4,1.0,chord pad seq
DARKSYN,EBM,In Strict Confidence,The Sun Always Shines On Tv,?,lmd,G,mixolydian,0.784,kk,132.0,single tempo,4/4,1.0,bass pad keys guitar lead drums
DARKSYN,EBM,Kombat Unit,We Are Machines,new,lmd,G,minor,0.72,kk,128.0,single tempo,4/4 (none),1.0,bass lead drums
DARKSYN,EBM,Mindless Faith,Momentum,new,lmd,Gb,minor,0.887,kk,142.0,single tempo,4/4,1.0,bass chord pad keys lead seq drums
DARKSYN,EBM,Project Pitchfork,Mine / Beast Of Prey,new,lmd,G,minor,0.797,kk,107.0,2 tempo events (81.0-107.0); bpm = median beat,4/4,1.0,bass chord pad keys guitar lead drums
DARKSYN,EBM,Seelenkrank,Träume 1,90s,lmd,A,minor,0.883,kk,110.0,single tempo,4/4,1.0,bass pad keys guitar lead drums
DARKSYN,INDUSTRIAL,Chemlab,Fourth Suture,80s,lmd,A,minor,0.884,kk,113.0,2 tempo events (113.0-120.0); bpm = median beat,4/4,0.991,bass chord pad guitar lead arp seq drums
DARKSYN,INDUSTRIAL,Deathstars,Our God The Drugs,new,lmd,B,minor,0.898,kk,115.0,single tempo,4/4,1.0,bass pad guitar lead fx drums
DARKSYN,INDUSTRIAL,Deathstars,Virtue To Vice,new,lmd,C,minor,0.819,kk,148.0,single tempo,4/4,1.0,bass pad keys guitar seq drums
DARKSYN,INDUSTRIAL,fear factory,,?,lamd,D,major,0.746,kk,120.0,single tempo,4/4,1.0,bass pad lead drums
DARKSYN,INDUSTRIAL,fear factory,,?,lamd,E,minor,0.769,kk,140.0,single tempo,4/4,1.0,bass chord pad keys lead arp seq drums
DARKSYN,INDUSTRIAL,fear factory,,?,lamd,E,phrygian,0.68,kk,158.0,single tempo,4/4,1.0,bass guitar drums
DARKSYN,INDUSTRIAL,Fear Factory,Edgecrusher - Album Version,90s,lmd,A,lydian,0.603,kk,120.0,single tempo,4/4,1.0,bass pad guitar seq drums
DARKSYN,INDUSTRIAL,filter,,?,lamd,A,minor,0.739,kk,140.0,single tempo,4/4,1.0,bass arp
DARKSYN,INDUSTRIAL,filter,,?,lamd,Ab,mixolydian,0.572,kk,136.0,single tempo,4/4,0.984,bass chord pad keys lead drums
DARKSYN,INDUSTRIAL,filter,,?,lamd,F,minor,0.762,kk,180.0,single tempo,4/4,1.0,bass guitar lead drums
DARKSYN,INDUSTRIAL,Filter,Dose,80s,lmd,D,minor,0.668,kk,158.0,single tempo,4/4,1.0,bass pad guitar drums
DARKSYN,INDUSTRIAL,godflesh,,?,lamd,Db,mixolydian,0.792,kk,162.0,single tempo,4/4,1.0,bass guitar drums
DARKSYN,INDUSTRIAL,godflesh,,?,lamd,Db,dorian,0.682,kk,104.0,single tempo,4/4,1.0,bass guitar seq drums
DARKSYN,INDUSTRIAL,godflesh,,?,lamd,Db,phrygian,0.733,kk,118.0,single tempo,4/4,1.0,bass guitar seq drums
DARKSYN,INDUSTRIAL,Gravity Kills,Hold,90s,lmd,F,phrygian,0.599,kk,80.2,single tempo,4/4,1.0,bass guitar lead seq drums
DARKSYN,INDUSTRIAL,Jonathan Davis,Love On The Rocks,new,lmd,A,minor,0.834,kk,72.0,2 tempo events (69.0-72.0); bpm = median beat,4/4,1.0,bass pad keys guitar lead drums
DARKSYN,INDUSTRIAL,Marilyn Manson,Lamb Of God,?,lmd,A,minor,0.935,kk,81.0,single tempo,4/4,1.0,bass guitar lead drums
DARKSYN,INDUSTRIAL,Marilyn Manson,Minute Of Decay,?,lmd,A,minor,0.906,kk,91.0,single tempo,4/4,1.0,bass pad keys guitar lead seq fx drums
DARKSYN,INDUSTRIAL,Ministry,just one fix,?,freemidi,E,minor,0.75,kk,135.0,single tempo,4/4,0.994,bass guitar drums
DARKSYN,INDUSTRIAL,Ministry,lava,?,freemidi,Eb,phrygian,0.635,kk,94.0,single tempo,4/4,0.987,bass guitar lead drums
DARKSYN,INDUSTRIAL,Ministry,lay lady lay,?,freemidi,F,mixolydian,0.688,kk,142.0,single tempo,4/4,1.0,bass guitar lead drums
DARKSYN,INDUSTRIAL,Ministry,"Thieves [12"" Remix]",?,lmd,E,phrygian,0.602,kk,108.0,single tempo,4/4,0.993,bass guitar drums
DARKSYN,INDUSTRIAL,My Life With The Thrill Kill Kult,Temptation Serenade (Album Version),new,lmd,B,major,0.613,kk,120.0,single tempo,4/4,1.0,bass lead arp seq drums
DARKSYN,INDUSTRIAL,My Life With The Thrill Kill Kult,Waiting For Mommie (Album Version),new,lmd,A,minor,0.899,kk,124.0,single tempo,4/4,1.0,bass keys guitar lead drums
DARKSYN,INDUSTRIAL,Nine Inch Nails,Closer,80s,lmd,C,mixolydian,0.746,kk,90.0,single tempo,4/4,1.0,bass chord keys guitar lead drums
DARKSYN,INDUSTRIAL,Nine Inch Nails,Piggy,80s,lmd,B,minor,0.726,kk,66.0,single tempo,4/4,1.0,bass keys lead drums
DARKSYN,INDUSTRIAL,Nine Inch Nails,Ruiner,80s,lmd,A,mixolydian,0.808,kk,116.0,single tempo,4/4,1.0,bass pad guitar lead drums
DARKSYN,INDUSTRIAL,Nine Inch Nails,The Frail,90s,lmd,G,major,0.944,kk,69.0,single tempo,4/4,1.0,keys
DARKSYN,INDUSTRIAL,Oneida,10:30 at the Oasis,new,lmd,F,mixolydian,0.741,kk,100.0,single tempo,4/4,1.0,bass pad guitar lead seq drums
DARKSYN,INDUSTRIAL,Oomph!,Augen auf,new,lmd,D,major,0.789,kk,132.0,single tempo,4/4,1.0,bass guitar lead drums
DARKSYN,INDUSTRIAL,Oomph!,Das letzte Streichholz,new,lmd,Ab,mixolydian,0.892,kk,109.0,27 tempo events (108.0-110.0); bpm = median beat,4/4,1.0,bass keys lead arp seq drums
DARKSYN,INDUSTRIAL,Oomph!,God Is A Popstar,new,lmd,Gb,minor,0.771,bass-relative,125.0,single tempo,4/4,1.0,bass pad guitar lead drums
DARKSYN,INDUSTRIAL,Oomph!,The Final Match,new,lmd,Ab,minor,0.759,kk,103.0,single tempo,4/4,1.0,bass guitar drums
DARKSYN,INDUSTRIAL,orgy,,?,lamd,Eb,minor,0.761,kk,128.0,single tempo,4/4,1.0,bass guitar lead seq drums
DARKSYN,INDUSTRIAL,Orgy,Blue Monday (Single Mix),90s,lmd,Eb,minor,0.761,kk,128.0,single tempo,4/4,1.0,bass guitar lead seq drums
DARKSYN,INDUSTRIAL,Parts & Labor,Unexplosions,new,lmd,A,mixolydian,0.846,kk,140.0,single tempo,4/4,1.0,bass pad keys guitar lead drums
DARKSYN,INDUSTRIAL,Parts & Labor,Wedding In A Wasteland,new,lmd,A,major,0.856,kk,124.0,single tempo,4/4,1.0,bass chord pad guitar seq drums
DARKSYN,INDUSTRIAL,Pigface,Closer To Heaven (Extended To Heaven Edit),new,lmd,B,mixolydian,0.74,kk,128.0,single tempo,4/4,1.0,bass pad lead drums
DARKSYN,INDUSTRIAL,Rammstein,AMOUR,new,lmd,C,minor,0.922,kk,104.0,single tempo,4/4,1.0,bass pad guitar fx drums
DARKSYN,INDUSTRIAL,Rammstein,Engel,90s,lmd,D,minor,0.77,kk,100.0,single tempo,4/4,1.0,bass chord keys guitar lead arp seq drums
DARKSYN,INDUSTRIAL,Rammstein,Rammstein,80s,lmd,E,phrygian,0.663,kk,112.0,single tempo,4/4,1.0,bass guitar drums
DARKSYN,INDUSTRIAL,Rammstein,ROSENROT,new,lmd,C,minor,0.647,kk,115.0,single tempo,4/4 (none),1.0,bass guitar lead
DARKSYN,INDUSTRIAL,Rammstein,STEIN UM STEIN,new,lmd,C,minor,0.869,kk,60.0,single tempo,4/4,1.0,bass guitar lead fx drums
DARKSYN,INDUSTRIAL,Revolting Cocks,Fire Engine,new,lmd,C,mixolydian,0.82,kk,168.0,single tempo,4/4 (none),1.0,bass chord pad keys guitar lead drums
DARKSYN,INDUSTRIAL,rob zombie,,new,lamd,E,phrygian,0.747,kk,166.0,3 tempo events (90.0-166.0); bpm = median beat,4/4,0.574,bass guitar lead drums
DARKSYN,INDUSTRIAL,Sonic Youth,Superstar,80s,lmd,F,minor,0.856,kk,84.0,61 tempo events (58.0-92.0); bpm = median beat,4/4,1.0,bass chord pad keys lead arp seq drums
DARKSYN,INDUSTRIAL,Test Dept,Gamma Ray,80s,lmd,G,major,0.856,kk,134.0,5 tempo events (112.0-134.0); bpm = median beat,4/4,1.0,bass chord keys guitar lead drums
DARKSYN,INDUSTRIAL,Test Dept,Unforgiven,80s,lmd,F,major,0.944,kk,170.0,single tempo,4/4,1.0,bass chord pad keys seq fx drums
DARKSYN,INDUSTRIAL,The Boys Next Door,Shivers,80s,lmd,A,major,0.964,kk,120.0,single tempo,4/4,1.0,bass pad keys lead drums
DARKSYN,INDUSTRIAL,white zombie,,?,lamd,Eb,major,0.815,kk,153.0,single tempo,4/4,1.0,bass guitar drums
DARKSYN,INDUSTRIAL,white zombie,,?,lamd,Db,phrygian,0.773,kk,105.0,single tempo,4/4,1.0,bass pad guitar seq drums
DARKSYN,INDUSTRIAL,white zombie,,?,lamd,Db,minor,0.87,kk,135.0,3 tempo events (135.0-195.0); bpm = median beat,4/4,1.0,bass guitar drums
DISCO,,A Taste Of Honey,Boogie Oogie Oogie (Single Version 1) (2001 Digital Remaster),new,lmd,D,minor,0.76,bass-relative,123.0,single tempo,4/4,1.0,bass keys guitar lead drums
DISCO,,Abba,Dancing Queen,80s,lmd,A,major,0.951,kk,104.0,single tempo,4/4,1.0,bass pad keys guitar lead drums
DISCO,,Alexander O'Neal,Youre The First_ The Last_ My Everything,new,lmd,F,major,0.949,kk,133.0,single tempo,4/4,1.0,bass chord pad keys lead drums
DISCO,,Alicia Bridges,I Love The Nightlife (Disco 'Round),80s,lmd,C,major,0.852,kk,126.0,single tempo,4/4,1.0,bass guitar lead drums
DISCO,,Ana,Magia Pelo Ar,?,lmd,E,minor,0.912,kk,132.0,single tempo,4/4 (none),1.0,bass chord pad guitar lead seq fx drums
DISCO,,Andrea True Connection,More_ More_ More,?,lmd,A,minor,0.705,kk,107.0,single tempo,4/4,1.0,bass chord pad keys guitar lead drums
DISCO,,Anita Ward,Ring My Bell,80s,lmd,C,minor,0.822,kk,123.0,single tempo,4/4,1.0,bass keys lead drums
DISCO,,Ashford & Simpson,"It Seems To Hang On (12"" Disco Mix)",new,lmd,G,major,0.844,kk,116.0,single tempo,4/4,1.0,bass keys guitar lead drums
DISCO,,B3,Nightfever,?,lmd,B,mixolydian,0.797,kk,112.0,single tempo,4/4,1.0,bass pad keys guitar lead drums
DISCO,,Barry White,Can't Get Enough of Your Love Baby,80s,lmd,F,major,0.883,kk,114.0,single tempo,4/4,1.0,bass pad keys guitar lead drums
DISCO,,Bee Gees,Medley (Live 1997),80s,lmd,E,mixolydian,0.933,kk,101.0,single tempo,4/4,1.0,bass pad keys guitar lead drums
DISCO,,Bee Gees,Paradise (Album Version),80s,lmd,A,major,0.848,kk,85.0,single tempo,4/4,1.0,bass pad guitar lead fx drums
DISCO,,Bee Gees,You Should Be Dancing [Live] (Album Version),80s,lmd,G,minor,0.913,kk,120.0,single tempo,4/4,1.0,bass pad keys guitar lead arp drums
DISCO,,Blue System,Big Yellow Taxi,80s,lmd,F,major,0.934,kk,98.0,single tempo,4/4,1.0,keys lead drums
DISCO,,Boney M.,Dreadlock Holiday,80s,lmd,Eb,major,0.874,kk,103.0,single tempo,4/4,1.0,bass keys guitar lead arp drums
DISCO,,Boney M.,El Lute,80s,lmd,G,major,0.973,kk,105.0,single tempo,4/4,1.0,bass pad guitar lead drums
DISCO,,Boney M.,Feliz Navidad,80s,lmd,Gb,major,0.978,kk,127.0,single tempo,4/4,1.0,bass chord pad keys guitar lead fx drums
DISCO,,Boney M.,Hooray! Hooray! It's A Holi-Holiday,80s,lmd,C,major,0.767,kk,106.0,single tempo,4/4,1.0,bass chord pad keys guitar lead arp seq drums
DISCO,,Boney M. 2000,Ma Baker,90s,lmd,C,mixolydian,0.893,kk,133.0,3 tempo events (128.0-133.0); bpm = median beat,4/4,1.0,bass pad keys guitar arp fx drums
DISCO,,Brotherhood Of Man,I Will survive,80s,lmd,A,minor,0.78,kk,113.0,single tempo,4/4,1.0,bass chord pad keys guitar lead drums
DISCO,,Carl Douglas,Kung Fu Fighting,80s,lmd,D,major,0.866,kk,100.0,single tempo,4/4,1.0,bass pad keys guitar lead drums
DISCO,,Carol Douglas,Dancing Queen,90s,lmd,A,major,0.965,kk,105.0,single tempo,4/4,1.0,bass pad keys lead drums
DISCO,,cerrone,,?,lamd,Gb,minor,0.933,kk,131.8,431 tempo events (95.1-240.0); bpm = median beat,4/4,1.0,bass chord pad keys guitar drums
DISCO,,chaka khan,,?,lamd,Bb,major,0.628,kk,121.0,single tempo,4/4,1.0,bass keys drums
DISCO,,chaka khan,,?,lamd,G,major,0.915,kk,72.0,single tempo,1/4,0.933,bass chord pad keys guitar lead seq fx drums
DISCO,,Chaka Khan,Ain't Nobody (Remix),80s,lmd,Ab,mixolydian,0.779,kk,104.0,single tempo,4/4,1.0,bass pad keys guitar lead arp drums
DISCO,,Chaka Khan,I Feel For You [Edit],80s,lmd,B,major,0.764,kk,123.0,single tempo,4/4,1.0,bass chord keys guitar lead fx drums
DISCO,,Chaka Khan,Through The Fire (Album Version),80s,lmd,Ab,major,0.903,kk,65.3,single tempo,4/4,1.0,bass pad keys guitar seq fx drums
DISCO,,Chic,Dance Dance Dance (Intro) - Live,90s,lmd,F,major,0.961,kk,70.0,single tempo,4/4,1.0,bass pad keys lead seq drums
DISCO,,Clout,Save Me,80s,lmd,G,major,0.952,kk,115.0,2 tempo events (99.0-115.0); bpm = median beat,4/4 (none),1.0,bass pad keys guitar lead arp drums
DISCO,,Dan Hartman,Instant Replay,80s,lmd,D,major,0.851,kk,130.0,single tempo,4/4,1.0,bass chord pad keys guitar lead drums
DISCO,,Diana Ross,If We Hold On Together,80s,lmd,C,major,0.929,kk,70.0,3 tempo events (70.0-120.0); bpm = median beat,4/4,0.985,bass chord pad keys guitar lead seq drums
DISCO,,Diana Ross,Remember (Reprise),new,lmd,Bb,minor,0.752,kk,66.0,single tempo,4/4,0.974,bass pad keys guitar lead seq drums
DISCO,,Donna Summer,I Feel Love,80s,lmd,C,dorian,0.749,kk,126.0,single tempo,4/4,1.0,bass chord pad guitar lead seq fx drums
DISCO,,Dr. Alban,The Alban Prelude,80s,lmd,G,major,0.791,kk,120.0,10 tempo events (115.0-250.0); bpm = median beat,4/4,1.0,bass pad keys lead arp seq drums
DISCO,,Dschinghis Khan,Dschinghis Khan,80s,lmd,A,minor,0.879,kk,140.0,single tempo,4/4,1.0,bass chord pad guitar lead drums
DISCO,,dua lipa,,new,lamd,E,major,0.901,kk,120.0,single tempo,4/4,1.0,bass pad lead drums
DISCO,,Earth_ Wind & Fire with the Emotions,Boogie Wonderland,80s,lmd,D,minor,0.868,kk,130.0,single tempo,4/4,1.0,bass chord pad keys lead seq drums
DISCO,,Eros Ramazzotti,Fantastico Amor (Ma Che Bello Questo Amore),90s,lmd,A,major,0.882,kk,156.6,single tempo,4/4,1.0,bass chord pad keys guitar lead fx drums
DISCO,,Eruption,I Can't Stand The Rain,80s,lmd,Bb,mixolydian,0.808,kk,108.0,single tempo,4/4 (none),1.0,bass chord pad keys guitar lead drums
DISCO,,Frankie Valli,Can't Take My Eyes Off You (2007 Remastered LP Version),new,lmd,E,mixolydian,0.907,kk,123.0,5 tempo events (64.0-123.0); bpm = median beat,4/4,1.0,bass chord pad keys guitar lead arp seq drums
DISCO,,G.Q,Disco Nights (Rock Freak),?,lmd,C,phrygian,0.779,kk,124.0,single tempo,4/4,1.0,bass keys guitar lead drums
DISCO,,George McCrae,Rock Your Baby,80s,lmd,Eb,major,0.917,kk,104.0,single tempo,4/4,1.0,bass keys guitar lead drums
DISCO,,Gino Soccio,Love Is (Album Version),80s,lmd,Ab,mixolydian,0.849,kk,116.0,18 tempo events (104.0-120.0); bpm = median beat,4/4 (none),1.0,bass chord guitar lead seq fx drums
DISCO,,giorgio moroder,,?,lamd,Ab,major,0.81,kk,96.0,6 tempo events (40.0-96.0); bpm = median beat,4/4,1.0,bass pad lead fx drums
DISCO,,Giorgio Moroder,Chase,80s,lmd,C,minor,0.729,kk,130.0,single tempo,4/4,1.0,bass pad fx drums
DISCO,,Giorgio Moroder,I Wanna Rock You,80s,lmd,Eb,minor,0.786,kk,123.0,single tempo,3/8,0.958,bass chord pad keys arp drums
DISCO,,Giorgio Moroder,Take My Breath Away,80s,lmd,Eb,mixolydian,0.745,kk,97.0,6 tempo events (58.0-97.0); bpm = median beat,4/4,1.0,bass chord pad lead drums
DISCO,,Gloria Gaynor,Can't Take My Eyes Off You,80s,lmd,Bb,major,0.876,kk,130.0,single tempo,4/4,1.0,bass chord pad keys guitar lead seq drums
DISCO,,Gloria Gaynor,I Can't Take My Eyes of You,80s,lmd,Bb,mixolydian,0.888,kk,133.0,single tempo,4/4,1.0,bass pad keys guitar lead drums
DISCO,,Gloria Gaynor,I Will Survive,80s,lmd,A,minor,0.78,kk,113.0,single tempo,4/4,1.0,bass chord pad keys guitar lead drums
DISCO,,Gloria Gaynor,Suddenly,80s,lmd,Bb,minor,0.85,kk,66.0,single tempo,4/4,0.982,bass pad keys guitar drums
DISCO,,Gloria Gaynor,The Eye Of The Tiger,80s,lmd,C,minor,0.913,kk,108.0,single tempo,4/4,1.0,bass keys guitar lead drums
DISCO,,Hot Chocolate,You Sexy Thing,80s,lmd,F,major,0.942,kk,106.0,single tempo,4/4,1.0,bass chord pad guitar lead seq drums
DISCO,,Jacksons,Blame It On The Boogie,80s,lmd,Eb,mixolydian,0.901,kk,108.0,2 tempo events (108.0-200.0); bpm = median beat,4/4,1.0,bass chord pad keys guitar lead seq drums
DISCO,,John Paul Young,Love Is In The Air,80s,lmd,C,major,0.96,kk,125.0,single tempo,4/4,1.0,bass pad keys guitar lead drums
DISCO,,KC And The Sunshine Band,I'm Your Boogie Man,80s,lmd,G,dorian,0.817,kk,114.0,single tempo,4/4,1.0,bass chord pad keys guitar lead seq drums
DISCO,,Kelly Marie,I Need Your Love,?,lmd,A,major,0.956,kk,123.0,single tempo,4/4,1.0,bass chord pad keys guitar fx drums
DISCO,,Kim Appleby,Don't Worry,80s,lmd,Bb,minor,0.756,kk,120.0,single tempo,4/4,1.0,bass chord pad keys guitar lead seq drums
DISCO,,Kleeer,Open Your Mind,90s,lmd,Bb,mixolydian,0.809,kk,120.0,single tempo,4/4,1.0,bass keys guitar drums
DISCO,,Kool And The Gang,Celebration,80s,lmd,Ab,mixolydian,0.855,kk,120.0,single tempo,4/4,1.0,bass chord pad keys guitar lead drums
DISCO,,Kylie Minogue,Breathe,90s,lmd,B,mixolydian,0.755,kk,171.0,single tempo,4/4,1.0,bass chord pad keys lead arp fx drums
DISCO,,Kylie Minogue,Love At First Sight (Twin Master Plan Mix),new,lmd,B,major,0.863,kk,125.0,2 tempo events (100.0-125.0); bpm = median beat,4/4,1.0,bass pad keys guitar lead seq drums
DISCO,,Kylie Minogue,On A Night Like This (Bini And Martini Club Mix),new,lmd,C,minor,0.875,kk,95.0,single tempo,4/4,1.0,bass pad keys guitar lead drums
DISCO,,Kylie Minogue,Red Blooded Woman/Where The Wild Roses Grow (Live in New York),new,lmd,G,minor,0.886,kk,139.0,single tempo,4/4,1.0,bass chord pad keys lead arp drums
DISCO,,Kylie Minogue,The One (Album Version Edit),new,lmd,B,minor,0.929,kk,120.0,single tempo,4/4,1.0,bass pad keys guitar lead arp drums
DISCO,,La Portuaria,Nada Es Igual,90s,lmd,C,major,0.922,kk,117.0,single tempo,4/4,1.0,bass pad guitar lead drums
DISCO,,LaBelle,Lady Marmalade,80s,lmd,G,minor,0.811,kk,119.0,2 tempo events (119.0-250.0); bpm = median beat,4/4,1.0,bass chord pad keys guitar lead drums
DISCO,,Leda Battisti,Senza Me Ti Pentirai (Sevilla: Tango Para Ti),?,lmd,A,minor,0.755,kk,120.0,single tempo,4/4,1.0,keys lead
DISCO,,Lipps Inc.,Funkytown,80s,lmd,C,minor,0.793,kk,123.0,single tempo,4/4,1.0,bass guitar lead drums
DISCO,,Lizzy Mercier Descloux,Cri (French Version),new,lmd,Gb,major,0.914,kk,121.0,10 tempo events (80.0-121.0); bpm = median beat,4/4,1.0,bass chord pad guitar lead seq fx drums
DISCO,,Loose Ends,Until A Tear Becomes A Rose,?,lmd,A,mixolydian,0.747,kk,126.0,single tempo,4/4,1.0,bass pad keys guitar lead drums
DISCO,,Love Unlimited,I'm So Glad That I'm a Woman,80s,lmd,Bb,minor,0.811,kk,118.0,single tempo,4/4,1.0,bass chord pad keys guitar seq drums
DISCO,,Madonna,Celebration [Felguk Love Remix],80s,lmd,B,minor,0.733,bass-relative,100.0,4 tempo events (98.0-180.0); bpm = median beat,4/4,1.0,bass chord pad guitar lead seq drums
DISCO,,Madonna,Deeper And Deeper (Album Version),80s,lmd,C,dorian,0.663,kk,122.0,single tempo,4/4,1.0,bass pad keys guitar lead seq fx drums
DISCO,,Madonna,Give It 2 Me [Eddie Amador House Lovers Mix],80s,lmd,Ab,minor,0.88,kk,127.0,single tempo,4/4,1.0,bass keys lead seq fx drums
DISCO,,Madonna,Take A Bow (Album Version),80s,lmd,Ab,major,0.822,kk,83.0,48 tempo events (62.0-96.0); bpm = median beat,4/4,1.0,bass pad keys drums
DISCO,,Mcfadden & Whitehead,Ain't No Stoppin' Us Now,80s,lmd,F,minor,0.921,kk,114.0,single tempo,4/4,1.0,bass keys guitar lead drums
DISCO,,Meryl Streep / Julie Walters / Christine Baranski,Dancing Queen,?,lmd,A,major,0.964,kk,106.0,6 tempo events (90.0-135.0); bpm = median beat,4/4,0.995,bass seq drums
DISCO,,Patrick Hernandez,Born to Be Alive,80s,lmd,D,mixolydian,0.876,kk,131.0,single tempo,4/4,1.0,bass chord pad keys guitar lead seq fx drums
DISCO,,Patrick Juvet,I love America,80s,lmd,A,minor,0.902,kk,124.0,single tempo,4/4,1.0,bass chord pad keys guitar lead drums
DISCO,,Phyllis Nelson,Move Closer,80s,lmd,D,major,0.949,kk,86.0,single tempo,4/4,1.0,keys lead drums
DISCO,,Rose Royce,Car Wash,80s,lmd,D,mixolydian,0.83,kk,114.0,10 tempo events (80.0-114.0); bpm = median beat,4/4,1.0,keys lead arp drums
DISCO,,Shalamar,A Night To Remember,80s,lmd,A,phrygian,0.837,kk,108.0,7 tempo events (107.0-109.0); bpm = median beat,4/4,1.0,bass keys drums
DISCO,,Sister Sledge,Can't Mess Around With Love,80s,lmd,G,major,0.897,kk,128.0,single tempo,4/4 (none),1.0,bass chord keys guitar lead drums
DISCO,,Soul Avengerz,Someday (Felix Baumgartner Remix),?,lmd,Ab,major,0.526,kk,150.0,single tempo,4/4,1.0,bass drums
DISCO,,Soul Avengerz vs. Butcherd Beats,The Trumpets Shall Sound (Original Instrumental mix),?,lmd,G,mixolydian,0.818,kk,190.0,2 tempo events (22.0-190.0); bpm = median beat,4/4,1.0,bass keys lead
DISCO,,Starpoint,Don't Take Your Love Away,80s,lmd,F,mixolydian,0.886,kk,120.0,single tempo,4/4,1.0,keys drums
DISCO,,Stephanie Mills,Put Your Body In It,80s,lmd,A,minor,0.925,kk,121.0,single tempo,4/4,1.0,bass chord pad keys guitar lead drums
DISCO,,Sun,Ends of the Earth,?,lmd,F,minor,0.765,kk,137.0,single tempo,4/4,1.0,bass chord pad guitar lead seq fx drums
DISCO,,Suzi Quatro,Stumblin' In,80s,lmd,G,major,0.919,kk,132.0,single tempo,4/4,1.0,bass keys guitar lead drums
DISCO,,Sylvester,You Make Me Feel  (Mighty Real),?,lmd,F,mixolydian,0.82,kk,131.0,single tempo,4/4 (none),1.0,bass pad keys guitar lead fx drums
DISCO,,tavares,,?,lamd,C,major,0.899,kk,93.0,2 tempo events (93.0-250.0); bpm = median beat,4/4,1.0,bass chord pad guitar lead drums
DISCO,,tavares,,?,lamd,Eb,major,0.924,kk,125.0,2 tempo events (125.0-200.0); bpm = median beat,4/4,1.0,bass chord pad keys guitar lead drums
DISCO,,Tavares,Don't Take Away The Music,80s,lmd,Eb,major,0.915,kk,125.0,2 tempo events (125.0-200.0); bpm = median beat,4/4,1.0,bass chord pad keys guitar lead drums
DISCO,,Tavares,Heaven Must Be Missing An Angel,80s,lmd,C,major,0.873,kk,117.0,single tempo,4/4,1.0,pad keys lead drums
DISCO,,Tavares,Let Me Heal The Bruises (2004 Digital Remaster),new,lmd,Eb,major,0.761,kk,69.0,38 tempo events (34.0-69.0); bpm = median beat,4/4,1.0,bass pad keys lead drums
DISCO,,Teddy Pendergrass,In My Time (LP Version),80s,lmd,E,major,0.796,kk,124.7,957 tempo events (104.9-140.2); bpm = median beat,4/4,1.0,bass pad keys guitar lead drums
DISCO,,The Emotions,Best Of My Love,80s,lmd,C,major,0.91,kk,116.0,single tempo,4/4,1.0,bass chord pad keys guitar lead drums
DISCO,,THE FATBACK BAND,FEEL THE FIRE,new,lmd,D,mixolydian,0.716,kk,120.0,2 tempo events (120.0-125.0); bpm = median beat,4/4,1.0,pad keys lead drums
DISCO,,The Jacksons,Can You Feel It,80s,lmd,G,major,0.926,kk,140.0,single tempo,4/4,1.0,keys lead drums
DISCO,,The Michael Zager Band,Let's All Chant,80s,lmd,E,minor,0.738,kk,115.0,single tempo,4/4,1.0,bass pad keys guitar lead arp seq drums
DISCO,,The Rainbow Orchestra,Suspicious Minds,?,lmd,G,major,0.938,kk,110.0,3 tempo events (60.0-115.0); bpm = median beat,4/4,0.908,bass chord pad keys guitar lead drums
DISCO,,The Real Thing,You To Me Are Everything,80s,lmd,C,major,0.795,kk,103.0,single tempo,4/4,1.0,bass pad keys guitar lead drums
DISCO,,The Real Thing / The Real Thing,You To Me Are Everything,80s,lmd,A,minor,0.754,kk,104.0,single tempo,4/4,1.0,bass pad keys drums
DISCO,,The Rubettes,Sugar Baby Love,80s,lmd,C,major,0.856,kk,130.0,single tempo,4/4,1.0,bass chord lead drums
DISCO,,The Stylistics,I'm Coming Home,80s,lmd,C,major,0.897,kk,72.0,24 tempo events (53.0-73.0); bpm = median beat,4/4,1.0,bass pad keys guitar lead seq fx drums
DISCO,,The Trammps,Disco Inferno (Single Edit),80s,lmd,Eb,lydian,0.822,kk,130.0,single tempo,4/4,1.0,bass chord keys arp drums
DISCO,,The Weather Girls,It's Raining Men,80s,lmd,F,minor,0.868,kk,137.0,single tempo,4/4,1.0,bass chord pad keys guitar lead drums
DISCO,,Thelma Houston,Flame  (almeno Tu Nell'universo),80s,lmd,Db,mixolydian,0.933,kk,64.0,single tempo,4/4,1.0,bass chord pad keys guitar lead drums
DISCO,,Tina Charles,I Love To Love,80s,lmd,E,major,0.896,kk,101.0,single tempo,4/4,1.0,bass pad keys guitar lead drums
DISCO,,Tom Tom Club,(You Don't Stop) Wordy Rappinghood,new,lmd,G,major,0.775,bass-relative,123.0,single tempo,4/4,1.0,bass pad lead seq drums
DISCO,,Van McCoy,The Hustle (Super Hustle Mix),80s,lmd,F,major,0.918,kk,120.0,single tempo,4/4,1.0,keys lead drums
DISCO,,Vicki Sue Robinson,Turn The Beat Around,80s,lmd,Gb,minor,0.801,kk,132.0,single tempo,2/4,0.991,bass chord pad guitar seq drums
DISCO,,village people,,?,lamd,Gb,major,0.905,kk,127.0,single tempo,4/4,1.0,bass chord pad keys lead arp seq drums
DISCO,,village people,,?,lamd,G,mixolydian,0.832,kk,115.0,single tempo,4/4,1.0,chord pad keys lead drums
DISCO,,Village People,In the Navy,80s,lmd,G,major,0.887,kk,130.0,single tempo,4/4,1.0,bass pad lead drums
DISCO,,Village People,Macho Man,80s,lmd,F,major,0.845,kk,133.0,single tempo,4/4,1.0,bass chord pad drums
DISCO,,Village People,YMCA,80s,lmd,Gb,major,0.873,kk,130.0,single tempo,4/4,1.0,bass chord pad guitar lead drums
DISCO,,Vincent Oliver,Slow,new,lmd,Bb,minor,0.824,kk,115.0,single tempo,4/4,1.0,bass lead arp seq drums
DISCO,,Zero Zero,Rock 4 U (Strobelight Mix),?,lmd,Eb,major,0.92,kk,122.0,single tempo,4/4,1.0,bass chord pad keys guitar lead arp drums
DNB,,4hero,Morning Child (Daddy G Remix),new,lmd,A,major,0.881,kk,118.0,66 tempo events (53.0-118.0); bpm = median beat,4/4,1.0,bass chord keys guitar lead drums
DNB,,Amon Tobin,Keep Your Distance,new,lmd,A,phrygian,0.643,kk,111.0,single tempo,4/4,1.0,bass guitar lead drums
DNB,,Brother,Second Time Round,?,lmd,E,minor,0.946,kk,90.0,single tempo,4/4,1.0,bass pad guitar lead fx drums
DNB,,Drumattic Twins,Start Of Something,?,lmd,D,major,0.746,kk,130.0,single tempo,4/4,1.0,bass chord pad lead drums
DNB,,Ed Rush & Optical,Smarty Pants,?,lmd,Bb,minor,0.727,kk,130.0,single tempo,4/4,1.0,bass pad lead fx drums
DNB,,Pendulum,Blood Sugar [Live At Brixton Academy],new,lmd,G,phrygian,0.763,kk,90.0,single tempo,4/4,1.0,bass guitar
DNB,,Pendulum,Midnight Runner (album version),new,lmd,C,major,0.803,kk,174.0,single tempo,4/4,1.0,bass pad keys guitar lead drums
DNB,,Pendulum,Propane Nightmares [Live At Brixton Academy],new,lmd,G,minor,0.908,kk,85.0,single tempo,4/4,1.0,bass chord pad keys guitar lead drums
DNB,,Pendulum,Watercolour,new,lmd,F,minor,0.85,kk,120.0,single tempo,1/4,0.987,bass chord pad lead seq drums
DNB,,Yana Kay,L.A. Project Dream Dance Mix,new,lmd,Eb,minor,0.828,kk,83.0,single tempo,4/4,1.0,bass chord pad guitar lead fx drums
DNB,JUNGLE,Baby D,Let Me Be Your Fantasy,?,lmd,B,phrygian,0.75,kk,135.0,single tempo,4/4,1.0,bass pad keys lead drums
ELECTRO,,30 Seconds To Mars,Kings and Queens (Innerpartysystem Remix Main),new,lmd,Eb,major,0.944,kk,126.0,single tempo,4/4,1.0,bass chord pad keys lead drums
ELECTRO,,Afrika Bambaataa,B More Shake (Marcos Carnaval Vs Mavi Funk Mix),80s,lmd,A,minor,0.779,kk,120.0,single tempo,4/4,1.0,bass pad lead drums
ELECTRO,,anthony rother,,new,lamd,C,minor,0.656,kk,132.0,single tempo,4/4,1.0,bass lead
ELECTRO,,Arne Zank,Sweet Bird Of Youth,new,lmd,C,major,0.835,kk,104.0,single tempo,4/4,1.0,keys drums
ELECTRO,,Arthur Baker feat. Nona Hendrix & Ladonna,Tear Down The Walls (A1 Bassline Remix),?,lmd,A,minor,0.729,kk,60.0,2 tempo events (60.0-100.0); bpm = median beat,4/4,1.0,bass pad drums
ELECTRO,,Bodyrockers,Dignity,new,lmd,Gb,minor,0.767,kk,120.0,single tempo,4/4,1.0,bass pad guitar fx drums
ELECTRO,,Bodyrockers,I Like The Way,new,lmd,Ab,minor,0.877,kk,122.0,single tempo,4/4,1.0,bass chord keys guitar lead drums
ELECTRO,,Boys Noize,Feel Good (Tv = Off) [Shinichi Osawa Edit],new,lmd,Bb,minor,0.905,kk,135.0,single tempo,4/4,1.0,bass keys lead arp seq drums
ELECTRO,,Casiotone For The Painfully Alone,Jeane_ If You're Ever In Portland,new,lmd,Db,major,0.906,kk,150.0,single tempo,4/4,1.0,bass keys guitar lead drums
ELECTRO,,Casiotone For The Painfully Alone,OMG,new,lmd,E,mixolydian,0.883,kk,150.0,5 tempo events (140.0-214.0); bpm = median beat,4/4,1.0,keys lead drums
ELECTRO,,Casiotone For The Painfully Alone,The Subway Home (version),new,lmd,E,minor,0.85,bass-relative,70.0,20 tempo events (66.0-73.0); bpm = median beat,4/4,1.0,bass pad keys guitar drums
ELECTRO,,Casiotone For The Painfully Alone,Toby_ Take A Bow,new,lmd,A,mixolydian,0.873,kk,120.0,single tempo,4/4,1.0,bass pad guitar lead drums
ELECTRO,,Cephalgy,Teile Mit Mir Die Einsamkeit,new,lmd,Db,major,0.947,kk,136.0,single tempo,4/4 (none),1.0,bass pad guitar lead seq fx drums
ELECTRO,,Crystal Castles,Airwar,new,lmd,C,minor,0.914,kk,100.0,single tempo,4/4,1.0,bass pad guitar lead fx drums
ELECTRO,,CSS,Let's Make Love And Listen To Death From Above [Hot Chip Remix],?,lmd,G,major,0.966,kk,124.0,single tempo,4/4,1.0,bass keys arp drums
ELECTRO,,Digitalism,ZDRLT (Rewind),new,lmd,C,major,0.883,kk,150.0,single tempo,4/4,1.0,bass lead drums
ELECTRO,,Electrixx,Instinct,new,lmd,E,minor,0.764,kk,130.0,single tempo,4/4,1.0,bass lead drums
ELECTRO,,Ellen Allien,Magma (The Mfa Remix),new,lmd,Ab,minor,0.762,kk,140.0,single tempo,4/4,1.0,bass pad lead
ELECTRO,,Eric Chase,If You Tolerate This,new,lmd,G,mixolydian,0.786,kk,132.0,single tempo,4/4,1.0,bass chord keys guitar lead fx drums
ELECTRO,,Expose,More Than This,80s,lmd,Eb,minor,0.792,kk,166.5,single tempo,4/4,1.0,bass chord pad keys lead seq drums
ELECTRO,,Exposé,Your Baby Never Looked Good In Blue,80s,lmd,C,major,0.935,kk,71.0,single tempo,4/4,1.0,bass chord keys drums
ELECTRO,,Fedde Le Grand Feat. Mitch Crown,Scared Of Me,new,lmd,Ab,minor,0.958,kk,132.0,single tempo,4/4,1.0,bass chord pad keys guitar lead fx drums
ELECTRO,,Felix Da Housecat,Radio,new,lmd,Db,major,0.979,kk,131.0,single tempo,4/4,1.0,pad keys lead arp drums
ELECTRO,,Gold_ Diaz & Young Rebels,Don´t You Want Me,new,lmd,C,mixolydian,0.837,kk,122.0,single tempo,4/4,1.0,pad keys guitar fx drums
ELECTRO,,Holly Valance,Kiss Kiss,new,lmd,A,minor,0.901,kk,97.0,single tempo,4/4 (none),1.0,bass chord pad guitar lead seq drums
ELECTRO,,information society,,80s,lamd,Bb,minor,0.867,kk,120.0,single tempo,4/4,1.0,bass chord pad seq drums
ELECTRO,,information society,,80s,lamd,D,mixolydian,0.77,kk,120.0,single tempo,4/4,1.0,bass pad guitar lead fx drums
ELECTRO,,justice,,new,lamd,A,minor,0.504,kk,148.0,single tempo,4/4,0.973,bass pad lead drums
ELECTRO,,Justice,DVNO (Justice Remix),new,lmd,C,major,0.71,kk,120.0,single tempo,4/4,1.0,chord keys lead drums
ELECTRO,,Justice,We Are Your Friends (Reprise) (Album Version),new,lmd,A,minor,0.876,kk,104.0,single tempo,4/4,1.0,bass guitar drums
ELECTRO,,Kissy Sell Out,Her,new,lmd,D,minor,0.834,kk,120.0,single tempo,4/4,1.0,bass lead seq drums
ELECTRO,,Klaas,Confession,new,lmd,Eb,major,0.912,kk,135.0,single tempo,4/4,1.0,bass pad keys guitar lead fx drums
ELECTRO,,Klaas meets Haddaway,What Is Love 2K9,new,lmd,D,minor,0.898,kk,124.0,single tempo,4/4,1.0,bass pad keys guitar seq drums
ELECTRO,,Kraftwerk,Computer World (2009 Digital Remaster),80s,lmd,E,mixolydian,0.745,kk,129.0,single tempo,4/4,1.0,bass lead fx drums
ELECTRO,,Kraftwerk,Das Model (Live),80s,lmd,E,minor,0.794,kk,126.0,single tempo,4/4,1.0,keys lead arp drums
ELECTRO,,Kraftwerk,Tour De France Étape 1 (2009 Digital Remaster),80s,lmd,F,minor,0.968,kk,90.0,single tempo,4/4,1.0,bass chord pad keys guitar drums
ELECTRO,,Kraftwerk,Tour De France Étape 3 (2009 Digital Remaster),80s,lmd,C,minor,0.896,kk,105.0,single tempo,4/4,1.0,bass pad guitar seq drums
ELECTRO,,Lil Suzy,Take Me In Your Arms,?,lmd,A,minor,0.751,bass-relative,132.0,single tempo,4/4,1.0,bass pad lead seq drums
ELECTRO,,Lil' Suzy,When I Fall In Love,80s,lmd,F,minor,0.787,kk,131.0,single tempo,4/4,1.0,bass pad keys lead seq drums
ELECTRO,,Marco Bailey,Watergate,?,lmd,A,minor,0.863,kk,130.0,single tempo,4/4,1.0,keys lead drums
ELECTRO,,Metro Station,Kelsey,new,lmd,C,major,0.805,kk,118.0,single tempo,4/4,1.0,bass chord pad keys seq drums
ELECTRO,,midnight star,,80s,lamd,F,major,0.899,kk,121.0,single tempo,4/4,1.0,bass keys guitar drums
ELECTRO,,Moenia,En Algun Lugar,?,lmd,G,major,0.863,bass-relative,147.0,single tempo,4/4,1.0,bass chord pad guitar lead seq drums
ELECTRO,,MSTRKRFT,Easy Love,new,lmd,D,minor,0.94,kk,129.0,single tempo,4/4,1.0,bass chord pad keys lead arp seq drums
ELECTRO,,Nancy Martinez,For Tonight,80s,lmd,B,minor,0.874,kk,117.0,single tempo,4/4,1.0,bass lead seq fx drums
ELECTRO,,Openair,The Octagon (Club Mix),?,lmd,A,minor,0.853,kk,122.0,single tempo,4/4,1.0,bass keys lead seq drums
ELECTRO,,Pretty Poison,Catch Me I'm Falling,90s,lmd,E,major,0.978,kk,120.0,single tempo,4/4,1.0,keys drums
ELECTRO,,Richard Grey,Tainted Love (Warped Bass Mix),new,lmd,Ab,major,0.968,kk,125.0,single tempo,4/4,1.0,bass pad keys guitar lead seq drums
ELECTRO,,Rocko Schamoni,Supersticious Ladybaby,new,lmd,C,minor,0.903,kk,98.0,9 tempo events (90.0-114.0); bpm = median beat,4/4,1.0,bass chord keys guitar lead drums
ELECTRO,,Smash TV,Look At The Screen,new,lmd,E,mixolydian,0.861,kk,130.0,14 tempo events (90.0-150.0); bpm = median beat,4/4,1.0,guitar drums
ELECTRO,,Sneaky Sound System,16,new,lmd,Eb,minor,0.809,bass-relative,124.0,single tempo,4/4,1.0,bass chord pad keys lead drums
ELECTRO,,Sneaky Sound System,I Love It [Kenny Hayes Remix],new,lmd,B,minor,0.933,kk,142.0,single tempo,4/4 (none),1.0,bass chord pad lead arp seq drums
ELECTRO,,Sneaky Sound System,UFO [Bimbo Jones Twist Mix],new,lmd,E,major,0.873,kk,103.0,single tempo,4/4 (none),1.0,bass chord pad keys guitar lead drums
ELECTRO,,stevie b,,80s,lamd,A,minor,0.86,kk,135.0,2 tempo events (120.0-135.0); bpm = median beat,4/4,0.994,bass chord pad keys guitar lead seq drums
ELECTRO,,Stevie B,Heaven,90s,lmd,C,major,0.859,kk,71.0,single tempo,4/4,1.0,bass pad keys guitar seq drums
ELECTRO,,Stevie B,Silly Love Songs,90s,lmd,C,major,0.836,kk,126.0,2 tempo events (126.0-200.0); bpm = median beat,4/4,1.0,bass pad keys guitar lead drums
ELECTRO,,Subsonic Park,Bionic Garden,new,lmd,C,major,0.854,kk,120.0,single tempo,4/4,1.0,keys fx drums
ELECTRO,,Super Mal,Light Years,?,lmd,C,major,0.862,kk,123.0,3 tempo events (111.0-123.0); bpm = median beat,4/4,1.0,bass pad keys guitar lead drums
ELECTRO,,Taylor Dayne,I'll Always Love You,80s,lmd,C,major,0.841,kk,84.0,single tempo,4/4,0.939,bass pad keys guitar lead drums
ELECTRO,,Taylor Dayne,Tell It To My Heart,80s,lmd,Eb,mixolydian,0.756,kk,118.0,single tempo,4/4,1.0,bass pad keys lead seq drums
ELECTRO,,The Cover Girls,Wishing On A Star,80s,lmd,F,minor,0.845,kk,82.0,single tempo,4/4,1.0,bass chord pad keys lead seq drums
ELECTRO,,The Legends,Lucky Star (Jimahl Remix),new,lmd,D,major,0.901,kk,132.0,single tempo,4/4,1.0,bass keys guitar lead drums
ELECTRO,,The Veronicas,Hook Me Up [Tommy Trash Remix],new,lmd,G,minor,0.871,kk,134.0,single tempo,4/4 (none),1.0,bass pad lead seq fx drums
ELECTRO,,Tiga,3 weeks (Jesper Dahlback Mix),new,lmd,B,major,0.686,kk,140.0,single tempo,4/4,1.0,bass lead arp seq fx drums
ELECTRO,,Tiga,Move My Body ( Only4Erolmix),new,lmd,Db,major,0.978,kk,129.0,single tempo,4/4,1.0,bass chord pad keys lead arp seq drums
ELECTRO,,Timo Maas,Thats How I've Been Dancin' (feat. Martin Bettinghaus),new,lmd,A,minor,0.853,kk,183.0,single tempo,4/4,1.0,bass keys guitar lead drums
ELECTRO,,whodini,,80s,lamd,A,minor,0.911,kk,93.0,single tempo,4/4,1.0,bass chord pad keys lead arp drums
ELECTRO,,X-Wife,Realize,new,lmd,B,minor,0.814,kk,161.0,single tempo,4/4,1.0,bass guitar drums
FUNK,,Amy Winehouse,You Know I'm No Good,new,lmd,A,minor,0.838,kk,103.0,2 tempo events (103.0-120.0); bpm = median beat,4/4,0.99,bass chord pad guitar lead seq drums
FUNK,,Aretha Franklin,Here We Go Again,90s,lmd,C,major,0.868,kk,128.0,single tempo,4/4,1.0,bass chord pad keys guitar lead seq drums
FUNK,,average white band,,?,lamd,Db,minor,0.809,kk,101.4,178 tempo events (97.0-104.0); bpm = median beat,4/4,1.0,bass chord guitar seq drums
FUNK,,average white band,,?,lamd,G,mixolydian,0.695,kk,110.0,single tempo,4/4,1.0,bass chord keys guitar lead drums
FUNK,,Average White Band,Pick Up The Pieces (LP Version),?,lmd,Eb,major,0.747,kk,108.0,single tempo,4/4,1.0,bass keys guitar arp drums
FUNK,,Barry Künzel,Das hängt voll (edition Tromo/Rückbank),?,lmd,D,mixolydian,0.757,kk,113.0,15 tempo events (91.8-113.0); bpm = median beat,4/4,1.0,bass chord pad keys drums
FUNK,,Beverley Knight,Remember Me (Contains Hidden Track 'Fatal Factor'),new,lmd,C,major,0.943,kk,120.0,single tempo,4/4,1.0,bass pad keys guitar lead arp drums
FUNK,,Big Boss Man,Beat Breakfast,new,lmd,F,minor,0.808,kk,138.0,single tempo,4/4 (none),1.0,bass keys guitar drums
FUNK,,Billy Preston,My Sweet Lord (LP Version),80s,lmd,Db,minor,0.759,kk,110.0,single tempo,4/4,1.0,keys guitar fx drums
FUNK,,Black Eyed Peas,Shut Up,new,lmd,D,minor,0.885,kk,112.0,single tempo,4/4,1.0,bass pad guitar lead seq fx drums
FUNK,,Booker T & The MG's,Hip Hug Her,80s,lmd,Bb,mixolydian,0.787,kk,108.0,single tempo,4/4,1.0,bass keys guitar drums
FUNK,,bruno mars,,new,lamd,B,phrygian,0.948,kk,69.0,single tempo,4/4,1.0,bass pad keys lead seq drums
FUNK,,Cameo,Word Up!,?,lmd,D,major,0.934,kk,105.0,single tempo,4/4,1.0,bass chord pad keys guitar lead drums
FUNK,,Chairmen Of The Board,Bridge Over Troubled Water,80s,lmd,Eb,major,0.974,kk,82.0,6 tempo events (50.0-130.0); bpm = median beat,4/4,1.0,bass pad keys guitar seq drums
FUNK,,Chi-Lites,Have You Seen Her?,80s,lmd,E,major,0.971,kk,72.0,single tempo,4/4,1.0,bass chord pad keys lead drums
FUNK,,Commodores,Brick House,80s,lmd,D,mixolydian,0.806,kk,108.0,single tempo,4/4,1.0,bass chord keys guitar drums
FUNK,,Commodores,Just To Be Close To You,80s,lmd,C,minor,0.793,kk,64.0,single tempo,4/4,1.0,bass pad keys guitar lead drums
FUNK,,Commodores,Nightshift,80s,lmd,Ab,major,0.9,kk,105.0,single tempo,4/4,1.0,bass pad keys guitar lead drums
FUNK,,Commodores,Sail On,80s,lmd,Db,major,0.837,kk,69.0,single tempo,4/4,1.0,bass chord pad keys guitar lead drums
FUNK,,Commodores,Still,80s,lmd,Db,major,0.933,kk,64.0,107 tempo events (31.0-66.0); bpm = median beat,4/4,1.0,bass chord pad keys guitar lead drums
FUNK,,Curtis Mayfield,Superfly (LP Version),?,lmd,E,dorian,0.747,kk,120.0,2 tempo events (90.0-120.0); bpm = median beat,4/4,1.0,bass chord guitar lead seq drums
FUNK,,Dooley-O,Soaps (instrumental),?,lmd,E,minor,0.849,kk,102.0,single tempo,4/4,1.0,bass lead drums
FUNK,,Dr. John,Such a Night,?,lmd,F,major,0.922,kk,121.0,single tempo,4/4,1.0,bass chord pad keys guitar lead seq drums
FUNK,,Earth_ Wind & Fire,After The Love Is Gone,80s,lmd,Bb,major,0.643,kk,70.0,single tempo,2/4,0.945,bass pad keys lead arp drums
FUNK,,Earth_ Wind & Fire,Getaway,80s,lmd,F,minor,0.873,kk,113.0,single tempo,4/4,0.956,bass chord pad keys guitar lead arp seq drums
FUNK,,Earth_ Wind & Fire,Let's Groove,80s,lmd,B,minor,0.765,bass-relative,125.0,7 tempo events (123.0-128.0); bpm = median beat,4/4,1.0,bass chord keys guitar lead arp seq drums
FUNK,,En Vogue,My Lovin' (You're Never Gonna Get It) (LP Version),new,lmd,Bb,dorian,0.589,bass-relative,98.0,single tempo,4/4,1.0,bass chord pad guitar lead drums
FUNK,,Eva Cassidy,The Shadow of Your Smile,new,lmd,E,minor,0.842,kk,98.0,single tempo,4/4,1.0,bass pad keys lead arp drums
FUNK,,Fergie,Clumsy,new,lmd,C,major,0.889,kk,185.0,single tempo,4/4,1.0,bass pad guitar lead fx drums
FUNK,,Get Well Soon,A Burial At Sea,new,lmd,E,minor,0.963,kk,80.0,single tempo,4/4,1.0,bass pad keys guitar lead drums
FUNK,,herbie hancock,,?,lamd,D,phrygian,0.607,kk,109.0,single tempo,4/4,1.0,bass keys lead drums
FUNK,,herbie hancock,,?,lamd,E,mixolydian,0.725,kk,123.0,18 tempo events (119.0-126.0); bpm = median beat,4/4,1.0,bass keys lead seq drums
FUNK,,herbie hancock,,?,lamd,Bb,dorian,0.795,kk,90.0,single tempo,4/4,1.0,bass keys guitar lead seq drums
FUNK,,Herbie Hancock,Cantaloupe Island,80s,lmd,F,minor,0.78,kk,117.0,single tempo,4/4,1.0,bass chord keys guitar drums
FUNK,,Herbie Hancock,Stars In Your Eyes,80s,lmd,D,minor,0.864,kk,111.0,single tempo,4/4,1.0,bass keys guitar lead drums
FUNK,,Hues Corporation,Rock The Boat,80s,lmd,Eb,major,0.95,kk,115.0,single tempo,4/4,1.0,bass pad keys lead drums
FUNK,,Ike & Tina Turner,Nutbush City Limits,80s,lmd,A,dorian,0.818,kk,153.0,single tempo,4/4,1.0,bass chord keys guitar lead seq drums
FUNK,,Isaac Hayes,Theme From Shaft,80s,lmd,C,major,0.508,kk,117.0,single tempo,4/4,0.962,keys guitar drums
FUNK,,james brown,,?,lamd,B,dorian,0.781,kk,124.0,single tempo,4/4,1.0,bass chord keys guitar lead drums
FUNK,,James Brown,Get Up I Feel Like Being A Sex Machine (Part 2),?,lmd,Db,major,0.702,bass-relative,108.0,single tempo,4/4,1.0,bass chord keys guitar lead drums
FUNK,,James Brown,I Got The Feelin',?,lmd,F,minor,0.585,kk,125.0,27 tempo events (122.0-133.0); bpm = median beat,1/8,0.938,bass keys guitar lead drums
FUNK,,Jamiroquai,Half The Man,80s,lmd,D,major,0.878,kk,83.0,28 tempo events (50.0-83.0); bpm = median beat,4/4,1.0,bass keys guitar lead drums
FUNK,,Jamiroquai,Love Foolosophy,new,lmd,B,minor,0.751,kk,130.0,single tempo,4/4 (none),1.0,bass pad keys guitar lead drums
FUNK,,Jamiroquai,Too Young To Die,80s,lmd,C,minor,0.903,kk,98.0,9 tempo events (90.0-114.0); bpm = median beat,4/4,1.0,bass chord keys guitar lead seq drums
FUNK,,Jamiroquai,When You Gonna Learn?,new,lmd,C,mixolydian,0.745,kk,107.0,2 tempo events (107.0-110.0); bpm = median beat,4/4,1.0,bass chord keys lead seq drums
FUNK,,Janet Jackson,Interlude - Fasten Your Seatbelts,90s,lmd,Eb,major,0.855,kk,79.0,286 tempo events (30.0-208.0); bpm = median beat,4/4,0.796,bass pad keys guitar lead drums
FUNK,,Jean Knight,Mr. Big Stuff,80s,lmd,Ab,major,0.801,kk,99.0,single tempo,4/4,1.0,bass lead drums
FUNK,,Jill Jones,Living For The Weekend,?,lmd,Db,minor,0.87,kk,135.6,2 tempo events (135.6-136.8); bpm = median beat,4/4,1.0,bass chord pad guitar lead seq drums
FUNK,,Kevin Toney,Dilemma,?,lmd,C,mixolydian,0.865,kk,85.0,single tempo,4/4,1.0,bass keys lead drums
FUNK,,Kool & The Gang,(When You Say You Love Somebody) In The Heart,80s,lmd,G,major,0.884,kk,104.0,single tempo,4/4,1.0,bass guitar lead drums
FUNK,,Kool & The Gang,Celebration,80s,lmd,Ab,mixolydian,0.874,kk,122.0,single tempo,4/4,1.0,bass chord pad keys guitar lead seq drums
FUNK,,Kool & The Gang,Tonight,80s,lmd,D,minor,0.873,kk,113.0,single tempo,4/4,1.0,bass chord keys drums
FUNK,,Labelle (featuring Patti Labelle),Lady Marmalade,80s,lmd,G,dorian,0.818,kk,115.0,single tempo,4/4,1.0,bass chord pad keys guitar lead drums
FUNK,,lakeside,,?,lamd,D,mixolydian,0.865,kk,155.0,single tempo,4/4,1.0,bass pad keys lead drums
FUNK,,Lee Fields,Three Birds,?,lmd,A,major,0.958,kk,146.0,single tempo,4/4,1.0,bass keys drums
FUNK,,Lee Fields & The Expressions,These Moments,new,lmd,C,major,0.847,kk,82.0,single tempo,2/4,0.98,bass guitar lead drums
FUNK,,Living Proof,Writing on the Wall,?,lmd,G,major,0.849,kk,133.0,single tempo,4/4,1.0,bass pad guitar lead drums
FUNK,,Lyrics Born,Don't Change,new,lmd,A,mixolydian,0.678,kk,104.0,single tempo,4/4,1.0,bass keys drums
FUNK,,MFSB,Back Stabbers,80s,lmd,C,minor,0.957,kk,120.0,single tempo,4/4,1.0,keys drums
FUNK,,MFSB featuring The Three Degrees,T.S.O.P. (The Sound Of Philadelphia),80s,lmd,C,dorian,0.789,kk,120.0,single tempo,4/4,1.0,bass chord pad keys lead drums
FUNK,,Michael Jackson,Thriller,80s,lmd,Db,minor,0.845,kk,118.0,single tempo,4/4,1.0,bass chord pad keys guitar lead seq drums
FUNK,,Moon Cresta,The Last Dance,?,lmd,C,major,0.83,kk,68.0,single tempo,4/4,1.0,bass pad keys guitar lead drums
FUNK,,Negrita,Ho Imparato A Sognare,90s,lmd,Eb,major,0.979,kk,79.0,8 tempo events (67.0-79.0); bpm = median beat,4/4 (none),1.0,bass chord keys guitar arp drums
FUNK,,Nicole Willis / The Soul Investigators,Feeling Free,new,lmd,D,mixolydian,0.812,kk,130.0,single tempo,4/4,1.0,bass pad guitar lead drums
FUNK,,ohio players,,?,lamd,A,minor,0.83,kk,110.0,single tempo,4/4,1.0,bass keys lead drums
FUNK,,Orange Blue,Can Somebody Tell Me Who I Am (Acoustic Version),new,lmd,A,minor,0.534,kk,126.0,3 tempo events (63.0-126.0); bpm = median beat,4/4,1.0,bass chord pad keys guitar lead drums
FUNK,,OutKast,Roses,new,lmd,G,major,0.958,kk,109.0,single tempo,4/4 (none),1.0,bass keys lead arp seq drums
FUNK,,Prince,1999 (LP Version),new,lmd,F,mixolydian,0.847,kk,119.0,single tempo,4/4,1.0,bass chord pad keys guitar drums
FUNK,,Prince,I Would Die 4 U,80s,lmd,A,mixolydian,0.944,kk,135.0,single tempo,4/4,1.0,bass chord pad keys lead fx drums
FUNK,,Prince,When Doves Cry (Album Version),80s,lmd,A,minor,0.745,kk,126.0,single tempo,4/4,1.0,pad keys guitar lead drums
FUNK,,Prince,When We're Dancing Close And Slow (LP Version),80s,lmd,B,major,0.936,kk,87.0,2 tempo events (40.0-87.0); bpm = median beat,1/16,0.988,bass chord pad keys lead drums
FUNK,,Prince & The New Power Generation,Cream ( LP Version W/O Rap Monologue ),80s,lmd,Bb,mixolydian,0.873,kk,113.0,single tempo,4/4,1.0,bass pad keys guitar lead drums
FUNK,,Prince & The Revolution,Kiss [Extended Version],80s,lmd,A,mixolydian,0.8,kk,113.0,single tempo,4/4,1.0,bass chord keys guitar lead seq drums
FUNK,,Rare Earth,Get Ready,80s,lmd,D,minor,0.768,kk,127.8,5 tempo events (64.8-140.0); bpm = median beat,4/4,0.987,bass chord keys guitar lead drums
FUNK,,Red Hot Chili Peppers,Blood Sugar Sex Magik [Live 2007],new,lmd,E,minor,0.706,kk,74.0,single tempo,1/8,0.988,bass guitar lead drums
FUNK,,Red Hot Chili Peppers,My Friends (Album Version),new,lmd,A,minor,0.724,kk,75.0,2 tempo events (55.0-75.0); bpm = median beat,2/4,0.955,bass guitar drums
FUNK,,Red Hot Chili Peppers,Snow [Hey Oh] (Album Version),new,lmd,Ab,minor,0.835,bass-relative,100.0,single tempo,4/4,1.0,bass pad guitar lead drums
FUNK,,Red Hot Chili Peppers,Soul To Squeeze (Album Version),new,lmd,F,major,0.903,kk,88.0,single tempo,4/4 (none),1.0,bass pad guitar lead drums
FUNK,,Red Hot Chili Peppers,The Zephyr Song (Album Version),new,lmd,D,mixolydian,0.861,kk,118.0,6 tempo events (100.0-118.0); bpm = median beat,4/4,1.0,bass guitar lead drums
FUNK,,rick james,,?,lamd,A,minor,0.95,kk,132.0,single tempo,4/4,1.0,bass keys guitar lead drums
FUNK,,Rick James,Give It To Me Baby,80s,lmd,E,major,0.651,kk,124.0,8 tempo events (118.0-128.0); bpm = median beat,4/4 (none),1.0,bass chord keys guitar lead seq drums
FUNK,,Rick James,Super Freak,80s,lmd,A,minor,0.783,kk,135.0,single tempo,4/4,1.0,bass chord keys guitar lead drums
FUNK,,Rick James,You And I,80s,lmd,Eb,dorian,0.803,bass-relative,114.0,single tempo,4/4,1.0,bass chord pad keys guitar lead drums
FUNK,,Rocky Orchestra,Gonna Fly Now,?,lmd,A,minor,0.862,kk,97.0,2 tempo events (91.0-97.0); bpm = median beat,4/4,1.0,bass chord pad keys guitar lead drums
FUNK,,Sam Baker,Sunny,?,lmd,F,minor,0.817,kk,67.0,60 tempo events (35.0-67.0); bpm = median beat,4/4,1.0,bass pad keys guitar lead drums
FUNK,,Seymour Bits,Free (freaksjacktheboxspeakesy) (Freaks Vocal Remix),?,lmd,D,mixolydian,0.868,kk,132.0,single tempo,4/4,1.0,bass chord pad keys guitar drums
FUNK,,sly the family stone,,?,lamd,G,major,0.879,kk,120.0,single tempo,4/4,1.0,bass chord pad keys guitar lead drums
FUNK,,Spectacular! Cast,Eye Of The Tiger,?,lmd,C,minor,0.952,kk,119.0,single tempo,4/4,1.0,bass chord pad keys guitar drums
FUNK,,Spinners,They Just Can't Stop It the (Games People Play) (Remastered Remix Version),?,lmd,D,major,0.8,kk,150.0,single tempo,4/4,1.0,bass chord keys lead drums
FUNK,,Sticky Pistil,Fundamental Thang,?,lmd,E,minor,0.813,kk,107.0,3 tempo events (107.0-110.0); bpm = median beat,4/4,1.0,bass pad keys guitar lead seq drums
FUNK,,Streetwize,Between the Sheets,new,lmd,F,lydian,0.664,bass-relative,84.0,single tempo,4/4,1.0,bass keys guitar lead drums
FUNK,,The Bar-Kays,She Talks To Me With Her Body,90s,lmd,A,minor,0.758,kk,124.0,single tempo,4/4,1.0,bass lead fx
FUNK,,The Controllers,Heaven Is Only One Step Away (LP Version),?,lmd,E,phrygian,0.782,kk,136.0,single tempo,4/4,1.0,bass chord pad keys guitar lead drums
FUNK,,The Family,05. The Family - Different (Retro Extended Mix),?,lmd,A,minor,0.804,kk,129.0,119 tempo events (72.0-129.0); bpm = median beat,4/4,1.0,bass chord pad keys guitar lead drums
FUNK,,the gap band,,?,lamd,Ab,major,0.907,kk,77.0,single tempo,4/4,1.0,bass pad keys lead seq drums
FUNK,,The Gap Band,Season's No Reason To Change,80s,lmd,C,major,0.83,kk,73.0,single tempo,4/4,1.0,bass pad keys guitar fx drums
FUNK,,The Hues Corporation,Rock The Boat,80s,lmd,Eb,major,0.962,kk,103.0,single tempo,4/4,0.974,bass pad keys guitar lead drums
FUNK,,The Isley Brothers,Harvest For The World,80s,lmd,G,major,0.713,kk,128.0,single tempo,4/4,1.0,bass keys guitar lead drums
FUNK,,The Jimmy Castor Bunch,First Time Ever I Saw Your Face,80s,lmd,C,major,0.911,kk,74.0,single tempo,4/4,1.0,bass pad keys guitar drums
FUNK,,The Mar-Keys,Let It Be,new,lmd,C,major,0.991,kk,70.0,single tempo,4/4,1.0,bass pad keys guitar lead seq drums
FUNK,,The Rock Masters,Under The Bridge,?,lmd,E,major,0.859,kk,80.0,2 tempo events (70.0-80.0); bpm = median beat,4/4,1.0,bass guitar lead drums
FUNK,,The Roots,3rd Acts: ? Vs. Scratch 2 ... Electric Boogaloo,?,lmd,E,minor,0.828,kk,95.0,single tempo,4/4,1.0,arp drums
FUNK,,The Temptations,My Love,90s,lmd,F,minor,0.858,kk,149.0,single tempo,4/4,1.0,bass chord pad keys drums
FUNK,,The Undisputed Truth,Ball Of Confusion (That's What The World Is Today),new,lmd,C,mixolydian,0.818,kk,80.0,single tempo,4/4,1.0,bass chord keys guitar arp drums
FUNK,,The Watts 103rd. Street Rhythm Band,The Girl From Ipanema (Remastered Version),80s,lmd,F,major,0.752,kk,124.0,single tempo,4/4,1.0,bass pad keys lead drums
FUNK,,tower of power,,?,lamd,E,dorian,0.704,kk,195.0,12 tempo events (150.0-195.0); bpm = median beat,4/4,1.0,bass keys lead drums
FUNK,,Ultimate Breaks & Beats,Jack & Diane,?,lmd,E,mixolydian,0.87,kk,103.0,single tempo,4/4,1.0,bass chord keys guitar drums
FUNK,,V V Brown,Shark In The Water,new,lmd,Db,minor,0.764,kk,126.0,single tempo,4/4 (none),1.0,bass keys arp drums
FUNK,,wild cherry,,?,lamd,E,mixolydian,0.633,kk,110.0,single tempo,4/4,1.0,bass chord guitar drums
FUNK,,Wild Cherry,Play That Funky Music,80s,lmd,E,minor,0.854,kk,111.0,single tempo,4/4,1.0,bass chord guitar lead drums
FUNK,,zapp,,?,lamd,C,minor,0.732,kk,128.0,single tempo,4/4,1.0,bass pad lead seq fx drums
GARAGE,,Artful Dodger Feat Craig David,Re-Rewind (Radio Edit),?,lmd,D,major,0.858,kk,137.0,2 tempo events (120.0-137.0); bpm = median beat,4/4,0.993,bass keys lead seq drums
GARAGE,,Craig David,7 Days (Album Version),new,lmd,E,minor,0.965,kk,83.0,single tempo,4/4 (none),1.0,bass guitar drums
GARAGE,,Craig David,Hidden Agenda,new,lmd,C,major,0.866,kk,96.0,single tempo,4/4,1.0,bass guitar lead drums
GARAGE,,Craig David,Hot Stuff (Let's Dance),new,lmd,Eb,mixolydian,0.777,kk,113.0,single tempo,4/4,1.0,bass chord pad keys guitar lead seq drums
GARAGE,,Craig David,I Wonder Why,new,lmd,G,mixolydian,0.846,kk,91.0,single tempo,4/4,1.0,keys lead drums
GARAGE,,Craig David,Insomnia [Donaeo Remix],new,lmd,Db,major,0.875,kk,100.0,single tempo,4/4,1.0,bass pad keys lead seq drums
GARAGE,,Craig David,Rendezvous (Album Version),new,lmd,D,minor,0.707,kk,81.0,single tempo,4/4,1.0,bass guitar arp drums
GARAGE,,Craig David,Rise & Fall [Feat. Sting],new,lmd,Gb,minor,0.72,kk,165.0,single tempo,4/4,1.0,bass chord pad guitar drums
GARAGE,,Craig David,Walking Away - Live In Seoul [September 2005],new,lmd,A,minor,0.809,kk,86.0,single tempo,4/4,1.0,bass pad keys guitar lead seq drums
GARAGE,,daniel bedingfield,,?,lamd,Bb,major,0.925,kk,120.0,122 tempo events (104.4-120.6); bpm = median beat,4/4,0.992,bass chord pad keys guitar lead seq drums
GARAGE,,Daniel Bedingfield,Friday,new,lmd,Ab,major,0.656,bass-relative,155.0,single tempo,4/4,1.0,bass pad guitar lead seq drums
GARAGE,,Daniel Bedingfield,Gotta Get Thru This,new,lmd,G,minor,0.886,kk,133.0,single tempo,4/4,1.0,bass pad keys guitar lead arp drums
GARAGE,,Daniel Bedingfield,i cant read you,?,freemidi,E,major,0.959,kk,137.0,2 tempo events (120.0-137.0); bpm = median beat,4/4,1.0,bass pad guitar lead drums
GARAGE,,Daniel Bedingfield,If You're Not The One,new,lmd,Bb,major,0.939,kk,120.0,78 tempo events (100.0-120.0); bpm = median beat,4/4,1.0,bass pad keys guitar fx drums
GARAGE,,Daniel Bedingfield,James Dean (I Wanna Know),new,lmd,B,minor,0.916,kk,130.0,2 tempo events (100.0-130.0); bpm = median beat,4/4,1.0,bass chord pad keys guitar lead seq drums
GARAGE,,Disclosure,you and me flume remix by sf 360 productions,new,freemidi,Bb,minor,0.883,kk,145.0,single tempo,4/4,1.0,bass chord keys drums
GARAGE,,Ed Case;Harvey,When I Roll,new,lmd,Eb,major,0.791,kk,128.0,3 tempo events (80.0-128.0); bpm = median beat,4/4,1.0,bass chord pad keys guitar lead drums
GARAGE,,Ed Case;Ms. Dynamite,Deal With The Matter,new,lmd,D,mixolydian,0.735,kk,133.0,single tempo,4/4,1.0,bass guitar lead drums
GARAGE,,gabrielle,,?,lamd,F,major,0.936,kk,154.0,2 tempo events (120.0-154.0); bpm = median beat,4/4,1.0,bass chord pad keys guitar lead drums
GARAGE,,gabrielle,,?,lamd,Gb,minor,0.574,kk,180.0,single tempo,4/4,1.0,pad guitar lead seq
GARAGE,,Gabrielle,Dreams,80s,lmd,E,major,0.875,kk,100.0,3 tempo events (90.0-100.0); bpm = median beat,4/4,1.0,bass pad guitar seq drums
GARAGE,,Gabrielle,gabby dance,?,freemidi,C,minor,0.848,kk,136.0,single tempo,4/4,1.0,pad lead drums
GARAGE,,Gabrielle,rise,?,freemidi,Eb,mixolydian,0.791,kk,72.0,single tempo,4/4,1.0,bass pad keys guitar lead drums
GARAGE,,Gabrielle,should i stay should i go,?,freemidi,D,minor,0.879,kk,70.0,18 tempo events (67.0-71.0); bpm = median beat,4/4,1.0,bass chord pad keys guitar arp seq drums
GARAGE,,Gabrielle,sunshine,?,freemidi,C,minor,0.722,kk,96.0,single tempo,4/4,1.0,bass chord pad keys guitar lead drums
GARAGE,,"H ""two"" O Feat. Platnum",What's It Gonna Be,new,lmd,C,phrygian,0.91,kk,125.0,single tempo,4/4,1.0,bass pad keys guitar drums
GARAGE,,Just Jack,No Time,new,lmd,F,major,0.7,kk,121.0,single tempo,4/4,1.0,bass pad keys guitar fx drums
GARAGE,,Melanie B,Feels So Good,new,lmd,D,major,0.905,kk,85.0,single tempo,4/4 (none),1.0,bass pad keys guitar lead seq drums
GARAGE,,Mis-Teeq,Scandalous,new,lmd,C,minor,0.757,kk,103.0,single tempo,4/4,1.0,bass chord lead drums
GARAGE,,Ms. Dynamite,Brother,new,lmd,A,major,0.951,kk,102.0,single tempo,4/4,1.0,bass pad keys guitar lead drums
GARAGE,,Ramadanman,Revenue,new,lmd,F,major,0.862,kk,128.2,4 tempo events (128.2-384.6); bpm = median beat,4/4 (none),1.0,bass pad keys lead arp seq drums
GARAGE,,Shanks & Bigfoot,Sweet Like Chocolate,90s,lmd,D,minor,0.981,kk,130.0,single tempo,4/4,1.0,bass chord pad keys lead seq drums
GARAGE,,The Streets,Never Went To Church,?,lmd,C,major,0.989,kk,73.0,6 tempo events (60.0-73.0); bpm = median beat,4/4,1.0,bass pad keys guitar seq drums
GARAGE,,The Streets,Same Old Thing (Outlaw Breaks Remix),?,lmd,A,mixolydian,0.86,kk,131.0,single tempo,2/4,0.993,bass chord guitar drums
GARAGE,,The Streets,Stay Positive (Album Version),?,lmd,G,minor,0.829,kk,95.0,single tempo,4/4,1.0,keys drums
GARAGE,,truesteppers,,?,lamd,Db,minor,0.81,kk,136.0,single tempo,4/4,1.0,keys lead arp drums
HARDCORE,,Angel City Feat. Lara Mcallen,Love Me Right (Oh Sheila),new,lmd,Bb,minor,0.675,kk,134.0,single tempo,4/4,1.0,chord keys guitar drums
HARDCORE,,Bass Alliance,B-side,?,lmd,G,major,0.773,kk,154.0,single tempo,4/4,1.0,keys lead seq drums
HARDCORE,,d block s te fan,,new,lamd,Gb,minor,0.866,kk,148.0,single tempo,4/4 (none),1.0,keys lead arp
HARDCORE,,d block s te fan,,new,lamd,Gb,minor,0.621,kk,120.0,single tempo,4/4,1.0,bass lead
HARDCORE,,darren styles,,?,lamd,B,lydian,0.851,kk,148.0,single tempo,4/4,1.0,bass keys lead seq
HARDCORE,,Darren Styles,Different Groove,new,lmd,E,mixolydian,0.89,kk,177.8,single tempo,4/4,1.0,bass chord keys guitar drums
HARDCORE,,Darren Styles,Save Me,new,lmd,Db,mixolydian,0.672,kk,170.0,single tempo,4/4,1.0,bass pad lead
HARDCORE,,DJ Hooligan,The Mystic Culture,80s,lmd,C,mixolydian,0.798,kk,155.0,single tempo,4/4,1.0,bass chord pad keys guitar lead seq drums
HARDCORE,,dj paul elstak,,?,lamd,Db,dorian,0.868,kk,168.0,single tempo,4/4,1.0,bass chord pad keys arp drums
HARDCORE,,dougal gammer,,?,lamd,A,minor,0.709,kk,120.0,single tempo,4/4 (none),1.0,keys
HARDCORE,,dougal gammer,,?,lamd,A,minor,0.828,kk,174.0,single tempo,4/4,1.0,bass keys lead
HARDCORE,,hixxy,,?,lamd,Gb,major,0.927,kk,160.0,single tempo,4/4,1.0,bass pad keys lead drums
HARDCORE,,Mark 'Oh,Tears Dont Lie 2002 (Original Short Mix),?,lmd,G,major,0.952,kk,165.0,single tempo,4/4,1.0,bass pad keys lead seq drums
HARDCORE,,Marmion,Schöneberg,80s,lmd,Gb,dorian,0.816,kk,130.1,single tempo,4/4,1.0,bass pad keys lead seq drums
HARDCORE,,Modulate,No Good,new,lmd,C,minor,0.856,kk,144.0,single tempo,4/4 (none),1.0,bass chord pad lead drums
HARDCORE,,n trance,,?,lamd,Bb,mixolydian,0.728,kk,107.0,single tempo,4/4,1.0,bass pad keys arp seq drums
HARDCORE,,n trance,,?,lamd,D,minor,0.899,kk,112.0,single tempo,4/4,1.0,bass pad keys guitar lead drums
HARDCORE,,n trance,,?,lamd,D,minor,0.899,kk,112.0,single tempo,4/4,1.0,bass pad keys guitar lead drums
HARDCORE,,Nakatomi,Children Of The Night,90s,lmd,D,major,0.946,kk,171.5,single tempo,4/4,1.0,bass pad keys lead drums
HARDCORE,,Praga Khan,Picture This,new,lmd,D,major,0.794,kk,120.0,single tempo,4/4 (none),1.0,bass pad keys guitar lead fx drums
HARDCORE,,RMB,Redemption 2.0,new,lmd,E,minor,0.872,kk,133.0,single tempo,4/4,1.0,bass pad keys lead seq fx drums
HARDCORE,,Scooter,back in the uk,?,freemidi,A,minor,0.92,kk,176.0,single tempo,4/4,1.0,bass chord pad keys guitar arp drums
HARDCORE,,Scooter,Endless Summer,?,lmd,C,major,0.828,kk,156.7,single tempo,4/4,1.0,bass chord keys guitar lead drums
HARDCORE,,Scooter,Friends,?,lmd,G,major,0.941,kk,173.0,single tempo,4/4,1.0,bass pad lead arp fx drums
HARDCORE,,Scooter,Posse (I Need You On The Floor),?,lmd,Ab,mixolydian,0.836,kk,110.0,single tempo,4/4,1.0,guitar drums
HARDCORE,,Scooter,Rebel Yell,?,lmd,A,minor,0.855,kk,176.0,single tempo,4/4,1.0,bass pad lead arp drums
HARDCORE,,Scooter,Scooter Del Mar,?,lmd,E,minor,0.793,kk,106.0,single tempo,4/4,1.0,bass pad lead fx drums
HARDCORE,,Scooter,Shinjuku,?,lmd,A,minor,0.891,kk,131.0,single tempo,4/4,1.0,bass chord pad keys lead arp drums
HARDCORE,,Scooter,Watch Out,?,lmd,C,major,0.876,kk,135.0,single tempo,4/4,1.0,bass chord pad keys lead arp seq drums
HARDCORE,,showtek,,new,lamd,F,minor,0.746,kk,128.0,single tempo,4/4 (none),1.0,bass chord arp
HARDCORE,,Showtek,Down With This,new,lmd,D,major,0.617,kk,170.0,single tempo,4/4,1.0,bass lead drums
HARDCORE,,Showtek,We Speak Music,new,lmd,C,minor,0.891,kk,82.0,single tempo,4/4,1.0,bass pad keys guitar seq fx drums
HARDCORE,,Sl2,On A Ragga Tip 97 (goodfellos Radio Edit),?,lmd,D,major,0.983,kk,93.0,single tempo,4/4,1.0,bass pad keys guitar lead seq drums
HARDCORE,,Starsplash,Cold As Ice,new,lmd,Eb,minor,0.859,kk,130.0,single tempo,4/4,1.0,bass pad keys guitar lead drums
HARDCORE,,Topmodelz,Your Love,new,lmd,E,major,0.735,bass-relative,133.0,single tempo,4/4,1.0,bass chord pad keys lead arp fx drums
HARDCORE,,Trick & Kubic feat. Valeska,Easy (Niekisch & Hermann Dub),new,lmd,A,dorian,0.829,kk,104.0,single tempo,4/4,1.0,bass pad arp drums
HARDCORE,,ultra sonic,,?,lamd,Eb,major,0.848,kk,140.0,single tempo,4/4,1.0,pad keys arp
HARDCORE,,Weaver,F'kin With The Beat,?,lmd,B,major,0.894,kk,172.0,single tempo,4/4 (none),1.0,bass arp seq drums
HIPHOP,,+ / - {Plus/Minus},Flight Data Recorder,?,lmd,E,major,0.91,kk,80.0,single tempo,4/4,1.0,bass keys guitar lead drums
HIPHOP,,2Pac,How Do U Want It,90s,lmd,Eb,minor,0.711,kk,94.0,single tempo,4/4,1.0,keys lead drums
HIPHOP,,2Pac,How Do You Want It,new,lmd,Eb,mixolydian,0.772,kk,94.0,single tempo,4/4,1.0,keys guitar lead drums
HIPHOP,,3rd Bass,Stymie's Theme,80s,lmd,E,minor,0.879,kk,76.0,3 tempo events (76.0-120.0); bpm = median beat,4/4,0.984,bass pad keys guitar lead drums
HIPHOP,,Afroman,Because I Got High,new,lmd,G,major,0.966,kk,86.0,single tempo,4/4,1.0,bass keys lead seq drums
HIPHOP,,Akon,Don't Matter,new,lmd,Bb,major,0.965,kk,128.0,single tempo,4/4,1.0,bass pad keys guitar lead fx drums
HIPHOP,,Akon,Locked Up,new,lmd,G,minor,0.817,kk,90.0,single tempo,4/4,1.0,bass pad keys lead seq
HIPHOP,,Beyoncé,If I Were A Boy,new,lmd,Eb,minor,0.926,kk,122.0,single tempo,4/4,1.0,bass chord pad keys guitar lead arp fx drums
HIPHOP,,Blash,Gheseye Shekast,?,lmd,Db,major,0.897,kk,126.0,single tempo,4/4,1.0,bass pad keys guitar fx drums
HIPHOP,,Blir,1:23,?,lmd,G,phrygian,0.792,kk,134.0,single tempo,4/4,1.0,keys guitar lead drums
HIPHOP,,Blir,3:12,?,lmd,A,mixolydian,0.85,kk,154.0,55 tempo events (123.0-154.0); bpm = median beat,4/4,1.0,bass keys lead arp drums
HIPHOP,,Bobby Brown,Rock Wit'cha,80s,lmd,B,minor,0.89,kk,77.0,single tempo,4/4,1.0,bass pad keys drums
HIPHOP,,Bobby Brown,Roni,80s,lmd,A,major,0.832,kk,74.0,single tempo,4/4,1.0,bass pad keys lead drums
HIPHOP,,C-Block,Broken Wings,90s,lmd,Db,mixolydian,0.782,kk,100.0,single tempo,4/4,1.0,bass pad keys guitar seq drums
HIPHOP,,C-Block,So Strung Out - Extended Version,90s,lmd,A,minor,0.862,kk,120.0,single tempo,4/4,1.0,bass chord pad lead drums
HIPHOP,,Christina Stürmer,Weisst Du wohin wir gehen (Karaoke Version),?,lmd,D,major,0.926,kk,124.0,single tempo,4/4,1.0,bass pad keys guitar fx drums
HIPHOP,,Compton's Most Wanted,This Is A Gang,80s,lmd,E,minor,0.741,kk,90.0,single tempo,4/4,1.0,bass pad keys guitar seq drums
HIPHOP,,Coolio,Let's Do It (Amended LP Version),90s,lmd,E,phrygian,0.674,bass-relative,98.0,single tempo,4/4,1.0,bass keys lead drums
HIPHOP,,Coolio feat. L.V.,Gangsta's Paradise (LP Version),?,lmd,C,minor,0.808,kk,79.0,single tempo,4/4,1.0,bass chord pad seq drums
HIPHOP,,Culture Beat,Your Love,new,lmd,A,minor,0.796,kk,135.0,single tempo,4/4,1.0,bass pad keys lead arp seq fx drums
HIPHOP,,Cypress Hill,Street Wars,new,lmd,D,minor,0.891,kk,113.0,single tempo,4/4,1.0,bass pad keys guitar lead arp drums
HIPHOP,,D-12,How Come,new,lmd,A,minor,0.725,kk,90.0,single tempo,4/4,1.0,bass pad guitar lead fx drums
HIPHOP,,D-12,My Band,new,lmd,Gb,minor,0.735,kk,120.0,single tempo,4/4,1.0,bass pad keys guitar lead drums
HIPHOP,,Def Squad,Def Squad Delite,?,lmd,Gb,phrygian,0.776,kk,115.0,single tempo,4/4,1.0,bass keys guitar drums
HIPHOP,,Dirtball,The Best I Can Do,?,lmd,C,major,0.971,kk,90.0,163 tempo events (14.0-90.5); bpm = median beat,4/4,1.0,bass chord pad guitar lead
HIPHOP,,Dirtball,Whiskey and Wild Women,?,lmd,D,minor,0.834,kk,132.0,single tempo,4/4,1.0,bass chord pad keys guitar lead arp seq fx drums
HIPHOP,,DJ Clue,Laugh Now_ Die Later,?,lmd,D,minor,0.82,kk,100.0,single tempo,4/4,1.0,bass guitar drums
HIPHOP,,DJ Muggs / Sick Jacken,Mask And The Assassin,?,lmd,F,minor,0.782,kk,100.0,single tempo,4/4,1.0,bass guitar lead drums
HIPHOP,,DNA,Psyconnection,?,lmd,G,minor,0.819,kk,144.0,single tempo,4/4 (none),1.0,bass lead drums
HIPHOP,,DNA,Run Like Hell (Live),?,lmd,D,major,0.87,kk,116.0,single tempo,4/4,1.0,bass guitar lead drums
HIPHOP,,DNA,Wish You Were Here (Live),?,lmd,G,major,0.921,kk,63.0,single tempo,4/4,1.0,bass pad guitar lead drums
HIPHOP,,Dr. Dre,Bang Bang,90s,lmd,C,minor,0.836,kk,90.0,single tempo,4/4,1.0,bass keys guitar lead arp drums
HIPHOP,,Dream Warriors,Float On,90s,lmd,D,major,0.97,kk,96.0,single tempo,4/4,1.0,bass pad keys guitar lead seq drums
HIPHOP,,Eminem,Business,new,lmd,B,minor,0.783,kk,94.0,single tempo,4/4,1.0,bass chord guitar lead drums
HIPHOP,,Eminem,Hello,new,lmd,Bb,minor,0.557,kk,90.0,single tempo,4/4,1.0,bass lead drums
HIPHOP,,Eminem,Marshall Mathers,new,lmd,E,minor,0.893,kk,95.0,single tempo,4/4,1.0,bass seq drums
HIPHOP,,Eminem,The Real Slim Shady,new,lmd,C,minor,0.847,kk,105.0,single tempo,4/4,1.0,bass keys guitar drums
HIPHOP,,Eminem / Dido,Stan,new,lmd,Ab,minor,0.846,bass-relative,82.0,single tempo,4/4,1.0,bass guitar arp drums
HIPHOP,,Five,Don't Wanna Let You Go,90s,lmd,G,minor,0.854,kk,103.0,single tempo,4/4,1.0,bass pad guitar lead seq drums
HIPHOP,,Five,Keep On Movin',90s,lmd,G,major,0.885,kk,136.0,single tempo,4/4,1.0,bass pad keys guitar seq drums
HIPHOP,,Five,Slam Dunk (Da Funk),90s,lmd,D,minor,0.77,kk,103.0,single tempo,4/4,1.0,bass chord pad guitar lead drums
HIPHOP,,Five,When The Lights Go Out,90s,lmd,D,minor,0.902,kk,105.0,single tempo,4/4,1.0,bass chord pad keys guitar lead drums
HIPHOP,,Fugees,FU-GEE-LA,90s,lmd,C,minor,0.879,kk,90.0,single tempo,4/4 (none),1.0,bass chord keys guitar lead seq fx drums
HIPHOP,,Fugees,No Woman_ No Cry,90s,lmd,C,major,0.975,kk,81.0,single tempo,4/4,1.0,bass keys guitar lead drums
HIPHOP,,Fugees,Ready Or Not,90s,lmd,Bb,minor,0.737,kk,90.0,single tempo,4/4,1.0,bass lead drums
HIPHOP,,G4,Bohemian Rhapsody,new,lmd,Eb,minor,0.604,kk,69.0,75 tempo events (55.0-75.0); bpm = median beat,4/4,0.982,bass pad keys lead seq drums
HIPHOP,,G4,La Donna E Mobile,new,lmd,Gb,major,0.909,kk,69.0,6 tempo events (40.0-69.0); bpm = median beat,4/4 (none),1.0,bass chord pad lead arp seq
HIPHOP,,Goldie Lookin Chain,R N' B [Hoxton Whores Remix Version],?,lmd,Db,minor,0.498,kk,120.0,12 tempo events (120.0-125.0); bpm = median beat,4/4,1.0,bass keys guitar arp seq drums
HIPHOP,,Gonzoe,Intro,?,lmd,Gb,minor,0.841,kk,110.0,single tempo,4/4,1.0,bass chord pad keys lead
HIPHOP,,Grandmaster Flash & The Furious Five,It's Nasty (Genius Of Love),80s,lmd,G,major,0.816,kk,105.0,single tempo,4/4,1.0,bass chord pad guitar lead drums
HIPHOP,,Hot Banditoz,Levantando Las Manos,new,lmd,F,major,0.899,kk,130.0,single tempo,4/4,1.0,bass keys drums
HIPHOP,,Indeed,Awuamarine Terrace,?,lmd,C,major,0.861,kk,64.0,64 tempo events (16.5-64.0); bpm = median beat,4/4,0.947,bass pad keys guitar lead drums
HIPHOP,,Infinite Mass,La La Song,new,lmd,C,major,0.826,kk,100.0,single tempo,4/4,1.0,bass keys guitar lead drums
HIPHOP,,Invisible Man feat. Arizona Adams,Shining Star,?,lmd,F,major,0.919,kk,124.0,single tempo,4/4,1.0,bass pad guitar lead seq drums
HIPHOP,,KDD,Résurrection,90s,lmd,C,minor,0.908,kk,93.0,3 tempo events (89.0-93.0); bpm = median beat,4/4,1.0,keys lead drums
HIPHOP,,KeKe Wyatt,Without You,?,lmd,Bb,major,0.979,kk,64.0,single tempo,4/4,1.0,bass pad keys guitar lead drums
HIPHOP,,Kool Savas,Changes,?,lmd,G,major,0.885,kk,112.0,single tempo,4/4,1.0,bass pad keys lead drums
HIPHOP,,Leana,Soul Seekerz Remix,new,lmd,Eb,major,0.845,kk,132.0,3 tempo events (104.0-132.0); bpm = median beat,4/4,1.0,bass pad keys guitar lead fx drums
HIPHOP,,Lil Wayne / Static Major,Lollipop,?,lmd,C,major,0.838,kk,74.5,5 tempo events (22.0-140.0); bpm = median beat,4/4,0.955,bass keys guitar lead drums
HIPHOP,,Little Jackie,The World Should Revolve Around Me (Wideboys Full Club Mix),?,lmd,G,minor,0.847,kk,125.0,single tempo,4/4,1.0,bass pad keys lead arp fx drums
HIPHOP,,Lloyd,Get It Shawty,new,lmd,Eb,major,0.761,kk,130.0,single tempo,4/4,1.0,bass pad keys guitar lead drums
HIPHOP,,Mala Rodríguez,Tambalea - Acapella,?,lmd,E,minor,0.859,kk,91.0,single tempo,4/4,1.0,bass pad keys guitar lead drums
HIPHOP,,Mani Spinx,The Birds,?,lmd,B,major,0.936,kk,102.0,18 tempo events (100.8-105.7); bpm = median beat,4/4,1.0,bass pad keys guitar lead fx drums
HIPHOP,,Mario,Here I Go Again,?,lmd,A,minor,0.858,kk,132.0,single tempo,4/4,1.0,bass pad keys guitar lead seq drums
HIPHOP,,Mario Winans,Stand Up (edited version),new,lmd,Eb,minor,0.829,kk,90.0,9 tempo events (46.0-90.0); bpm = median beat,4/4 (none),1.0,bass pad keys guitar lead drums
HIPHOP,,Mathematik,Outro,?,lmd,B,minor,0.844,kk,93.1,single tempo,4/4,1.0,bass chord pad guitar lead drums
HIPHOP,,McNastee,Send Me An Angel,?,lmd,D,minor,0.867,kk,126.0,3 tempo events (100.0-126.0); bpm = median beat,4/4,0.992,bass chord pad keys guitar lead drums
HIPHOP,,Mondo Marcio,Skit 2,new,lmd,F,major,0.946,kk,76.0,single tempo,4/4,0.979,bass pad keys guitar drums
HIPHOP,,Mousse T. Vs Hot 'n' Juicy,Horny,90s,lmd,B,minor,0.912,kk,123.0,single tempo,4/4,1.0,bass chord lead drums
HIPHOP,,Murs,And This Is For&,?,lmd,F,mixolydian,0.789,kk,153.0,39 tempo events (87.0-166.0); bpm = median beat,4/4 (none),1.0,bass keys guitar lead drums
HIPHOP,,Nana,Darkman,?,lmd,A,minor,0.886,kk,95.0,single tempo,4/4,1.0,bass pad keys lead fx drums
HIPHOP,,Nana,Dreams,?,lmd,Eb,minor,0.783,kk,184.0,single tempo,4/4,1.0,bass lead drums
HIPHOP,,Nana,Remember The Time,?,lmd,A,minor,0.944,kk,93.0,single tempo,4/4,1.0,bass pad keys lead seq fx drums
HIPHOP,,Naughty By Nature;Naughty By Nature featuring Zhane,Jamboree,?,lmd,Bb,major,0.824,kk,93.0,single tempo,4/4,1.0,bass chord pad keys guitar drums
HIPHOP,,Nelly,E.I.,new,lmd,D,minor,0.939,kk,94.0,single tempo,4/4,1.0,bass pad keys drums
HIPHOP,,Nelly,My Place,new,lmd,Ab,minor,0.871,kk,83.0,single tempo,4/4,1.0,bass guitar arp drums
HIPHOP,,Nelly,Pimp Juice,new,lmd,E,minor,0.727,kk,75.0,single tempo,4/4,1.0,bass lead drums
HIPHOP,,Playa Smoove,Ich lebe mein Leben,?,lmd,Eb,major,0.93,kk,96.0,3 tempo events (57.0-200.0); bpm = median beat,4/4,1.0,bass pad guitar lead seq drums
HIPHOP,,Prinz Porno,20000 Meilen Untergrund,?,lmd,A,minor,0.881,kk,86.5,single tempo,4/4,1.0,guitar lead arp drums
HIPHOP,,Prozak,Keep Grindin featuring Krizz Kaliko,?,lmd,C,major,0.968,kk,90.0,single tempo,4/4,1.0,bass keys lead drums
HIPHOP,,Puff Daddy featuring Jay-Z,Do You Like It...Doo You Want It... (Album Version),90s,lmd,B,minor,0.508,kk,103.0,single tempo,4/4,1.0,bass chord keys guitar lead arp seq drums
HIPHOP,,Rapsoul,Erste Liebe (First Time),new,lmd,C,major,0.796,kk,99.0,12 tempo events (70.0-99.0); bpm = median beat,4/4 (none),1.0,bass pad keys guitar lead drums
HIPHOP,,Rehab,Graffiti The World,?,lmd,A,mixolydian,0.801,kk,100.0,single tempo,4/4,1.0,bass pad guitar lead drums
HIPHOP,,Same Difference,Nothing's Gonna Stop Us Now,new,lmd,F,major,0.968,kk,105.0,single tempo,4/4,1.0,bass pad guitar lead drums
HIPHOP,,Sauce Money,What's My Name (Explicit),?,lmd,Bb,minor,0.595,kk,97.0,single tempo,4/4,1.0,bass lead drums
HIPHOP,,Sean Kingston,Fire Burning,new,lmd,Db,major,0.901,kk,123.0,single tempo,4/4,1.0,bass chord pad guitar lead seq drums
HIPHOP,,Sean Kingston,Twist Ya Around,new,lmd,Eb,major,0.962,kk,82.0,single tempo,4/4,1.0,bass chord pad keys lead arp drums
HIPHOP,,Showtime (instrumentals),Party + Schlager (Shot),?,lmd,G,mixolydian,0.86,kk,125.0,single tempo,4/4,1.0,bass chord pad keys lead arp drums
HIPHOP,,Showtime (instrumentals),Softguitar,?,lmd,D,major,0.954,kk,89.0,12 tempo events (40.0-104.0); bpm = median beat,4/4,1.0,bass pad keys guitar lead drums
HIPHOP,,SkinnyMan,I'll be Surprised,new,lmd,Gb,major,0.537,kk,94.0,single tempo,4/4,1.0,bass lead seq drums
HIPHOP,,Styles P,Styles P Speaks (Interlude),?,lmd,Eb,minor,0.675,kk,98.0,5 tempo events (62.0-98.0); bpm = median beat,4/4,1.0,bass pad keys guitar lead arp drums
HIPHOP,,The Honeyz,Somebody To Love Me,?,lmd,Db,minor,0.782,kk,85.0,single tempo,4/4,1.0,bass pad guitar lead drums
HIPHOP,,The Luniz,I Got 5 On It,80s,lmd,Bb,minor,0.675,kk,87.0,single tempo,4/4,1.0,bass keys lead drums
HIPHOP,,The Luniz featuring  E-40_ Dru Down_ Richie Richie Rich_ Shock G_ Spice 1,I Got 5 On It,80s,lmd,Bb,minor,0.643,kk,87.0,single tempo,4/4 (none),1.0,bass keys lead seq drums
HIPHOP,,The Notorious B.I.G.,Big Poppa (Amended Version),90s,lmd,A,minor,0.686,kk,84.0,single tempo,4/4,1.0,bass keys guitar lead drums
HIPHOP,,The Notorious B.I.G.,Notorious Thugs (Amended Version),90s,lmd,E,minor,0.717,bass-relative,78.0,single tempo,4/4,1.0,bass arp drums
HIPHOP,,The Orchids,A Kind Of Eden,80s,lmd,D,major,0.961,kk,106.0,single tempo,4/4,1.0,bass pad keys guitar lead drums
HIPHOP,,The Sugarhill Gang,Rapper's Delight [Long Version],?,lmd,D,major,0.858,kk,113.0,single tempo,4/4,1.0,bass chord pad keys guitar lead drums
HIPHOP,,The Triangle,You Should Know,?,lmd,A,major,0.725,kk,168.0,single tempo,4/4,1.0,bass pad keys seq fx drums
HIPHOP,,Tommyboy,Kamavtu (Cherrygirl Remix),?,lmd,G,major,0.774,kk,118.5,single tempo,4/4,1.0,bass lead arp seq fx drums
HIPHOP,,Tunsi,Intro,?,lmd,G,major,0.808,kk,90.0,41 tempo events (87.7-90.9); bpm = median beat,4/4,1.0,keys lead drums
HIPHOP,,Twista,Adrenaline Rush (Explicit Album Version),90s,lmd,G,minor,0.887,kk,71.0,single tempo,4/4,1.0,keys lead drums
HIPHOP,,Twista,Sunshine (Feat. Anthony Hamilton) (Edited Album Version),new,lmd,E,mixolydian,0.932,kk,100.0,2 tempo events (100.0-200.0); bpm = median beat,4/4,1.0,bass pad keys guitar lead drums
HIPHOP,,Uniikki,En pysty,new,lmd,A,minor,0.824,kk,114.0,single tempo,4/4,1.0,bass pad keys guitar lead drums
HIPHOP,,Usher featuring will.i.am,OMG,new,lmd,E,minor,0.805,kk,126.0,single tempo,4/4,1.0,bass pad keys guitar lead drums
HIPHOP,,Vakill,The Flyer,new,lmd,Ab,minor,0.969,kk,88.0,single tempo,4/4,1.0,bass pad keys guitar lead drums
HIPHOP,,Westside Cartel,Outro,?,lmd,B,major,0.871,kk,136.0,single tempo,4/4 (none),1.0,bass guitar lead seq drums
HIPHOP,,Westside Connection,Gangsta's Don't Dance (Insert),90s,lmd,Bb,minor,0.849,kk,99.0,single tempo,4/4,1.0,bass chord drums
HIPHOP,,Westside Connection,The Gangsta_ The Killa And The Dope Dealer,90s,lmd,Db,minor,0.769,kk,100.0,single tempo,4/4,1.0,bass guitar lead drums
HIPHOP,,Xerramequ Tiquis Miquis,No Se Que Fer,new,lmd,G,mixolydian,0.864,kk,85.0,single tempo,4/4,1.0,chord keys guitar fx drums
HIPHOP,,Xzibit,Paparazzi Live And Video,90s,lmd,Ab,major,0.697,kk,92.5,4 tempo events (62.5-92.5); bpm = median beat,4/4,1.0,bass lead fx drums
HIPHOP,BOOMBAP,50 Cent,Back Down,new,lmd,D,minor,0.75,kk,88.8,single tempo,4/4,1.0,bass chord pad keys guitar seq drums
HIPHOP,BOOMBAP,50 Cent,If I Can't,new,lmd,E,minor,0.722,kk,93.0,single tempo,4/4,1.0,bass keys lead drums
HIPHOP,BOOMBAP,50 Cent,In Da Club,new,lmd,Db,minor,0.853,kk,90.0,single tempo,4/4,1.0,bass pad guitar lead drums
HIPHOP,BOOMBAP,A Tribe Called Quest,Baby Phife's Return,90s,lmd,G,minor,0.877,kk,108.0,single tempo,4/4,0.976,bass keys guitar lead arp drums
HIPHOP,BOOMBAP,Busta Rhymes,Break Ya Neck,new,lmd,A,minor,0.923,kk,81.0,single tempo,4/4 (none),1.0,bass chord guitar drums
HIPHOP,BOOMBAP,Busy Bee,Rock With Me (Vintage Instrumental),?,lmd,Gb,major,0.677,kk,100.0,single tempo,4/4,1.0,arp drums
HIPHOP,BOOMBAP,Canibus,Dr C PHD,new,lmd,Gb,dorian,0.826,kk,109.0,single tempo,4/4,1.0,pad keys lead drums
HIPHOP,BOOMBAP,Diamond D,Y'all Niggas Need to Know,?,lmd,Db,minor,0.922,kk,93.1,single tempo,4/4,1.0,bass pad keys guitar drums
HIPHOP,BOOMBAP,DMX,How's It Goin' Down,90s,lmd,Gb,minor,0.767,kk,88.0,31 tempo events (22.0-88.0); bpm = median beat,4/4,0.972,bass chord pad keys guitar lead arp seq drums
HIPHOP,BOOMBAP,DMX,Party Up,90s,lmd,Eb,minor,0.748,kk,100.0,single tempo,4/4,1.0,chord pad keys drums
HIPHOP,BOOMBAP,Eric B. & Rakim,Chinese Arithmetic,80s,lmd,E,minor,0.787,kk,101.5,single tempo,4/4,1.0,bass chord pad lead seq drums
HIPHOP,BOOMBAP,Eve,Satisfaction,?,lmd,B,minor,0.526,kk,94.0,single tempo,4/4,1.0,bass drums
HIPHOP,BOOMBAP,Grandmaster Flash & The Furious Five feat. Melle Mel & Duke Bootee,The Message (LP Version),?,lmd,Db,minor,0.724,bass-relative,96.0,single tempo,4/4,1.0,bass keys guitar lead fx drums
HIPHOP,BOOMBAP,Heltah Skeltah,2 Keys I (Skit),?,lmd,D,minor,0.857,kk,87.0,single tempo,4/4,1.0,bass keys lead drums
HIPHOP,BOOMBAP,Jay-Z,I Just Wanna Love U (Give It 2 Me),new,lmd,E,minor,0.766,kk,99.0,single tempo,4/4 (none),1.0,guitar drums
HIPHOP,BOOMBAP,Joe Budden,Pump It Up,new,lmd,Bb,minor,0.722,kk,105.0,single tempo,4/4,1.0,chord pad seq drums
HIPHOP,BOOMBAP,Kanye West,Diamonds From Sierra Leone,new,lmd,B,phrygian,0.76,kk,97.0,single tempo,4/4,1.0,bass chord pad keys lead fx drums
HIPHOP,BOOMBAP,LL Cool J,Luv U Better,new,lmd,Db,major,0.753,kk,95.0,single tempo,4/4,1.0,bass guitar drums
HIPHOP,BOOMBAP,Luniz featuring Mario Winans_ P Diddy,Satisfy You,?,lmd,Bb,minor,0.643,kk,87.0,single tempo,4/4 (none),1.0,bass keys lead seq drums
HIPHOP,BOOMBAP,Nas,The Cross,new,lmd,Ab,major,0.626,kk,82.0,single tempo,4/4,1.0,bass chord lead arp drums
HIPHOP,BOOMBAP,Onyx,Cinnamon Roll,?,lmd,Ab,minor,0.73,kk,144.0,single tempo,4/4 (none),1.0,bass chord pad guitar lead arp drums
HIPHOP,BOOMBAP,Onyx,Groove On,?,lmd,Ab,minor,0.913,kk,97.0,2 tempo events (89.0-97.0); bpm = median beat,4/4,1.0,bass pad keys guitar lead seq fx drums
HIPHOP,BOOMBAP,Roxanne Shanté,Gotta Get Paid,80s,lmd,A,mixolydian,0.927,kk,95.0,single tempo,4/4,1.0,bass guitar lead drums
HIPHOP,BOOMBAP,RUN-DMC,Jam-Master Jammin',80s,lmd,G,minor,0.862,kk,101.5,single tempo,4/4,1.0,pad keys lead arp drums
HIPHOP,BOOMBAP,RUN-DMC,Raising Hell,80s,lmd,A,minor,0.714,kk,86.0,single tempo,4/4,1.0,pad guitar drums
HIPHOP,BOOMBAP,RUN-DMC,Slow And Low,80s,lmd,A,mixolydian,0.927,kk,80.0,single tempo,4/4,1.0,bass guitar lead drums
HIPHOP,BOOMBAP,RUN-DMC,You're Blind,80s,lmd,E,mixolydian,0.775,kk,88.0,single tempo,4/4,1.0,bass keys lead drums
HIPHOP,LOFI,Alex Fong,Jiu Shi Zhe Mo Ai Ni,?,lmd,A,major,0.904,kk,118.0,single tempo,4/4,1.0,bass pad guitar lead drums
HIPHOP,LOFI,Gorillaz,Kids With Guns,new,lmd,B,minor,0.732,kk,110.0,single tempo,4/4,1.0,bass chord pad keys guitar lead seq drums
HIPHOP,LOFI,Jem,They,new,lmd,F,major,0.741,kk,125.0,single tempo,4/4,1.0,bass pad guitar lead drums
HIPHOP,LOFI,Lunik,Virtual Shadows,new,lmd,C,major,0.877,kk,166.0,single tempo,4/4,1.0,bass pad keys guitar lead seq drums
HIPHOP,TRAP,B.JIVE,Words,?,lmd,C,minor,0.915,kk,135.0,single tempo,4/4,1.0,bass pad keys lead seq drums
HIPHOP,TRAP,Chingy Featuring J/Weav,One Call Away,new,lmd,G,major,0.721,kk,81.2,single tempo,4/4,1.0,bass pad keys guitar lead drums
HIPHOP,TRAP,Dimitri Vegas & Like Mike,Salinas (Cali Culture Mix),?,lmd,C,minor,0.865,kk,125.0,single tempo,4/4,1.0,bass pad keys lead seq drums
HIPHOP,TRAP,Gemini,Puppy Love,?,lmd,A,minor,0.761,bass-relative,151.0,single tempo,4/4,1.0,bass pad keys guitar lead drums
HIPHOP,TRAP,Hurricane Gator,New Orleanian Testimony,?,lmd,E,major,0.518,kk,88.0,single tempo,4/4,0.959,bass chord pad keys lead arp seq drums
HIPHOP,TRAP,Jacki O,Gangsta B***h,?,lmd,E,minor,0.689,kk,92.0,single tempo,4/4,1.0,lead seq drums
HIPHOP,TRAP,Jani Wickholm,Kun olin nuori,new,lmd,E,mixolydian,0.898,kk,82.0,33 tempo events (66.0-120.0); bpm = median beat,4/4,0.99,bass pad keys guitar seq drums
HIPHOP,TRAP,Jani Wickholm,Mitä mä teen,new,lmd,F,major,0.904,kk,88.0,single tempo,4/4,1.0,bass pad keys guitar lead arp seq drums
HIPHOP,TRAP,Karpatenhund,Notfalls Werde Ich Für Immer Warten,new,lmd,A,minor,0.863,kk,125.0,single tempo,4/4,1.0,bass pad keys guitar lead drums
HIPHOP,TRAP,Kokane,Intro ,new,lmd,D,minor,0.686,bass-relative,74.0,2 tempo events (70.0-74.0); bpm = median beat,4/4,1.0,bass pad keys lead drums
HIPHOP,TRAP,La Chat,Outro,new,lmd,G,major,0.9,kk,191.0,single tempo,4/4,1.0,bass guitar drums
HIPHOP,TRAP,Malina,Druzya,?,lmd,E,major,0.854,kk,140.0,single tempo,4/4,1.0,bass pad keys guitar lead fx drums
HIPHOP,TRAP,Mr. Sche_ Pistol Playaz,Wasting My Time,?,lmd,Ab,minor,0.892,kk,122.0,single tempo,4/4,1.0,bass pad guitar lead drums
HIPHOP,TRAP,New Boyz,You're A Jerk [Versatile Remix],new,lmd,Ab,minor,0.608,kk,140.0,single tempo,4/4,1.0,bass pad lead drums
HIPHOP,TRAP,Nubla,Cayendose,new,lmd,A,minor,0.844,kk,143.0,7 tempo events (107.0-143.0); bpm = median beat,4/4,1.0,bass pad keys guitar lead drums
HIPHOP,TRAP,Pastor Troy & Nino,Drop & Shake Shake,?,lmd,G,mixolydian,0.808,kk,167.0,single tempo,4/4,1.0,bass guitar drums
HIPHOP,TRAP,T-Pain,I Got It,new,lmd,Eb,major,0.947,kk,90.0,single tempo,4/4,1.0,keys
HIPHOP,TRAP,Three 6 Mafia featuring Josey Scott & Lil Wyte,Mosh Pit,?,lmd,A,mixolydian,0.887,kk,80.0,single tempo,4/4,1.0,lead drums
HIPHOP,TRAP,Tum Tum,Hit Where It Hurtz [Screwed],?,lmd,Gb,major,0.811,kk,71.0,single tempo,4/4,1.0,bass pad keys guitar lead seq drums
HIPHOP,TRAP,Young Jeezy,Welcome Back,new,lmd,B,dorian,0.794,kk,147.0,single tempo,4/4,1.0,bass keys lead drums
HIPHOP,TRAP,Young Jeezy and Fabolous,Poppin Dem Thangs,?,lmd,Gb,dorian,0.873,kk,89.0,single tempo,4/4,1.0,keys guitar arp drums
HOUSE,,2 Brothers On The 4th Floor,Come Take My Hand (Radio Version),80s,lmd,D,dorian,0.855,kk,163.0,2 tempo events (104.0-163.0); bpm = median beat,4/4,1.0,bass arp seq drums
HOUSE,,2-4 Grooves feat. Reki D.,Relax,new,lmd,E,minor,0.959,kk,135.0,single tempo,4/4,1.0,bass pad lead arp seq drums
HOUSE,,Afrojack,Radioman,new,lmd,C,major,0.876,kk,135.0,single tempo,4/4,1.0,bass chord pad keys lead arp seq drums
HOUSE,,Alcazar,Don't You Want Me,new,lmd,A,minor,0.921,kk,116.0,single tempo,4/4,1.0,bass chord pad keys lead seq drums
HOUSE,,Alcazar,Physical,new,lmd,B,minor,0.816,bass-relative,122.0,single tempo,4/4,1.0,bass pad keys guitar lead seq drums
HOUSE,,Alcazar,Seasons In The Sun,new,lmd,Gb,major,0.923,kk,98.0,single tempo,4/4,0.967,bass pad keys guitar lead drums
HOUSE,,Alcazar,Shine On,new,lmd,F,minor,0.932,kk,98.0,single tempo,4/4,1.0,bass pad keys guitar fx drums
HOUSE,,Alcazar,Singing To Heaven,new,lmd,G,mixolydian,0.793,kk,130.0,single tempo,4/4,1.0,bass pad keys lead fx drums
HOUSE,,Alex Neri & Federico Locchi,Aurora,new,lmd,Db,minor,0.706,kk,130.0,single tempo,4/4,1.0,bass pad arp seq drums
HOUSE,,avicii,,new,lamd,D,major,0.917,kk,128.0,single tempo,4/4,1.0,bass keys lead
HOUSE,,Axwell & Sebastian Ingrosso,Together,new,lmd,Ab,minor,0.917,kk,108.0,single tempo,4/4,1.0,bass chord pad keys guitar lead drums
HOUSE,,Basement Jaxx,Raindrops,new,lmd,C,minor,0.859,kk,130.0,single tempo,4/4,1.0,bass chord pad keys lead drums
HOUSE,,Bellatrax_ Sophia May,I Can't Help Myself,new,lmd,Eb,minor,0.714,kk,124.5,single tempo,4/4,1.0,bass keys drums
HOUSE,,benny benassi,,?,lamd,C,major,0.833,kk,135.0,single tempo,4/4 (none),1.0,keys lead
HOUSE,,black box,,?,lamd,F,minor,0.86,kk,124.0,single tempo,4/4,1.0,bass pad keys guitar lead drums
HOUSE,,black box,,?,lamd,A,minor,0.951,kk,120.0,single tempo,4/4,1.0,bass chord pad keys guitar lead drums
HOUSE,,Black Box,Everybody Everybody,80s,lmd,F,minor,0.749,kk,117.0,single tempo,4/4,1.0,bass chord pad keys guitar lead drums
HOUSE,,Black Box,Not Anyone,80s,lmd,B,mixolydian,0.8,kk,126.0,single tempo,4/4,1.0,bass pad keys guitar lead drums
HOUSE,,Black Box,Ride On Time,80s,lmd,F,major,0.806,kk,150.0,single tempo,4/4,1.0,guitar drums
HOUSE,,Blaze feat. Barbara Tucker,Most Precious Love,?,lmd,Bb,major,0.848,kk,125.0,single tempo,4/4,1.0,chord guitar lead drums
HOUSE,,bob sinclar,,?,lamd,Bb,minor,0.747,kk,126.0,single tempo,4/4,1.0,keys
HOUSE,,bob sinclar,,?,lamd,Bb,minor,0.711,kk,126.0,single tempo,4/4,1.0,bass chord keys guitar lead drums
HOUSE,,Bob Sinclar,Darlin (Mr G's 4.10 Dub),new,lmd,A,major,0.913,kk,126.0,single tempo,4/4,1.0,bass chord pad keys lead drums
HOUSE,,Booty Luv,Some Kinda Rush,new,lmd,A,minor,0.704,bass-relative,128.0,2 tempo events (40.0-128.0); bpm = median beat,4/4,1.0,bass chord pad guitar lead drums
HOUSE,,calvin harris,,new,lamd,E,major,0.91,kk,128.0,single tempo,4/4,1.0,bass pad keys guitar lead fx drums
HOUSE,,calvin harris,,new,lamd,A,phrygian,0.935,kk,124.0,single tempo,4/4,1.0,bass keys guitar lead seq fx drums
HOUSE,,Calvin Harris,Flashback,new,lmd,A,minor,0.972,kk,123.0,single tempo,4/4,1.0,bass chord pad keys guitar seq drums
HOUSE,,Calvin Harris,Ready For The Weekend,new,lmd,C,major,0.941,kk,132.0,single tempo,4/4,1.0,bass pad guitar lead seq fx drums
HOUSE,,cassius,,?,lamd,E,lydian,0.705,kk,120.0,single tempo,4/4,1.0,bass pad keys guitar lead drums
HOUSE,,Crystal Waters,GYPSY WOMAN,80s,lmd,D,minor,0.704,kk,120.0,single tempo,4/4,1.0,bass keys guitar lead seq drums
HOUSE,,daft punk,,?,lamd,G,lydian,0.878,kk,120.0,single tempo,4/4,1.0,bass pad lead drums
HOUSE,,daft punk,,?,lamd,Ab,mixolydian,0.802,kk,104.0,2 tempo events (104.0-240.0); bpm = median beat,4/4,1.0,bass pad guitar lead arp drums
HOUSE,,Daft Punk,Harder Better Faster Stronger (Jess And Crabbe Mix),new,lmd,Gb,phrygian,0.716,kk,133.0,single tempo,4/4,1.0,bass lead fx drums
HOUSE,,Daft Punk,Something About Us,new,lmd,D,minor,0.838,kk,95.0,single tempo,4/4,1.0,bass guitar seq fx
HOUSE,,Daniel Portman,Open Your Mind,new,lmd,E,minor,0.887,kk,135.0,single tempo,4/4,1.0,bass pad keys lead arp drums
HOUSE,,datA,Electric Fever (Acid Washed's Night Of Lights remix),80s,lmd,Eb,minor,0.784,kk,122.0,2 tempo events (122.0-200.0); bpm = median beat,4/4,1.0,bass pad keys guitar lead seq drums
HOUSE,,david guetta,,new,lamd,E,minor,0.961,kk,130.0,17 tempo events (130.0-248.8); bpm = median beat,4/4,1.0,bass chord pad keys guitar lead seq drums
HOUSE,,David Guetta Vs. The Egg,Love Dont Let Me Go (Walking Away) [Joachim Garraud & David Guetta's F*** Me I'm Famous Mix],?,lmd,F,minor,0.932,kk,127.0,single tempo,4/4,1.0,bass pad guitar lead drums
HOUSE,,deadmau5,,new,lamd,Db,major,0.653,kk,128.0,single tempo,4/4,1.0,bass lead
HOUSE,,deadmau5,,new,lamd,D,major,0.696,kk,128.0,single tempo,4/4,1.0,chord lead
HOUSE,,Deadmau5,Ghosts 'n' Stuff (Original Instrumental Mix),new,lmd,Eb,mixolydian,0.768,kk,120.0,single tempo,4/4,1.0,bass keys guitar lead drums
HOUSE,,Dennis Ferrer,P 2 Da J,new,lmd,Eb,minor,0.727,kk,122.0,2 tempo events (122.0-138.0); bpm = median beat,4/4,1.0,bass drums
HOUSE,,Doves,Jetstream (Sasha Remix),new,lmd,E,minor,0.913,kk,126.0,single tempo,4/4,1.0,bass pad guitar seq drums
HOUSE,,duke dumont,,new,lamd,Ab,minor,0.948,kk,124.0,single tempo,4/4,1.0,bass keys lead drums
HOUSE,,Envotion,Streetwise,?,lmd,G,minor,0.89,kk,127.0,single tempo,4/4,1.0,bass chord pad keys lead seq drums
HOUSE,,eric prydz,,new,lamd,B,major,0.913,kk,126.4,2 tempo events (126.4-250.0); bpm = median beat,4/4 (none),1.0,bass chord pad guitar lead drums
HOUSE,,Everything But The Girl,Little Hitler (Album Version),80s,lmd,G,major,0.897,kk,63.0,single tempo,4/4,1.0,bass pad keys guitar lead drums
HOUSE,,Everything But The Girl,Missing (Todd Terry Club Mix)*,80s,lmd,A,minor,0.91,kk,132.0,single tempo,4/4,1.0,bass pad keys guitar lead seq drums
HOUSE,,Faithless feat. Estelle,Why Go?,90s,lmd,G,major,0.793,kk,97.0,7 tempo events (75.0-97.0); bpm = median beat,4/4,1.0,bass chord pad keys guitar lead seq drums
HOUSE,,Fisher,Dream On,new,lmd,F,minor,0.813,kk,78.0,single tempo,4/4,1.0,bass pad keys guitar drums
HOUSE,,Flanders,By My Side,?,lmd,E,lydian,0.481,kk,130.0,single tempo,4/4,1.0,pad keys guitar lead seq fx drums
HOUSE,,FM Attack,Sleepless Nights,?,lmd,A,minor,0.783,kk,126.0,single tempo,4/4,1.0,bass pad keys lead drums
HOUSE,,Francois Dubois,I Try,new,lmd,F,minor,0.772,kk,128.0,single tempo,4/4 (none),1.0,bass chord keys
HOUSE,,Full Flava,Every Breath You Take (feat Hazel Fernandes),?,lmd,G,major,0.954,kk,116.0,single tempo,4/4,1.0,bass pad keys guitar lead drums
HOUSE,,George Acosta,Tearing Me Apart,?,lmd,A,minor,0.936,kk,135.0,single tempo,4/4 (none),1.0,bass pad lead seq fx drums
HOUSE,,Groove Armada,Song 4 Mutya (Out Of Control),new,lmd,Bb,major,0.927,kk,135.0,single tempo,4/4,1.0,bass chord pad keys lead drums
HOUSE,,Hacienda,Movements,new,lmd,F,mixolydian,0.785,kk,132.0,single tempo,4/4,1.0,bass pad keys guitar lead fx drums
HOUSE,,Haley,This Is How It Goes (Kaskade's Grand Club Edit),new,lmd,D,major,0.896,kk,141.0,single tempo,4/4,1.0,bass pad keys guitar lead arp drums
HOUSE,,Hatiras,Money Shot (DJ Dlg Remix),?,lmd,F,mixolydian,0.656,kk,128.0,single tempo,4/4 (none),1.0,bass keys arp
HOUSE,,Inner City,"Big Fun (Filippo ""Naughty"" Moscatello Respect Mix)",80s,lmd,Eb,minor,0.712,kk,133.0,single tempo,4/4,1.0,pad keys guitar lead arp fx drums
HOUSE,,Inner City,Good Life,80s,lmd,A,mixolydian,0.749,kk,120.0,single tempo,4/4,1.0,bass keys lead drums
HOUSE,,Inner City,Pennies From Heaven,80s,lmd,A,minor,0.844,kk,134.0,single tempo,4/4,1.0,bass pad lead arp drums
HOUSE,,Inner City,Whatcha Gonna Do With My Lovin' (Def Mix),80s,lmd,B,minor,0.843,bass-relative,109.0,2 tempo events (109.0-200.0); bpm = median beat,4/4,1.0,bass chord pad keys lead arp seq drums
HOUSE,,Ivete Sangalo,Ta Tudo Bem,90s,lmd,C,major,0.878,kk,110.0,single tempo,4/4,1.0,bass pad keys guitar lead fx drums
HOUSE,,Jewel,Intuition (Markus Schulz Coldharbor Mix),?,lmd,G,phrygian,0.663,kk,120.0,single tempo,4/4,1.0,bass pad lead seq drums
HOUSE,,John Digweed,Gridlock,?,lmd,D,minor,0.846,kk,127.0,51 tempo events (80.0-250.0); bpm = median beat,4/4,1.0,bass pad keys guitar lead drums
HOUSE,,Junior Jack,Da Hype Feat. Robert Smith (Warren Clarke Vocal Dub Mix),new,lmd,Eb,minor,0.671,kk,128.0,single tempo,4/4,1.0,bass keys drums
HOUSE,,Junior Jack,Dare Me (Stupidisco),new,lmd,F,major,0.939,kk,124.0,single tempo,4/4,1.0,bass keys guitar lead seq drums
HOUSE,,Junior Jack,My Feeling (Johnny Corporate Dub),90s,lmd,B,minor,0.809,kk,140.0,single tempo,4/4,1.0,keys lead drums
HOUSE,,Kaskade,Sorry,new,lmd,G,minor,0.764,kk,124.0,single tempo,4/4,1.0,bass pad keys lead drums
HOUSE,,Kaskade / Deadmau5,Move For Me,new,lmd,F,minor,0.906,kk,120.0,single tempo,4/4,1.0,bass chord pad keys lead seq drums
HOUSE,,Kerri Chandler,I Think Of You (Reprise),?,lmd,G,dorian,0.762,kk,122.0,single tempo,4/4,1.0,bass chord pad guitar lead seq drums
HOUSE,,Kim English,Unspeakable Joy,90s,lmd,Db,major,0.82,kk,129.0,single tempo,4/4,1.0,bass chord lead drums
HOUSE,,Kinky Movement,Closer,?,lmd,G,mixolydian,0.714,kk,120.0,single tempo,4/4,1.0,bass pad keys guitar seq drums
HOUSE,,Late Night Alumni,Finally Found (Max Vangeli Extended Remix),new,lmd,C,mixolydian,0.795,kk,120.0,single tempo,4/4,1.0,bass pad lead drums
HOUSE,,Lee Cabrera Feat. Mim,I Watch You,?,lmd,G,major,0.857,kk,130.0,single tempo,4/4,1.0,bass chord pad keys lead seq drums
HOUSE,,Lexter,Freedom To Love (Chriss Ortega & Thomas Gold Remix),?,lmd,A,minor,0.831,kk,120.0,148 tempo events (117.0-122.0); bpm = median beat,4/4,1.0,bass pad keys lead arp drums
HOUSE,,Lisa Shaw,Can You See Him,new,lmd,F,major,0.878,kk,123.0,single tempo,4/4,1.0,pad keys lead arp drums
HOUSE,,Livin' Joy,Don't Stop Movin',90s,lmd,D,minor,0.951,kk,125.0,single tempo,4/4,1.0,bass pad keys lead seq drums
HOUSE,,M People,How Can I Love You More,80s,lmd,Eb,major,0.917,kk,172.0,single tempo,4/4,1.0,bass keys guitar lead drums
HOUSE,,Major Boys,Panamerica,new,lmd,C,mixolydian,0.786,kk,125.0,single tempo,4/4,1.0,bass guitar lead seq drums
HOUSE,,Make the Girl Dance,South,?,lmd,A,minor,0.731,kk,137.0,single tempo,4/4 (none),1.0,bass lead seq drums
HOUSE,,Mark Mendes & Mike Jacinto,Molly  (Original Mix),?,lmd,D,mixolydian,0.816,kk,130.0,3 tempo events (80.0-130.0); bpm = median beat,4/4,1.0,bass pad keys guitar lead drums
HOUSE,,modjo,,?,lamd,D,minor,0.801,kk,125.0,single tempo,4/4,1.0,bass keys lead arp drums
HOUSE,,modjo,,?,lamd,Bb,minor,0.952,kk,126.0,single tempo,4/4,1.0,bass chord keys guitar lead drums
HOUSE,,moloko,,?,lamd,Eb,mixolydian,0.81,kk,123.0,single tempo,4/4,1.0,bass keys guitar lead drums
HOUSE,,Moloko,Indigo (Robbie Rivera's Rythm Banger Mix),new,lmd,G,dorian,0.827,kk,121.0,single tempo,4/4,1.0,bass pad keys guitar lead drums
HOUSE,,Moloko,Sing It Back [Boris Musical Mix],90s,lmd,Eb,mixolydian,0.81,kk,123.0,single tempo,4/4,1.0,bass keys guitar lead drums
HOUSE,,Netzwerk,Memories,90s,lmd,C,minor,0.699,bass-relative,135.0,single tempo,4/4,1.0,bass pad lead arp drums
HOUSE,,Norma Jean Bell,Mystery,new,lmd,C,major,0.878,kk,113.0,single tempo,4/4,1.0,bass chord guitar lead arp drums
HOUSE,,Picco,Yeke Yeke,new,lmd,F,major,0.892,kk,128.0,single tempo,4/4,1.0,bass chord pad keys lead drums
HOUSE,,Planet Funk,Lemonade,new,lmd,D,minor,0.788,kk,120.0,single tempo,4/4,1.0,chord lead arp seq drums
HOUSE,,Plastik Funk,Rise,new,lmd,B,minor,0.801,kk,80.0,2 tempo events (80.0-120.0); bpm = median beat,4/4,1.0,bass chord arp seq drums
HOUSE,,Plastik Funk feat. Lyck,Cinderella Stereo,?,lmd,B,minor,0.737,kk,138.0,single tempo,4/4 (none),1.0,bass lead drums
HOUSE,,Probspot,Waveform,new,lmd,Gb,minor,0.887,kk,100.0,single tempo,2/4,0.993,bass guitar lead drums
HOUSE,,Quazar,Travel Light (Album Version),90s,lmd,G,major,0.862,kk,140.0,6 tempo events (107.0-144.0); bpm = median beat,4/4,1.0,keys lead arp drums
HOUSE,,Quentin Harris,U Don't Know (Original Mix),?,lmd,C,major,0.787,kk,106.0,13 tempo events (91.0-106.0); bpm = median beat,2/4,0.925,bass pad keys drums
HOUSE,,Rocha & Lewinger,Smoking Asid,?,lmd,Db,minor,0.794,kk,136.0,single tempo,4/4,1.0,bass pad keys guitar lead seq fx drums
HOUSE,,Roger Sanchez,Lost,new,lmd,G,minor,0.904,kk,130.0,single tempo,4/4,1.0,bass pad keys guitar lead drums
HOUSE,,Rozalla,I Love Music,80s,lmd,C,mixolydian,0.737,kk,126.0,single tempo,4/4,1.0,bass chord pad keys guitar lead drums
HOUSE,,Rupaul,Give It One More Try (RedTop's Club Vocal Mix),new,lmd,Db,major,0.849,kk,122.0,single tempo,4/4,1.0,bass chord pad keys guitar seq drums
HOUSE,,Sasha,If You Believe - Mokran Mix,?,lmd,F,major,0.857,kk,87.5,single tempo,4/4,1.0,bass pad keys guitar drums
HOUSE,,Sia,The Girl You Lost,new,lmd,B,minor,0.869,kk,140.0,single tempo,4/4 (none),1.0,bass chord pad lead arp drums
HOUSE,,Silicone Soul,"Bad Machines (12"" Mix)",new,lmd,G,minor,0.855,kk,130.0,single tempo,4/4 (none),1.0,bass pad keys guitar lead
HOUSE,,SK8,Amnesty (Chris Cox Club Anthem),?,lmd,G,phrygian,0.667,kk,90.0,3 tempo events (90.0-121.0); bpm = median beat,4/4,1.0,bass pad keys lead seq fx drums
HOUSE,,SNAP!,Rhythm Is A Dancer,80s,lmd,Bb,minor,0.945,kk,125.0,single tempo,4/4,1.0,bass pad lead arp seq drums
HOUSE,,SNAP!,The First The Last Eternity (Til The End),80s,lmd,Gb,mixolydian,0.697,kk,150.0,single tempo,4/4,1.0,bass chord pad lead drums
HOUSE,,SNAP!,Welcome To Tomorrow (Are You Ready),80s,lmd,Db,major,0.832,kk,150.5,single tempo,4/4,1.0,bass pad keys lead seq drums
HOUSE,,Sonic Division,Wild Summer,?,lmd,Gb,minor,0.894,kk,125.0,2 tempo events (104.0-125.0); bpm = median beat,4/4,1.0,bass chord pad guitar drums
HOUSE,,Soulsearcher,Feelin' Love [Axwell Vocal Remix],90s,lmd,G,major,0.805,bass-relative,123.0,2 tempo events (123.0-124.0); bpm = median beat,4/4,1.0,bass lead drums
HOUSE,,South Street Player,(Who?) Keeps Changing Your Mind (Daniel Bovie & Roy Rox Dub Mix),new,lmd,Db,minor,0.859,kk,92.0,single tempo,4/4,1.0,bass guitar lead drums
HOUSE,,spiller,,?,lamd,A,minor,0.961,kk,117.0,single tempo,4/4,1.0,bass chord pad keys guitar lead drums
HOUSE,,Spiller,Groovejet (If This Ain't Love) (Ernest St Laurent Spicy Blackbird Remix),new,lmd,A,minor,0.857,kk,130.0,single tempo,4/4,1.0,bass guitar lead seq drums
HOUSE,,stonebridge,,?,lamd,C,major,0.972,kk,65.0,29 tempo events (54.0-65.0); bpm = median beat,4/4,1.0,bass chord keys lead seq
HOUSE,,swedish house mafia,,new,lamd,B,minor,0.888,kk,129.0,single tempo,4/4,1.0,chord keys guitar lead fx drums
HOUSE,,Telepopmusik,Breathe Jori Hulkkonen Remix,new,lmd,D,minor,0.861,kk,123.0,single tempo,4/4,1.0,keys lead drums
HOUSE,,ultra nat,,?,lamd,F,minor,0.819,kk,126.0,single tempo,4/4,1.0,bass pad guitar lead drums
HOUSE,,Ultra Naté,Give It All You Got (Risque Instrumental),?,lmd,C,minor,0.865,kk,147.0,single tempo,4/4,1.0,bass keys lead seq fx drums
HOUSE,,WES,Alane,90s,lmd,Eb,major,0.925,kk,122.0,2 tempo events (122.0-122.0); bpm = median beat,4/4,1.0,bass chord pad guitar lead drums
INDIE,,Academy of St. Martin in the Fields Chorus / The Academy of St. Martin in the Fields / Sir Neville Marriner,Hallelujah,?,lmd,D,major,0.971,kk,110.0,single tempo,4/4,1.0,keys
INDIE,,Air Miami,Seabird,80s,lmd,A,major,0.956,kk,142.0,single tempo,4/4,1.0,bass chord pad keys guitar lead drums
INDIE,,Anatomy Of A Ghost,Set The Stage,new,lmd,C,mixolydian,0.886,kk,125.0,single tempo,4/4,1.0,bass pad guitar lead arp drums
INDIE,,Autoramas,Panair do Brasil,new,lmd,C,major,0.745,kk,120.0,single tempo,4/4,1.0,bass pad keys guitar lead drums
INDIE,,Being 747,13 Stones To Float,?,lmd,E,major,0.98,kk,116.0,7 tempo events (97.0-200.0); bpm = median beat,4/4,1.0,bass chord pad keys guitar lead drums
INDIE,,Ben Kweller,Run,new,lmd,G,major,0.942,kk,116.0,single tempo,4/4,1.0,bass pad keys guitar lead drums
INDIE,,Biirdie,You've Got Darkness,new,lmd,G,mixolydian,0.808,kk,121.0,single tempo,4/4,1.0,bass chord pad keys lead drums
INDIE,,Blueboy,Candy Bracelet,80s,lmd,A,major,0.757,kk,142.0,single tempo,4/4,1.0,bass chord pad keys guitar lead drums
INDIE,,Blur,Charmless Man,80s,lmd,A,major,0.881,kk,118.0,66 tempo events (53.0-118.0); bpm = median beat,4/4,1.0,bass chord keys guitar lead drums
INDIE,,Blur,Country House,80s,lmd,A,major,0.94,kk,87.0,single tempo,4/4,1.0,bass keys guitar seq drums
INDIE,,Blur,Essex Dogs (Thurston Moore's Mix),90s,lmd,Eb,minor,0.752,bass-relative,81.0,5 tempo events (33.0-81.0); bpm = median beat,4/4,1.0,bass pad keys lead drums
INDIE,,Bon Voyage,Dressed In White  (The Right Amount Album Version),new,lmd,C,major,0.956,kk,116.0,single tempo,4/4,1.0,bass keys guitar lead drums
INDIE,,Boy Kill Boy,Catch,?,lmd,A,major,0.92,kk,105.0,3 tempo events (40.0-105.0); bpm = median beat,4/4,1.0,bass pad guitar lead drums
INDIE,,Brighter,Maybe,80s,lmd,D,major,0.886,kk,61.0,single tempo,4/4,0.964,bass pad keys guitar drums
INDIE,,Built To Spill,Rearrange (Single Version),new,lmd,Db,major,0.972,kk,132.0,single tempo,4/4,1.0,bass pad keys guitar lead drums
INDIE,,Carey Ott,I Wouldn't Do That To You,?,lmd,Eb,major,0.781,kk,66.0,single tempo,4/4,1.0,bass pad keys lead drums
INDIE,,Charlotte Gainsbourg,IRM [Diskjokke Remix],new,lmd,B,major,0.795,kk,125.0,single tempo,4/4 (none),1.0,bass chord pad keys lead seq drums
INDIE,,Christopher Walla,Shattered Dreams,?,lmd,D,minor,0.832,kk,120.0,single tempo,4/4,1.0,bass chord pad keys guitar lead arp drums
INDIE,,Cirrus,Nenni,?,lmd,C,major,0.864,kk,132.0,single tempo,4/4,1.0,bass keys guitar drums
INDIE,,ClickClickDecker,Es fängt an wie es aufgehört hat,new,lmd,Db,minor,0.83,kk,97.0,single tempo,4/4,1.0,bass pad keys guitar drums
INDIE,,Dashboard Confessional,Don't Wait (Album Version),?,lmd,Eb,major,0.953,kk,137.0,single tempo,4/4,1.0,bass keys lead drums
INDIE,,Doves,The Man Who Told Everything (Summer Version),new,lmd,F,minor,0.864,kk,98.0,single tempo,4/4,1.0,bass pad keys lead drums
INDIE,,Dressy Bessy,Carry-On,new,lmd,E,mixolydian,0.815,kk,122.0,single tempo,4/4,1.0,bass pad guitar lead drums
INDIE,,Earlimart,Town Where You Belong,new,lmd,D,major,0.984,kk,60.0,3 tempo events (40.0-60.0); bpm = median beat,4/4,1.0,bass chord pad keys guitar lead drums
INDIE,,EDSON,Música No Ar (Any Man Of Mine),?,lmd,D,mixolydian,0.812,kk,79.0,single tempo,4/4,0.939,bass chord keys guitar drums
INDIE,,El Inquilino Comunista,Burned Time,80s,lmd,G,major,0.938,kk,138.0,48 tempo events (69.0-138.0); bpm = median beat,4/4,0.965,bass pad keys guitar lead drums
INDIE,,El Presidente,I Didn't Really,?,lmd,C,mixolydian,0.889,kk,92.0,single tempo,4/4,1.0,bass keys guitar lead drums
INDIE,,El Presidente,Raspberry Beret,?,lmd,D,major,0.818,kk,120.0,single tempo,4/4,1.0,bass pad guitar lead drums
INDIE,,Envy On The Coast,Like I Do (Album Version),new,lmd,G,major,0.937,kk,134.0,single tempo,4/4 (none),1.0,bass pad keys lead seq
INDIE,,Erdmöbel,Fahler als nur fahl ( A Whiter Shade Of Pale),new,lmd,Bb,major,0.908,kk,72.0,5 tempo events (57.0-72.0); bpm = median beat,4/4,1.0,bass pad keys lead drums
INDIE,,Five Eight,Leaving New York (Live),?,lmd,G,major,0.844,kk,93.0,single tempo,4/4 (none),1.0,bass pad keys guitar lead
INDIE,,Fizzle Like A Flood,Ambulance,?,lmd,G,major,0.954,kk,70.0,single tempo,4/4,1.0,bass keys guitar lead drums
INDIE,,Floatation Toy Warning,Even Fantastica,new,lmd,D,mixolydian,0.77,kk,120.0,single tempo,4/4,1.0,bass pad guitar lead fx drums
INDIE,,Foreign Born,Don't Take Back Your Time,new,lmd,E,minor,0.655,kk,136.0,23 tempo events (75.0-137.0); bpm = median beat,4/4,0.991,bass guitar lead drums
INDIE,,Gallon Drunk,The Shadow of Your Smile,new,lmd,E,minor,0.761,kk,114.0,single tempo,4/4,1.0,bass pad guitar lead drums
INDIE,,GRANDADDY,I'm On Standby,new,lmd,C,major,0.948,kk,102.0,12 tempo events (51.8-102.0); bpm = median beat,4/4,1.0,bass pad keys guitar lead drums
INDIE,,Hail Social,Cherry-Cola Funk (Cd),new,lmd,Eb,major,0.807,kk,117.0,single tempo,4/4,1.0,bass pad keys guitar lead drums
INDIE,,Ham1,Methmouth,new,lmd,C,major,0.898,kk,99.0,single tempo,4/4,1.0,bass pad keys guitar lead drums
INDIE,,Handsome Furs,Evangeline (Album),new,lmd,Bb,minor,0.902,kk,137.0,single tempo,4/4,1.0,bass pad keys guitar lead seq drums
INDIE,,Headlights,On April 2 (Jason Caddell Remix),new,lmd,C,major,0.969,kk,127.0,single tempo,4/4,1.0,keys lead drums
INDIE,,Howie Day,Madrigals,new,lmd,E,major,0.9,kk,71.0,single tempo,4/4 (none),1.0,bass pad keys guitar lead drums
INDIE,,Héroes del Silencio,El Mar No Cesa,80s,lmd,E,phrygian,0.82,kk,165.0,single tempo,4/4,1.0,bass guitar lead drums
INDIE,,Héroes del Silencio,Héroe De Leyenda (Versión Acústica),new,lmd,A,minor,0.885,kk,65.0,single tempo,4/4,1.0,bass pad guitar lead drums
INDIE,,Héroes del Silencio,Sal,new,lmd,G,major,0.855,kk,116.0,single tempo,4/4,1.0,bass chord pad keys guitar lead fx drums
INDIE,,I Am Koot,Dogs Howl,new,lmd,D,major,0.751,kk,100.0,single tempo,4/4,1.0,bass pad keys guitar lead drums
INDIE,,Iain Archer,When It Kicks In (Acoustic),new,lmd,E,minor,0.832,kk,117.0,7 tempo events (117.0-135.0); bpm = median beat,4/4,1.0,bass chord pad keys guitar lead drums
INDIE,,James,Strangers,?,lmd,C,major,0.777,kk,74.0,single tempo,4/4,0.939,bass pad keys guitar lead drums
INDIE,,James Blunt,Cry (Album Version),new,lmd,D,mixolydian,0.869,kk,75.0,single tempo,4/4,1.0,bass pad keys drums
INDIE,,James Blunt,Goodbye My Lover,new,lmd,E,major,0.921,kk,92.0,9 tempo events (65.0-92.0); bpm = median beat,4/4,1.0,pad keys guitar lead
INDIE,,Jaula de Grillos,Mil Pedazos,?,lmd,B,mixolydian,0.841,kk,100.0,single tempo,4/4,1.0,bass keys guitar lead seq drums
INDIE,,Jenn Grant,I Was Your Woman,?,lmd,A,minor,0.893,kk,97.0,single tempo,4/4,1.0,bass chord pad keys guitar lead drums
INDIE,,Kate Nash,Do-Wah-Doo,new,lmd,F,major,0.966,kk,150.0,single tempo,4/4,1.0,bass pad keys guitar lead drums
INDIE,,Kingmaker,Lady Madonna,80s,lmd,A,minor,0.804,kk,110.0,single tempo,4/4,1.0,bass chord keys guitar arp drums
INDIE,,Late Of The Pier,Heartbeat (Hot Chip Remix),new,lmd,B,major,0.954,kk,126.0,single tempo,4/4,1.0,bass chord pad keys lead seq drums
INDIE,,Laura Watling,Early Morning Walk,new,lmd,Bb,major,0.904,kk,123.0,single tempo,4/4,1.0,bass chord pad keys guitar lead drums
INDIE,,Leeland,Can't Stop,new,lmd,E,major,0.89,kk,130.0,2 tempo events (70.0-130.0); bpm = median beat,4/4,1.0,bass pad keys guitar lead drums
INDIE,,Leeland,Enter This Temple,new,lmd,B,major,0.888,kk,140.0,single tempo,4/4,1.0,bass pad keys guitar lead drums
INDIE,,Les Breastfeeders,L'existence précède la diésel,new,lmd,F,major,0.774,kk,120.0,single tempo,1/4,0.966,bass keys lead drums
INDIE,,Los Campesinos!,You! Me! Dancing!,new,lmd,A,major,0.951,kk,130.0,single tempo,4/4,1.0,bass pad guitar arp fx drums
INDIE,,Lykke Li,I'm Good_ I'm Gone [Metronomy Remix],?,lmd,D,mixolydian,0.795,kk,120.0,single tempo,4/4 (none),1.0,bass guitar lead drums
INDIE,,Madina Lake,The Auspice (LP Version),?,lmd,E,minor,0.796,kk,100.0,single tempo,4/4,1.0,bass pad lead seq drums
INDIE,,Madrugada,I'm Losing You,new,lmd,A,minor,0.909,kk,97.0,single tempo,4/4 (none),1.0,bass pad keys guitar lead drums
INDIE,,Maldita Nerea,Aunque Ni Siquiera Existas,new,lmd,C,major,0.957,kk,122.0,single tempo,4/4 (none),1.0,bass guitar lead drums
INDIE,,Marmoset,I'm Always Too Late,?,lmd,E,major,0.827,kk,112.0,single tempo,4/4,1.0,bass pad keys guitar drums
INDIE,,Matthew Barber,Revolution Of The Sun,?,lmd,E,major,0.91,kk,123.0,single tempo,4/4,1.0,bass pad keys guitar lead drums
INDIE,,Matthew Barber,The Story Of Your Life,?,lmd,D,major,0.947,kk,112.0,single tempo,4/4,1.0,bass pad keys lead arp drums
INDIE,,Matthew Sweet & Susanna Hoffs,Hello It's Me,new,lmd,Bb,major,0.859,kk,91.0,single tempo,4/4,0.976,bass chord keys guitar lead drums
INDIE,,Maximilian Hecker,Dying,new,lmd,Ab,major,0.984,kk,120.0,single tempo,4/4,1.0,pad keys lead
INDIE,,Meg & Dia,Bored Of Your Love (Album Version),?,lmd,C,major,0.959,kk,78.0,single tempo,2/4,0.989,bass pad keys guitar drums
INDIE,,Mike Badger,Clear Night For Love,?,lmd,G,major,0.882,kk,72.0,12 tempo events (50.0-72.0); bpm = median beat,4/4,1.0,pad keys guitar arp drums
INDIE,,Mike Badger,When We're Alone,?,lmd,A,minor,0.813,kk,123.0,163 tempo events (10.0-127.0); bpm = median beat,4/4,1.0,bass pad guitar lead drums
INDIE,,Mull Historical Society,Only I,new,lmd,G,major,0.931,kk,72.0,single tempo,4/4,0.933,bass keys guitar lead drums
INDIE,,My Little Pony,Comic Relief,new,lmd,G,major,0.914,kk,70.0,single tempo,4/4,1.0,bass pad keys guitar lead fx drums
INDIE,,Nagisa Ni Te,Midsummer Overhead,new,lmd,A,major,0.97,kk,120.0,single tempo,4/4,1.0,bass guitar drums
INDIE,,Nagisa Ni Te,Secrets,new,lmd,G,major,0.834,kk,91.0,single tempo,4/4,1.0,bass pad keys guitar lead drums
INDIE,,Nat Johnson And The Figureheads,Don't Worry Baby,?,lmd,C,major,0.763,kk,110.0,single tempo,4/4,1.0,bass pad keys guitar lead drums
INDIE,,Nickel Eye,Providence_ RI (Album Version),new,lmd,F,major,0.91,kk,124.0,single tempo,4/4,1.0,bass pad keys guitar lead drums
INDIE,,Nino Planeta,Siempre te Amare,?,lmd,A,major,0.937,kk,67.0,10 tempo events (50.0-67.0); bpm = median beat,4/4,0.759,bass pad keys guitar seq drums
INDIE,,Niño y pistola,Cheetah Belt,new,lmd,C,lydian,0.633,kk,141.0,3 tempo events (120.0-141.0); bpm = median beat,4/4 (none),1.0,bass pad keys lead arp fx drums
INDIE,,Okkervil River,Millionaire,new,lmd,D,major,0.901,kk,118.9,9 tempo events (100.0-120.0); bpm = median beat,4/4,0.994,bass pad keys lead drums
INDIE,,Paolo Nutini,Jenny Don't Be Hasty [Live At Isle Of Wight Festival] (EP Version),new,lmd,Gb,minor,0.828,kk,120.5,2 tempo events (120.0-120.5); bpm = median beat,4/4,0.991,bass guitar lead drums
INDIE,,Paolo Nutini,New Shoes [Live & Acoustic Version],new,lmd,Bb,major,0.931,kk,150.0,single tempo,4/4,1.0,bass keys guitar lead fx drums
INDIE,,Paper Route,Second Chances,new,lmd,A,minor,0.791,kk,69.0,single tempo,4/4,1.0,bass pad keys guitar lead drums
INDIE,,Pelle Carlberg,Bastards Don't Blush,new,lmd,C,major,0.92,kk,139.0,13 tempo events (120.0-140.0); bpm = median beat,4/4,1.0,bass chord pad guitar lead drums
INDIE,,Pelle Carlberg,Before I Was Smart,new,lmd,G,major,0.853,kk,62.0,3 tempo events (40.0-62.0); bpm = median beat,2/4,0.987,bass pad keys guitar lead arp fx drums
INDIE,,Peter Bradley Adams,Chant (Acoustic Version),?,lmd,Ab,lydian,0.654,bass-relative,110.0,single tempo,4/4,1.0,bass chord pad keys guitar lead seq fx drums
INDIE,,Pilot Speed,Alright,new,lmd,A,minor,0.771,bass-relative,80.0,single tempo,4/4,1.0,bass chord pad guitar lead seq drums
INDIE,,Pulp,Ansaphone,80s,lmd,C,major,0.882,kk,90.0,single tempo,4/4,1.0,bass keys guitar lead drums
INDIE,,Pulp,It's A Dirty World,80s,lmd,A,minor,0.783,kk,80.0,single tempo,4/4,1.0,bass keys lead arp
INDIE,,Radiohead,Exit Music (For A Film) (BBC Radio 1 Evening Session 28/5/97),new,lmd,Gb,mixolydian,0.735,kk,61.0,single tempo,4/4,0.943,keys guitar lead
INDIE,,Razorlight,The House,new,lmd,C,major,0.913,kk,112.0,single tempo,4/4,1.0,bass pad keys guitar fx drums
INDIE,,Robbie Williams,Advertising Space,new,lmd,C,major,0.918,kk,112.0,single tempo,4/4,1.0,bass pad keys guitar lead drums
INDIE,,Robbie Williams,Back For Good (Live Version),90s,lmd,E,major,0.897,kk,94.0,3 tempo events (72.0-94.0); bpm = median beat,4/4 (none),1.0,bass chord pad keys guitar lead drums
INDIE,,Robbie Williams,No Regrets,90s,lmd,Bb,mixolydian,0.793,kk,101.0,11 tempo events (101.0-102.0); bpm = median beat,4/4,1.0,bass pad keys guitar lead arp fx drums
INDIE,,Robbie Williams,Sexed Up (Demo Version),new,lmd,C,major,0.982,kk,78.0,single tempo,4/4 (none),1.0,bass pad keys guitar lead drums
INDIE,,Robyn Hitchcock & The Venus 3,Luckiness,new,lmd,D,mixolydian,0.877,kk,130.0,single tempo,4/4,1.0,bass chord pad guitar lead drums
INDIE,,Sahara Hotnights,Wake Up,90s,lmd,E,minor,0.765,kk,64.0,2 tempo events (60.0-64.0); bpm = median beat,4/4,1.0,bass pad keys guitar fx drums
INDIE,,Saturday Looks Good To Me,I Would Find it so Beautiful,new,lmd,Ab,major,0.908,kk,106.5,3 tempo events (106.5-120.0); bpm = median beat,4/4,1.0,bass pad guitar lead drums
INDIE,,Say Hi To Your Mom,The Key of C (Album Version),new,lmd,C,major,0.899,kk,148.0,2 tempo events (120.0-148.0); bpm = median beat,4/4,0.994,bass keys guitar lead drums
INDIE,,Scouting for Girls,Famous,new,lmd,B,minor,0.903,kk,133.6,single tempo,4/4,1.0,bass pad keys lead arp drums
INDIE,,Sexton Blake,Daniel,new,lmd,C,major,0.944,kk,110.0,single tempo,4/4,1.0,bass pad lead arp fx drums
INDIE,,Sibiria,Men I Tusen År,new,lmd,A,mixolydian,0.88,kk,72.0,2 tempo events (55.0-72.0); bpm = median beat,4/4,1.0,bass pad keys guitar lead drums
INDIE,,Slumber Party,I'm Not Sad,new,lmd,C,major,0.928,kk,120.0,single tempo,4/4,1.0,bass chord pad keys lead seq drums
INDIE,,Something For Kate,The One I Love,new,lmd,E,minor,0.856,kk,130.0,17 tempo events (108.0-130.0); bpm = median beat,4/4,0.944,bass guitar lead drums
INDIE,,Sounds Like Violence,Until Death Do Us Apart,new,lmd,G,dorian,0.726,kk,110.0,single tempo,4/4,1.0,bass pad guitar arp drums
INDIE,,Spectrum,All The Man That I Need,?,lmd,F,minor,0.789,kk,75.0,single tempo,4/4,1.0,bass chord pad keys guitar lead drums
INDIE,,Spectrum,America,?,lmd,A,minor,0.765,kk,125.0,9 tempo events (77.0-200.0); bpm = median beat,4/4,1.0,bass chord pad keys guitar lead drums
INDIE,,Spectrum,Greatest Love of All,?,lmd,A,major,0.889,kk,64.0,13 tempo events (35.0-80.0); bpm = median beat,4/4,0.976,bass pad lead fx drums
INDIE,,Spectrum,Love On The Rocks,?,lmd,A,minor,0.804,kk,65.0,single tempo,4/4,1.0,bass pad keys guitar lead fx drums
INDIE,,Spectrum,So Emotional,?,lmd,G,major,0.878,kk,122.0,single tempo,4/4,1.0,bass chord pad guitar lead drums
INDIE,,Straylight Run,It's For The Best (Album Version),new,lmd,Gb,minor,0.769,bass-relative,125.0,single tempo,4/4,1.0,bass guitar lead drums
INDIE,,Studio,Out There,?,lmd,A,minor,0.792,kk,80.0,single tempo,4/4,1.0,bass chord pad keys arp drums
INDIE,,Summer At Shatter Creek,Home for the Holidays,new,lmd,D,major,0.843,bass-relative,120.0,single tempo,4/4,1.0,bass pad keys guitar lead drums
INDIE,,Tape Deck Mountain,A+,new,lmd,C,major,0.876,kk,67.0,single tempo,4/4,1.0,chord pad keys guitar lead arp seq drums
INDIE,,Terrorvision,Surrender,new,lmd,E,minor,0.821,kk,136.0,single tempo,4/4,1.0,bass guitar lead drums
INDIE,,Test Your Reflex,I Am Alive,new,lmd,Eb,mixolydian,0.763,kk,115.0,single tempo,4/4,1.0,keys guitar lead drums
INDIE,,Test Your Reflex,Painted Red,new,lmd,C,major,0.953,kk,96.0,single tempo,4/4,1.0,bass pad keys guitar lead drums
INDIE,,The Advantage,Castlevania II - Woods,?,lmd,Bb,minor,0.863,kk,120.0,59 tempo events (115.5-120.0); bpm = median beat,4/4,1.0,keys
INDIE,,The Bats,The Old Ones,?,lmd,G,major,0.929,kk,130.0,3 tempo events (120.0-131.0); bpm = median beat,4/4 (none),1.0,bass pad keys guitar lead drums
INDIE,,The Beatles Tribute Band,Tell Me What You See,?,lmd,G,major,0.958,kk,138.6,5 tempo events (103.5-138.6); bpm = median beat,4/4,0.979,bass keys guitar lead drums
INDIE,,The Chap,Take It In The Face,new,lmd,G,major,0.765,kk,165.3,single tempo,4/4,1.0,keys arp drums
INDIE,,The Cliks,Whenever,new,lmd,A,major,0.877,kk,136.0,single tempo,4/4,1.0,bass chord pad arp drums
INDIE,,The Concretes,Back For Good,new,lmd,F,major,0.935,kk,83.0,7 tempo events (70.0-83.0); bpm = median beat,4/4,1.0,bass pad keys guitar lead drums
INDIE,,The Concretes,Lonely As Can Be,new,lmd,E,minor,0.946,kk,110.0,5 tempo events (108.0-111.0); bpm = median beat,4/4,1.0,bass chord pad guitar lead drums
INDIE,,The Concretes,Lovin Kind,new,lmd,A,minor,0.777,kk,75.0,single tempo,4/4,1.0,bass keys drums
INDIE,,The Courteeners,Please Don't,new,lmd,E,minor,0.801,kk,122.0,single tempo,4/4,1.0,bass chord pad keys lead seq fx drums
INDIE,,The Courteeners,You Overdid It Doll,new,lmd,Ab,major,0.805,kk,124.4,91 tempo events (57.2-125.9); bpm = median beat,4/4,0.994,bass pad keys guitar lead arp drums
INDIE,,The Frank And Walters,Colours,90s,lmd,C,major,0.972,kk,115.0,single tempo,4/4,1.0,bass chord pad keys guitar lead fx drums
INDIE,,The Harvest Ministers,I Gotta Lie Down,80s,lmd,Gb,minor,0.838,kk,109.0,single tempo,4/4,1.0,bass chord pad keys guitar lead seq drums
INDIE,,The Honorary Title,The Smoking Pose (Alternate Version),new,lmd,G,major,0.981,kk,112.0,single tempo,4/4,1.0,keys lead
INDIE,,The Hoosiers,Cops And Robbers,new,lmd,A,mixolydian,0.88,kk,98.0,single tempo,4/4,1.0,keys guitar lead drums
INDIE,,The Hot Toddies,HTML,new,lmd,G,major,0.989,kk,60.0,6 tempo events (48.0-60.0); bpm = median beat,4/4,1.0,bass pad keys guitar lead drums
INDIE,,The Joggers,Long Distance Runaround,new,lmd,E,minor,0.811,kk,91.0,single tempo,4/4,1.0,bass keys guitar lead arp drums
INDIE,,The Leisure Society,Bona Fide,?,lmd,D,major,0.928,kk,90.0,single tempo,4/4,1.0,bass pad keys lead drums
INDIE,,The Mabels,Our Last Photo,90s,lmd,G,major,0.956,kk,66.0,single tempo,4/4,1.0,bass pad guitar lead arp drums
INDIE,,The Magnetic Fields,I Was Born,new,lmd,C,major,0.835,kk,120.0,single tempo,4/4,1.0,keys lead
INDIE,,The Occasional Keepers,J. Carpenter Kid,new,lmd,D,major,0.927,kk,66.0,single tempo,4/4 (none),1.0,bass chord pad keys guitar lead fx drums
INDIE,,The Pastels,Over My Shoulder,80s,lmd,G,mixolydian,0.767,kk,100.0,single tempo,4/4,1.0,bass keys guitar lead drums
INDIE,,The Radio Dept.,All About Our Love,new,lmd,C,major,0.953,kk,105.0,single tempo,4/4,1.0,bass keys lead drums
INDIE,,The Radio Dept.,Messy enough,new,lmd,Db,minor,0.815,bass-relative,124.0,2 tempo events (118.0-124.0); bpm = median beat,4/4,1.0,bass pad keys guitar lead seq drums
INDIE,,The Raveonettes,My Heartbeats Dying (Bonus Track),new,lmd,C,mixolydian,0.763,kk,108.0,single tempo,4/4,1.0,bass keys guitar lead drums
INDIE,,The Raveonettes,Sometimes They Drop By,new,lmd,A,major,0.936,kk,60.0,46 tempo events (40.0-61.0); bpm = median beat,4/4,1.0,bass pad keys lead drums
INDIE,,The Sea Urchins,Summershine,80s,lmd,G,major,0.968,kk,75.0,single tempo,4/4,1.0,keys drums
INDIE,,The Smittens,Sapphire,?,lmd,E,major,0.828,kk,70.0,12 tempo events (62.0-77.0); bpm = median beat,4/4,1.0,bass pad keys guitar lead seq drums
INDIE,,The Sweetest Ache,If I Could Shine,80s,lmd,Ab,major,0.935,kk,122.8,2 tempo events (122.8-200.1); bpm = median beat,4/4,1.0,bass guitar lead drums
INDIE,,The Upper Room,Never Come Back,new,lmd,G,major,0.901,kk,77.0,4 tempo events (58.0-77.0); bpm = median beat,4/4,1.0,bass keys guitar lead drums
INDIE,,Thee More Shallows,The White Mask,new,lmd,C,major,0.638,kk,124.0,single tempo,4/4 (none),1.0,arp seq drums
INDIE,,This Providence,My Beautiful Rescue [Renovated],new,lmd,B,major,0.836,kk,120.0,single tempo,4/4,1.0,bass guitar lead drums
INDIE,,Timesbold,Gin I Win,new,lmd,D,major,0.908,kk,73.0,4 tempo events (44.0-88.0); bpm = median beat,4/4,1.0,bass pad keys lead drums
INDIE,,Tiny Dancers,Hemsworth Hallway,new,lmd,E,major,0.911,kk,132.0,single tempo,4/4 (none),1.0,bass chord pad keys lead drums
INDIE,,Travie McCoy,Billionaire [feat. Bruno Mars]  (Explicit Album Version),?,lmd,Gb,minor,0.843,kk,87.0,single tempo,4/4,1.0,bass pad guitar lead seq drums
INDIE,,Tullycraft,The Last Song,new,lmd,G,mixolydian,0.832,kk,115.0,single tempo,4/4,1.0,chord pad keys lead drums
INDIE,,Ultra Vivid Scene,You Know It All,80s,lmd,C,major,0.961,kk,71.0,15 tempo events (52.0-71.0); bpm = median beat,4/4,1.0,keys
INDIE,,Vitamin C,The Itch (LP Version),90s,lmd,B,minor,0.945,kk,106.0,single tempo,4/4,1.0,bass pad lead seq drums
INDIE,,Viva Voce,Hurdy Gurdy Man (BONUS TRACK),?,lmd,G,mixolydian,0.87,kk,75.0,single tempo,4/4,1.0,bass chord guitar lead drums
INDIE,,Voxtrot,The Future Pt. 1,new,lmd,D,major,0.837,kk,122.0,2 tempo events (120.0-122.0); bpm = median beat,4/4,1.0,bass pad keys guitar lead drums
INDIE,,Wilderness,Chinese Whisperers,new,lmd,Gb,minor,0.75,kk,115.0,10 tempo events (55.0-115.0); bpm = median beat,4/4,1.0,keys lead
INDIE,,Wilderness,Monumental (Album Version),new,lmd,A,major,0.948,kk,95.0,2 tempo events (81.0-95.0); bpm = median beat,4/4 (none),1.0,bass chord pad guitar lead seq fx drums
INDIE,,Wilderness,Part Ways,new,lmd,D,major,0.814,kk,112.0,2 tempo events (92.0-112.0); bpm = median beat,4/4,1.0,bass pad keys guitar lead drums
INDIE,,Zolof The Rock & Roll Destroyer,Say Say Say (Featuring Aaron Barrett of Reel Big Fish),new,lmd,Bb,minor,0.874,kk,117.0,single tempo,2/4,0.991,bass chord pad keys guitar lead drums
INDIE,ALT,A Fine Frenzy,Almost Lover (Live),new,lmd,A,minor,0.837,kk,80.0,single tempo,4/4,1.0,keys lead
INDIE,ALT,Alanis Morissette,You Learn (Album Version),90s,lmd,Ab,mixolydian,0.876,kk,84.3,single tempo,4/4,1.0,bass keys guitar lead seq drums
INDIE,ALT,Alternative Champs,Kicking Ass,new,lmd,E,minor,0.726,bass-relative,120.0,single tempo,4/4,1.0,bass pad guitar lead drums
INDIE,ALT,Anberlin,Enjoy The Silence,new,lmd,C,minor,0.92,kk,115.0,single tempo,4/4,1.0,bass pad guitar lead seq drums
INDIE,ALT,Baxter Dury,Cocaine Man,new,lmd,Ab,major,0.788,kk,125.0,single tempo,4/4,1.0,bass pad lead seq fx drums
INDIE,ALT,Beck,Lost Cause,new,lmd,C,major,0.935,kk,120.0,single tempo,4/4,1.0,guitar lead
INDIE,ALT,Ben Folds,Brick,new,lmd,D,major,0.946,kk,92.0,single tempo,4/4,1.0,bass lead seq drums
INDIE,ALT,Ben Folds Five,Battle of Who Could Care Less,90s,lmd,Bb,major,0.742,kk,195.0,single tempo,4/4,1.0,bass pad keys drums
INDIE,ALT,Ben Folds Five,Brick,80s,lmd,D,major,0.937,kk,97.0,single tempo,4/4,1.0,bass keys lead fx drums
INDIE,ALT,Ben Folds Five,One Angry Dwarf And 200 Solemn Faces,90s,lmd,B,minor,0.914,kk,125.0,single tempo,4/4,1.0,bass keys guitar drums
INDIE,ALT,Ben Folds Five,Video Killed The Radio Star,new,lmd,Db,major,0.975,kk,131.0,21 tempo events (80.0-131.0); bpm = median beat,4/4 (none),1.0,bass chord pad keys guitar lead arp drums
INDIE,ALT,Billy Corgan,Now (and Then) (Album Version),new,lmd,A,mixolydian,0.825,kk,64.0,single tempo,1/4,0.985,bass pad keys guitar lead drums
INDIE,ALT,Bjork,Bachelorette (Family Tree Version),90s,lmd,C,dorian,0.769,kk,98.0,single tempo,4/4,1.0,bass pad keys lead seq drums
INDIE,ALT,Bombay Bicycle Club,Always Like This,new,lmd,Bb,minor,0.784,bass-relative,126.0,2 tempo events (126.0-127.0); bpm = median beat,4/4,1.0,bass pad keys guitar lead drums
INDIE,ALT,Briskeby,Joe Dallesandro,new,lmd,E,minor,0.709,kk,127.0,2 tempo events (104.0-127.0); bpm = median beat,2/4,0.994,bass pad guitar lead drums
INDIE,ALT,Broken Social Scene,Pitter Patter Goes My Heart,new,lmd,E,major,0.955,kk,170.0,single tempo,4/4,1.0,bass pad keys guitar lead drums
INDIE,ALT,Carbon Leaf,Under The Wire,new,lmd,Eb,major,0.959,kk,134.0,single tempo,4/4,1.0,bass chord pad keys guitar drums
INDIE,ALT,Cobra Starship,Good Girls Go Bad [Frank E Remix] [feat. Flo Rida],new,lmd,C,major,0.98,kk,116.6,single tempo,4/4,1.0,bass pad guitar lead seq drums
INDIE,ALT,Cold,Anatomy Of A Tidal Wave (Album Version),?,lmd,C,minor,0.846,kk,75.0,single tempo,4/4,1.0,bass pad keys guitar lead drums
INDIE,ALT,Coldplay,Swallowed In The Sea,new,lmd,B,major,0.946,kk,140.0,single tempo,4/4,1.0,bass guitar lead drums
INDIE,ALT,Coldplay,Trouble,new,lmd,B,minor,0.812,kk,69.0,single tempo,4/4 (none),1.0,bass keys guitar lead
INDIE,ALT,Coldplay,White Shadows,new,lmd,Ab,minor,0.929,kk,127.0,single tempo,4/4,1.0,bass pad keys guitar drums
INDIE,ALT,Coldplay Tribute,Clocks,?,lmd,Eb,mixolydian,0.789,kk,131.0,single tempo,4/4,1.0,bass pad keys guitar lead drums
INDIE,ALT,Cool For August,Don't Wanna Be Here (Album Version),90s,lmd,A,major,0.942,kk,125.0,single tempo,4/4 (none),1.0,bass pad keys guitar lead drums
INDIE,ALT,Counting Crows,Hanginaround,90s,lmd,G,mixolydian,0.869,kk,100.0,single tempo,4/4,1.0,bass keys guitar lead drums
INDIE,ALT,Courage of Lassie,City Of Tears,80s,lmd,C,major,0.824,kk,66.0,5 tempo events (49.0-66.0); bpm = median beat,4/4,1.0,bass pad keys guitar seq drums
INDIE,ALT,David Usher,Watching The Wheels,new,lmd,C,major,0.981,kk,80.0,2 tempo events (75.0-80.0); bpm = median beat,4/4,1.0,bass chord pad keys lead drums
INDIE,ALT,Delfins,1 Lugar Ao Sol,80s,lmd,Bb,mixolydian,0.89,kk,110.0,single tempo,4/4,1.0,bass chord pad keys guitar lead drums
INDIE,ALT,Dolores O'Riordan,When We Were Young,new,lmd,Eb,minor,0.798,kk,127.0,2 tempo events (120.0-127.0); bpm = median beat,4/4,0.991,bass pad guitar lead drums
INDIE,ALT,Dolores O'Riordan / Simon Le Bon / L'Orchestra Filarmonica Di Torino / Michael Kamen,Linger,?,lmd,D,mixolydian,0.863,kk,99.0,3 tempo events (98.0-125.0); bpm = median beat,4/4,1.0,bass chord pad keys guitar lead drums
INDIE,ALT,Eels,3 Speed,90s,lmd,G,major,0.894,kk,135.0,single tempo,4/4,1.0,bass pad guitar lead seq drums
INDIE,ALT,Eels,Your Lucky Day In Hell,90s,lmd,C,major,0.756,kk,102.0,single tempo,4/4,1.0,bass pad keys guitar lead seq fx drums
INDIE,ALT,Fanfarlo,Sand & Ice (Bonus Track),new,lmd,G,major,0.933,kk,132.0,single tempo,4/4 (none),1.0,bass chord pad keys guitar lead fx drums
INDIE,ALT,Fyfe Dangerfield,Let's Start Again,new,lmd,D,major,0.901,kk,125.2,4 tempo events (89.0-125.2); bpm = median beat,6/8,0.846,bass pad keys guitar lead drums
INDIE,ALT,Garbage,#1 CRUSH (Re-mastered 07),new,lmd,D,minor,0.845,kk,94.0,single tempo,4/4,1.0,bass chord pad keys guitar lead drums
INDIE,ALT,Garbage,Androgyny [Felix Da Housecat remix],new,lmd,E,major,0.953,kk,133.0,single tempo,4/4,1.0,bass chord pad keys guitar lead drums
INDIE,ALT,Garbage,Drive You Home,new,lmd,C,major,0.821,kk,86.1,single tempo,4/4,1.0,bass pad keys guitar lead drums
INDIE,ALT,Garbage,Queer (Re-mastered 2007),new,lmd,G,minor,0.792,kk,100.0,single tempo,4/4,1.0,chord pad keys fx drums
INDIE,ALT,Garbage,Special (Re-mastered 07),new,lmd,C,minor,0.718,bass-relative,140.0,single tempo,4/4,1.0,bass pad lead arp fx drums
INDIE,ALT,Glenn Mercer,Two Rights,new,lmd,E,mixolydian,0.803,kk,120.0,single tempo,2/4,0.991,bass guitar lead drums
INDIE,ALT,Grant McLennan,Easy Come_ Easy Go,?,lmd,G,major,0.982,kk,126.0,single tempo,4/4,1.0,bass keys guitar lead drums
INDIE,ALT,Guster,Gone Daddy Gone (MTV2 Version),new,lmd,D,minor,0.688,kk,82.0,single tempo,4/4,1.0,bass guitar lead seq drums
INDIE,ALT,Hugh Dillon,Surface Of The Sun,?,lmd,A,minor,0.852,kk,72.0,single tempo,4/4,1.0,bass pad keys lead seq drums
INDIE,ALT,I Love You But I've Chosen Darkness,The Ghost (Album Version),new,lmd,E,minor,0.906,kk,137.0,single tempo,4/4,1.0,bass pad keys seq drums
INDIE,ALT,Jason Mraz,Make It Mine [From The Casa Nova Sessions],?,lmd,E,minor,0.734,bass-relative,150.0,single tempo,4/4,1.0,bass keys guitar lead arp drums
INDIE,ALT,John Frusciante,The Mirror (Album Version),new,lmd,C,major,0.95,kk,92.0,single tempo,4/4,1.0,bass pad keys seq drums
INDIE,ALT,Jon Auer,Song Noir,new,lmd,Db,minor,0.852,kk,117.0,7 tempo events (75.0-122.0); bpm = median beat,4/4,0.988,bass keys guitar lead drums
INDIE,ALT,Juliane Werding,Soll das alles gewesen sein,90s,lmd,A,major,0.885,kk,121.0,single tempo,4/4,1.0,bass pad guitar drums
INDIE,ALT,Kate Voegele,Wish You Were Intro/Wish You Were,new,lmd,Bb,major,0.955,kk,109.0,4 tempo events (73.0-109.0); bpm = median beat,4/4,1.0,bass chord pad keys guitar lead drums
INDIE,ALT,Keane,Playing Along,new,lmd,Bb,major,0.88,kk,154.0,single tempo,4/4 (none),1.0,bass pad keys guitar lead drums
INDIE,ALT,Kick Bong,What's Up in Your Head,?,lmd,B,minor,0.987,kk,113.0,3 tempo events (100.0-120.0); bpm = median beat,4/4,0.995,bass pad guitar lead drums
INDIE,ALT,La Cosa Nostra,Hey Lover,?,lmd,C,minor,0.765,kk,88.0,single tempo,4/4,1.0,keys guitar drums
INDIE,ALT,Les Thugs,(Maria Cries In Lima) (Album),?,lmd,A,major,0.967,kk,83.0,3 tempo events (79.0-83.0); bpm = median beat,4/4,1.0,bass pad keys guitar lead drums
INDIE,ALT,Les Wampas,Les Bottes Rouges,80s,lmd,A,major,0.936,kk,80.0,single tempo,4/4,1.0,bass pad guitar lead
INDIE,ALT,Mark McGrath,Ghost In You (Album Version),?,lmd,Bb,major,0.864,kk,123.0,single tempo,4/4,1.0,bass pad guitar lead drums
INDIE,ALT,Marysia Sadowska,Roman II,?,lmd,Gb,major,0.57,kk,170.0,2 tempo events (85.0-170.0); bpm = median beat,4/4,1.0,bass guitar fx drums
INDIE,ALT,Me In Motion,Seek Justice_ Love Mercy,?,lmd,B,major,0.884,kk,89.0,single tempo,4/4,1.0,bass pad keys guitar lead drums
INDIE,ALT,Melanie C,If That Were Me (Acoustic Version),new,lmd,G,major,0.809,kk,111.0,single tempo,4/4,1.0,bass pad guitar lead fx drums
INDIE,ALT,Midnight Oil,Beds Are Burning,80s,lmd,E,minor,0.907,kk,120.0,3 tempo events (100.0-120.0); bpm = median beat,4/4,0.991,bass chord pad keys guitar lead drums
INDIE,ALT,Muse,City Of Delusion,?,lmd,D,minor,0.768,kk,120.0,single tempo,2/4,0.993,bass pad guitar lead drums
INDIE,ALT,Muse,Hysteria,?,lmd,A,minor,0.727,kk,94.0,single tempo,4/4,1.0,bass guitar lead fx drums
INDIE,ALT,Muse,Starlight,?,lmd,B,major,0.88,kk,125.0,single tempo,4/4,1.0,keys drums
INDIE,ALT,Muse,Stockholm Syndrome,?,lmd,D,minor,0.929,kk,134.0,single tempo,4/4,1.0,bass keys guitar lead arp drums
INDIE,ALT,Muse,Sunburn,?,lmd,E,minor,0.884,kk,188.0,2 tempo events (141.0-188.0); bpm = median beat,4/4,0.905,bass keys guitar seq drums
INDIE,ALT,Nada Surf,Blonde On Blonde,new,lmd,C,major,0.954,kk,99.0,single tempo,4/4,1.0,bass pad keys guitar drums
INDIE,ALT,New Adventures,Morning Sickness,?,lmd,Bb,lydian,0.769,kk,138.0,single tempo,4/4 (none),1.0,bass pad lead drums
INDIE,ALT,OneRepublic,Secrets,new,lmd,B,minor,0.856,kk,148.0,single tempo,4/4,1.0,bass pad keys guitar lead seq drums
INDIE,ALT,Pilot Speed,Turn The Lights On,new,lmd,C,major,0.96,kk,114.0,single tempo,4/4,1.0,bass chord pad guitar lead drums
INDIE,ALT,PJ Harvey,Down By The Water,80s,lmd,E,minor,0.697,kk,125.0,single tempo,4/4,1.0,bass lead drums
INDIE,ALT,Pompeii,False Alarm,new,lmd,E,phrygian,0.79,kk,125.2,34 tempo events (80.0-125.2); bpm = median beat,4/4,1.0,bass pad guitar lead drums
INDIE,ALT,Poverty Stinks,Penkki_ puu ja puistotie - Un Banc_ un arbre_ une rue (2006 Digital Remaster),80s,lmd,G,major,0.945,kk,90.0,single tempo,4/4,1.0,bass keys guitar lead drums
INDIE,ALT,R.E.M.,#9 Dream (Album Version),80s,lmd,G,mixolydian,0.859,kk,114.0,101 tempo events (65.0-114.0); bpm = median beat,4/4,0.985,bass pad keys guitar lead drums
INDIE,ALT,R.E.M.,Losing My Religion [Live In Dublin],80s,lmd,E,phrygian,0.782,kk,125.0,5 tempo events (65.0-125.0); bpm = median beat,4/4,1.0,bass pad guitar lead drums
INDIE,ALT,Radiohead,Just,80s,lmd,F,major,0.659,kk,88.0,single tempo,4/4,1.0,bass guitar lead drums
INDIE,ALT,Radiohead,Karma Police,90s,lmd,D,mixolydian,0.917,kk,150.0,single tempo,4/4,1.0,bass pad keys guitar lead drums
INDIE,ALT,Radiohead,Million Dollar Question,80s,lmd,A,major,0.915,kk,80.0,36 tempo events (47.0-81.0); bpm = median beat,4/4,1.0,bass pad keys guitar lead drums
INDIE,ALT,Radiohead,Ripcord,80s,lmd,D,major,0.841,kk,140.0,2 tempo events (38.0-140.0); bpm = median beat,4/4,0.927,bass guitar lead drums
INDIE,ALT,Rivers Cuomo,I Was Made For You,new,lmd,Ab,major,0.889,kk,75.0,6 tempo events (64.0-75.0); bpm = median beat,4/4,1.0,bass pad keys guitar lead drums
INDIE,ALT,Rivers Cuomo,This Is The Way,new,lmd,F,major,0.838,kk,82.0,4 tempo events (81.0-82.0); bpm = median beat,4/4,1.0,bass pad guitar lead drums
INDIE,ALT,Sian Alice Group,Murder,new,lmd,Eb,major,0.804,kk,120.0,3 tempo events (120.0-120.0); bpm = median beat,4/4,1.0,keys
INDIE,ALT,Sister Vanilla,TOTP,new,lmd,E,major,0.837,kk,117.0,4 tempo events (114.0-117.0); bpm = median beat,4/4,1.0,bass keys guitar lead drums
INDIE,ALT,Snow Patrol,Chasing Cars,new,lmd,A,major,0.849,kk,110.0,single tempo,4/4,1.0,bass pad keys guitar lead drums
INDIE,ALT,Spacehog,In The Meantime (LP Version),?,lmd,A,major,0.776,kk,82.0,single tempo,4/4,1.0,bass lead drums
INDIE,ALT,Staggered Crossing,When the Rain's All Gone,?,lmd,E,major,0.915,kk,110.0,single tempo,4/4,1.0,bass pad guitar lead drums
INDIE,ALT,Tanya Donelly,Heart of Gold,new,lmd,E,minor,0.864,bass-relative,93.0,single tempo,4/4,1.0,bass chord guitar arp drums
INDIE,ALT,The Aliens,I Am The Unknown,new,lmd,G,major,0.878,kk,93.0,2 tempo events (83.0-93.0); bpm = median beat,4/4,1.0,bass chord keys guitar lead drums
INDIE,ALT,The Dude Of Life And Phish,Lucy In The Subway,?,lmd,E,minor,0.842,kk,70.0,5 tempo events (55.0-70.0); bpm = median beat,4/4,0.981,bass guitar lead drums
INDIE,ALT,the feelers,The Fear [York Street Full Mix],new,lmd,C,major,0.982,kk,91.0,single tempo,4/4,1.0,bass pad keys guitar lead drums
INDIE,ALT,The Fray,How To Save A Life,new,lmd,Bb,major,0.858,kk,120.0,single tempo,4/4,1.0,bass pad keys guitar lead drums
INDIE,ALT,The Red Jumpsuit Apparatus,Believe,new,lmd,G,major,0.896,kk,106.0,single tempo,4/4,1.0,bass pad keys guitar lead drums
INDIE,ALT,The Smashing Pumpkins,1979 (Vocal Mix),90s,lmd,Eb,major,0.792,kk,122.0,single tempo,4/4,1.0,bass guitar lead drums
INDIE,ALT,The Smashing Pumpkins,Mellon Collie And The Infinite Sadness,80s,lmd,Db,mixolydian,0.832,kk,69.0,single tempo,4/4,1.0,keys
INDIE,ALT,The Smashing Pumpkins,Stumbleine,80s,lmd,Gb,major,0.884,kk,62.0,4 tempo events (41.0-62.0); bpm = median beat,4/4,0.978,bass guitar lead
INDIE,ALT,The Wallflowers,Be Your Own Girl,80s,lmd,G,major,0.916,kk,148.0,3 tempo events (123.0-148.0); bpm = median beat,4/4,1.0,bass pad keys guitar lead drums
INDIE,ALT,The Wallflowers,One Headlight,90s,lmd,D,major,0.891,kk,108.0,single tempo,4/4,1.0,bass keys guitar drums
INDIE,ALT,They Might Be Giants,Birdhouse In Your Soul (LP Version),80s,lmd,C,major,0.825,kk,105.0,8 tempo events (61.0-105.0); bpm = median beat,4/4,0.976,bass pad keys guitar lead drums
INDIE,ALT,They Might Be Giants,Fingertips 17 - Mysterious (LP Version),80s,lmd,Ab,major,0.893,kk,65.0,single tempo,4/4,1.0,bass chord pad keys guitar lead seq drums
INDIE,ALT,They Might Be Giants,The Bells Are Ringing (LP Version),90s,lmd,C,major,0.928,kk,121.0,single tempo,4/4,0.836,bass keys guitar lead drums
INDIE,ALT,They Might Be Giants,Turn Around (LP Version),80s,lmd,A,major,0.832,kk,140.0,single tempo,4/4,1.0,bass pad guitar lead drums
INDIE,ALT,They Might Be Giants,Which Describes How You're Feeling (LP Version),80s,lmd,A,mixolydian,0.887,kk,152.0,5 tempo events (124.0-152.0); bpm = median beat,4/4,1.0,bass pad guitar lead
INDIE,ALT,Third Eye Blind,10 Days Late (2006 Remastered LP Version),new,lmd,C,mixolydian,0.864,kk,97.0,single tempo,1/4,0.866,bass pad guitar lead drums
INDIE,ALT,Travis,Funny Thing,new,lmd,D,major,0.725,kk,120.0,single tempo,4/4 (none),1.0,keys
INDIE,ALT,Travis,Safe,new,lmd,D,mixolydian,0.843,kk,81.0,single tempo,4/4 (none),1.0,bass guitar lead drums
INDIE,ALT,Travis,Side,new,lmd,G,minor,0.821,bass-relative,91.0,single tempo,4/4,1.0,bass pad keys guitar seq drums
INDIE,ALT,Travis,Why Does It Always Rain On Me?,new,lmd,E,major,0.972,kk,110.0,single tempo,4/4,1.0,bass pad keys guitar lead drums
INDIE,ALT,Twin Atlantic,Better Weather,new,lmd,G,major,0.895,kk,67.0,single tempo,4/4,1.0,bass pad keys lead seq drums
INDIE,ALT,Vulgaires Machins,A (Live),?,lmd,E,minor,0.913,kk,119.0,single tempo,4/4,1.0,bass pad keys guitar lead drums
INDIE,ALT,We Shot the Moon,Come Back,new,lmd,D,minor,0.778,kk,80.0,single tempo,4/4,1.0,bass guitar drums
INDIE,ALT,Weezer,El Scorcho,90s,lmd,Ab,major,0.972,kk,149.0,single tempo,4/4,1.0,bass guitar lead drums
INDIE,ALT,Wild Colonials,The Battle Won (Tryptich),?,lmd,Db,minor,0.902,kk,64.0,110 tempo events (27.0-116.0); bpm = median beat,4/4,0.758,keys
INDIE,ALT,World Party,Put The Message In The Box,80s,lmd,G,major,0.94,kk,134.0,single tempo,4/4,1.0,bass pad keys guitar lead drums
INDIE,ALT,Zornik,Quest For Silence,?,lmd,C,major,0.938,kk,98.0,single tempo,4/4,1.0,bass pad keys lead drums
INDIE,DREAMPOP,Faye Wong,Fu Zao,?,lmd,E,major,0.908,kk,143.0,single tempo,4/4,1.0,bass guitar lead drums
INDIE,DREAMPOP,Hope Sandoval and the Warm Inventions,Drop,new,lmd,F,major,0.967,kk,78.0,single tempo,4/4,1.0,pad keys guitar drums
INDIE,DREAMPOP,Mariah Carey,Till The End Of Time,80s,lmd,Bb,mixolydian,0.839,kk,64.0,42 tempo events (34.0-64.0); bpm = median beat,4/4,0.989,bass chord pad keys lead fx drums
INDIE,DREAMPOP,Mazzy Star,I've Been Let Down,90s,lmd,G,major,0.864,kk,137.0,single tempo,4/4,1.0,bass pad keys guitar lead seq drums
INDIE,DREAMPOP,Mercury Rev,Opus 40,90s,lmd,Db,major,0.902,kk,72.0,7 tempo events (50.0-200.0); bpm = median beat,4/4,0.974,bass pad keys guitar lead arp drums
INDIE,DREAMPOP,Moose,Slip And Slide,?,lmd,C,major,0.982,kk,145.0,single tempo,4/4,1.0,bass pad keys guitar lead drums
INDIE,DREAMPOP,The Ocean Blue,Between Something and Nothing   (LP Version),80s,lmd,G,major,0.88,kk,144.0,single tempo,4/4,1.0,bass pad guitar drums
INDIE,DREAMPOP,The Ocean Blue,Love Song (LP Version),80s,lmd,E,major,0.94,kk,105.0,single tempo,4/4 (none),1.0,bass pad keys guitar lead seq drums
INDIE,DREAMPOP,The Ocean Blue,Marigold (LP Version),80s,lmd,D,major,0.871,kk,130.0,single tempo,4/4,1.0,bass keys guitar lead drums
INDIE,DREAMPOP,The Ocean Blue,The Planetarium Scene  (LP Version),80s,lmd,G,major,0.828,kk,128.0,single tempo,4/4,1.0,bass keys lead drums
INDIE,DREAMPOP,The Radio Dept.,Värnhem,new,lmd,D,major,0.862,kk,120.0,single tempo,4/4,1.0,bass pad lead drums
INDIE,DREAMPOP,The Verve,Bitter Sweet Symphony,90s,lmd,A,major,0.832,kk,85.0,single tempo,4/4,1.0,bass pad lead drums
INDIE,GRUNGE,12 Stones,Fade Away,new,lmd,C,minor,0.964,kk,80.8,single tempo,4/4,1.0,bass pad lead drums
INDIE,GRUNGE,Airliner,Happiness,new,lmd,C,major,0.957,kk,100.0,2 tempo events (100.0-120.0); bpm = median beat,4/4,1.0,bass pad keys guitar lead drums
INDIE,GRUNGE,Barenaked Ladies,The Old Apartment (Live 5/01/04 Glasgow),90s,lmd,Bb,major,0.906,kk,80.0,20 tempo events (36.0-80.0); bpm = median beat,4/4,1.0,bass guitar lead drums
INDIE,GRUNGE,Better Than Ezra,Cry In The Sun (LP Version),80s,lmd,D,major,0.918,kk,140.0,single tempo,4/4,1.0,bass pad keys guitar lead drums
INDIE,GRUNGE,Black Stone Cherry,Peace Is Free (Album Version),new,lmd,F,major,0.857,kk,84.0,single tempo,4/4,1.0,bass pad keys guitar lead seq drums
INDIE,GRUNGE,Breaking Point,All Messed Up,new,lmd,Db,major,0.942,kk,85.0,14 tempo events (49.0-85.0); bpm = median beat,4/4,1.0,bass pad keys guitar lead drums
INDIE,GRUNGE,Bush,Headful Of Ghosts (Album Version),?,lmd,F,major,0.862,kk,72.0,single tempo,4/4,1.0,bass pad keys guitar lead seq drums
INDIE,GRUNGE,Caifanes,Aqui No Pasa Nada,80s,lmd,A,mixolydian,0.809,kk,117.0,2 tempo events (117.0-180.0); bpm = median beat,4/4 (none),1.0,bass pad keys guitar lead arp fx drums
INDIE,GRUNGE,Cake,Strangers In The Night,new,lmd,C,mixolydian,0.77,kk,90.0,141 tempo events (21.0-90.0); bpm = median beat,4/4,1.0,bass chord pad keys guitar lead seq drums
INDIE,GRUNGE,Collective Soul,Bleed (LP Version),80s,lmd,A,major,0.888,kk,117.0,single tempo,4/4,1.0,bass keys guitar lead drums
INDIE,GRUNGE,Creed,Higher,?,lmd,D,major,0.892,kk,78.0,single tempo,1/4,0.99,bass guitar lead drums
INDIE,GRUNGE,Everclear,Father Of Mine,90s,lmd,Db,major,0.956,kk,98.0,single tempo,4/4,1.0,bass chord guitar lead drums
INDIE,GRUNGE,Foo Fighters,Best Of You,new,lmd,Db,minor,0.829,bass-relative,130.0,single tempo,4/4,1.0,bass guitar lead drums
INDIE,GRUNGE,Garbage,Only Happy When It Rains (Re-mastered 2007),new,lmd,Ab,phrygian,0.738,kk,120.0,single tempo,4/4,1.0,bass chord pad guitar lead seq drums
INDIE,GRUNGE,Garbage,The World Is Not Enough (Re-mastered 2007),new,lmd,F,major,0.784,kk,87.0,3 tempo events (84.0-100.0); bpm = median beat,4/4,1.0,bass chord pad keys guitar lead drums
INDIE,GRUNGE,Goo Goo Dolls,Slide (Live Version),new,lmd,G,major,0.873,kk,111.0,single tempo,4/4 (none),1.0,bass guitar lead drums
INDIE,GRUNGE,Grammatrain,Flying  (),90s,lmd,A,major,0.908,kk,85.0,single tempo,4/4,1.0,bass pad keys drums
INDIE,GRUNGE,Hole,Asking For It,80s,lmd,D,mixolydian,0.786,kk,120.0,single tempo,4/4,1.0,chord guitar drums
INDIE,GRUNGE,Hole,Celebrity Skin,90s,lmd,A,major,0.837,bass-relative,135.0,single tempo,4/4,1.0,bass guitar lead drums
INDIE,GRUNGE,Hole,Doll Parts,80s,lmd,G,major,0.969,kk,102.0,single tempo,4/4,1.0,bass guitar lead
INDIE,GRUNGE,Hole,Malibu,90s,lmd,D,major,0.844,kk,122.0,10 tempo events (93.0-122.0); bpm = median beat,4/4,1.0,bass guitar lead drums
INDIE,GRUNGE,Hole,Violet,80s,lmd,E,phrygian,0.84,kk,168.0,single tempo,4/4,1.0,bass guitar lead drums
INDIE,GRUNGE,Huffamoose,Canada,new,lmd,G,major,0.755,kk,110.0,7 tempo events (88.0-113.0); bpm = median beat,4/4,1.0,bass pad keys guitar lead drums
INDIE,GRUNGE,Idlewild,Welcome Home,new,lmd,F,major,0.905,kk,76.0,single tempo,2/4,0.973,keys lead fx drums
INDIE,GRUNGE,K's Choice,Winter,80s,lmd,E,minor,0.87,kk,86.0,single tempo,4/4,1.0,bass chord pad keys guitar lead drums
INDIE,GRUNGE,Kent,Min Värld,?,lmd,F,major,0.863,kk,132.0,single tempo,4/4,1.0,bass chord pad keys guitar lead drums
INDIE,GRUNGE,Life Of Agony,Redemption Song (Alt. Version) (Album Version),90s,lmd,G,major,0.89,kk,108.0,single tempo,4/4,1.0,guitar lead
INDIE,GRUNGE,Lifehouse,Halfway Gone,new,lmd,E,major,0.797,kk,132.0,single tempo,4/4,1.0,bass lead drums
INDIE,GRUNGE,Mad Season,River Of Deceit,80s,lmd,G,mixolydian,0.829,kk,88.0,single tempo,4/4,1.0,bass guitar lead drums
INDIE,GRUNGE,Magic Dirt,Tee Vee,new,lmd,A,mixolydian,0.856,kk,171.0,single tempo,4/4,1.0,bass chord pad guitar lead drums
INDIE,GRUNGE,matchbox twenty,Bent (Remastered Version),new,lmd,Gb,minor,0.733,bass-relative,97.0,single tempo,4/4,1.0,bass pad keys guitar lead drums
INDIE,GRUNGE,MIDIFine Systems,Gimme All Your Lovin',?,lmd,C,mixolydian,0.765,kk,122.0,single tempo,4/4,1.0,bass guitar lead drums
INDIE,GRUNGE,Mudhoney,In The Blood (Album Version),80s,lmd,C,mixolydian,0.733,kk,120.0,single tempo,4/4,1.0,bass pad keys guitar lead drums
INDIE,GRUNGE,Nerf Herder,I'm Not a Loser,new,lmd,D,mixolydian,0.781,kk,83.0,single tempo,4/4,1.0,bass pad keys guitar lead drums
INDIE,GRUNGE,Nirvana,Aneurysm,90s,lmd,Gb,phrygian,0.779,kk,147.0,2 tempo events (147.0-153.8); bpm = median beat,4/4,1.0,bass guitar drums
INDIE,GRUNGE,Nirvana,Breed,90s,lmd,Gb,minor,0.783,kk,155.0,single tempo,4/4,1.0,bass guitar drums
INDIE,GRUNGE,Nirvana,Polly,90s,lmd,C,mixolydian,0.791,kk,120.0,single tempo,1/4,0.989,guitar lead
INDIE,GRUNGE,Nirvana,Rape Me,90s,lmd,Eb,minor,0.853,kk,117.0,single tempo,4/4,1.0,bass guitar lead drums
INDIE,GRUNGE,Nirvana,Smells Like Teen Spirit,90s,lmd,F,minor,0.965,kk,120.0,21 tempo events (110.0-125.0); bpm = median beat,4/4,1.0,bass guitar lead drums
INDIE,GRUNGE,Pearl Jam,Better Man,80s,lmd,D,major,0.932,kk,124.0,11 tempo events (71.0-124.0); bpm = median beat,4/4,1.0,bass keys guitar lead seq drums
INDIE,GRUNGE,Pearl Jam,Yellow Ledbetter,80s,lmd,E,major,0.942,kk,152.0,single tempo,4/4,1.0,bass pad keys guitar lead fx drums
INDIE,GRUNGE,Pillar,Metamorphosis,new,lmd,D,major,0.847,kk,100.0,single tempo,4/4 (none),1.0,bass pad keys guitar lead drums
INDIE,GRUNGE,Plankeye,Goodbye,90s,lmd,E,major,0.926,kk,75.0,13 tempo events (53.0-75.0); bpm = median beat,4/4,0.986,bass keys guitar lead drums
INDIE,GRUNGE,Prime Circle,She Always Gets What She Wants,new,lmd,G,major,0.886,kk,83.0,single tempo,4/4,1.0,bass pad lead drums
INDIE,GRUNGE,Puddle Of Mudd,Blurry,new,lmd,Eb,minor,0.865,kk,81.0,single tempo,4/4,1.0,bass guitar lead arp drums
INDIE,GRUNGE,Rubyhorse,The  First Of The Year,new,lmd,C,major,0.969,kk,80.0,single tempo,4/4,1.0,bass guitar lead
INDIE,GRUNGE,Saving Abel,Beautiful Day,new,lmd,D,major,0.95,kk,71.0,single tempo,4/4,1.0,bass guitar lead drums
INDIE,GRUNGE,Seven Mary Three,Houdini's Angels (LP Version),90s,lmd,A,major,0.925,kk,69.0,single tempo,4/4,1.0,bass keys guitar drums
INDIE,GRUNGE,Silverchair,Anthem For The Year 2000,90s,lmd,A,minor,0.762,kk,88.0,single tempo,4/4,1.0,bass guitar lead drums
INDIE,GRUNGE,Silverchair,Israel's Son,80s,lmd,D,phrygian,0.811,kk,80.0,41 tempo events (80.0-105.0); bpm = median beat,4/4,1.0,bass guitar lead drums
INDIE,GRUNGE,Silverchair,Suicidal Dream,80s,lmd,B,minor,0.814,kk,96.0,single tempo,4/4,1.0,bass guitar lead drums
INDIE,GRUNGE,Smash Mouth,All Star,90s,lmd,Gb,major,0.868,kk,108.0,single tempo,4/4,1.0,bass guitar lead drums
INDIE,GRUNGE,Soul Asylum,Great Exaggerator,new,lmd,G,major,0.89,kk,82.0,single tempo,4/4,1.0,bass keys guitar lead drums
INDIE,GRUNGE,Soul Asylum,Promises Broken,80s,lmd,E,major,0.887,kk,77.0,single tempo,4/4,1.0,bass pad lead drums
INDIE,GRUNGE,Soul Asylum,Rhinestone Cowboy,new,lmd,C,major,0.985,kk,114.0,2 tempo events (114.0-120.0); bpm = median beat,4/4,0.99,bass pad keys guitar lead drums
INDIE,GRUNGE,Soul Asylum,The Game,90s,lmd,A,major,0.893,kk,139.0,23 tempo events (99.0-142.0); bpm = median beat,4/4 (none),1.0,bass pad keys guitar lead drums
INDIE,GRUNGE,Souls,Penny & Jenny,90s,lmd,D,minor,0.698,kk,75.0,single tempo,4/4,1.0,bass guitar lead drums
INDIE,GRUNGE,Stone Temple Pilots,Big Bang Baby(LP Version),new,lmd,A,minor,0.812,kk,120.0,single tempo,4/4,1.0,bass drums
INDIE,GRUNGE,Stone Temple Pilots,Creep (LP Version),80s,lmd,E,minor,0.944,kk,60.0,single tempo,4/4,1.0,bass keys guitar lead arp drums
INDIE,GRUNGE,Stone Temple Pilots,Interstate Love Song (LP Version),new,lmd,E,major,0.831,kk,81.0,single tempo,4/4,0.957,bass guitar lead drums
INDIE,GRUNGE,Stone Temple Pilots,Plush (LP Version),new,lmd,G,minor,0.789,kk,144.0,single tempo,4/4,1.0,bass guitar drums
INDIE,GRUNGE,Stone Temple Pilots,Vasoline(LP Version),new,lmd,G,minor,0.817,kk,89.0,single tempo,4/4,1.0,bass guitar lead
INDIE,GRUNGE,Sugar Ray,Fly [Live From Spain],new,lmd,Ab,major,0.836,bass-relative,97.0,single tempo,4/4,1.0,bass chord pad guitar lead seq drums
INDIE,GRUNGE,The Calling,Wherever You Will Go,new,lmd,D,major,0.969,kk,112.0,single tempo,4/4,1.0,bass pad guitar lead drums
INDIE,GRUNGE,The Laughing Colors,If You Don't Look Up,?,lmd,Gb,minor,0.658,kk,116.0,3 tempo events (82.0-120.0); bpm = median beat,4/4,1.0,bass guitar drums
INDIE,GRUNGE,The Stills,Lola Stars and Stripes (Album Version),new,lmd,E,major,0.931,kk,122.0,single tempo,4/4,1.0,bass chord pad lead drums
INDIE,GRUNGE,The Verve Pipe,The Freshmen,90s,lmd,A,major,0.874,kk,100.0,2 tempo events (95.0-100.0); bpm = median beat,4/4,1.0,bass guitar lead drums
INDIE,GRUNGE,Virgos Merlot,Kiss My Disease (LP Version),90s,lmd,Gb,major,0.973,kk,70.0,9 tempo events (62.0-71.0); bpm = median beat,4/4,0.983,bass pad keys guitar lead drums
INDIE,GRUNGE,Watchmen,Alchemist,?,lmd,B,minor,0.704,kk,120.0,3 tempo events (120.0-200.0); bpm = median beat,4/4,1.0,bass pad keys seq drums
INDIE,SHOEGAZE,Catherine Wheel,I Want To Touch You,80s,lmd,E,mixolydian,0.808,kk,113.0,single tempo,4/4,1.0,bass chord pad keys guitar lead drums
INDIE,SHOEGAZE,Engineers,If I Were A Carpenter,new,lmd,D,mixolydian,0.86,kk,124.0,single tempo,4/4,1.0,bass chord keys guitar lead drums
INDIE,SHOEGAZE,Lise Westzynthius,Dead Angle,?,lmd,Gb,minor,0.859,kk,65.0,single tempo,4/4,1.0,bass pad keys guitar lead seq drums
INDIE,SHOEGAZE,Sister Vanilla,Delicat,new,lmd,A,mixolydian,0.946,kk,116.0,single tempo,4/4,1.0,bass guitar lead drums
INDIE,SHOEGAZE,The Boo Radleys,Song From The Blueroom,90s,lmd,A,mixolydian,0.887,kk,90.0,single tempo,4/4,0.987,keys arp
INDIE,SHOEGAZE,The Jesus And Mary Chain,Save Me,80s,lmd,B,major,0.928,kk,80.0,single tempo,4/4,1.0,bass pad guitar lead arp drums
INDIE,SHOEGAZE,The Radio Dept.,A Token Of Gratitude,new,lmd,E,major,0.899,kk,115.0,single tempo,4/4,0.971,bass pad keys guitar lead drums
INDIE,SHOEGAZE,The Radio Dept.,Let Me Have This,new,lmd,B,mixolydian,0.77,kk,67.0,21 tempo events (59.2-67.0); bpm = median beat,4/4,0.986,bass chord pad keys guitar lead drums
INDIE,SHOEGAZE,The Radio Dept.,We Climb The Wired Fences,new,lmd,Gb,major,0.955,kk,95.0,single tempo,4/4,1.0,bass chord pad keys seq drums
INDIE,SHOEGAZE,The Raveonettes,Hallucinations,new,lmd,Bb,major,0.788,kk,130.0,single tempo,4/4,1.0,bass guitar lead seq fx drums
INDIE,SHOEGAZE,Wine,Alone To The Bone,?,lmd,G,major,0.969,kk,90.0,single tempo,4/4,1.0,bass keys guitar lead drums
ITALO,,49ers,Keep Your Love,80s,lmd,G,dorian,0.875,kk,120.0,single tempo,4/4,1.0,bass pad keys drums
ITALO,,Alaska Y Dinarama,Un Hombre De Verdad (Acid Remix),new,lmd,C,major,0.957,kk,126.0,single tempo,4/4,1.0,bass chord pad keys guitar lead fx drums
ITALO,,Amanda Lear,Follow Me,80s,lmd,Eb,major,0.717,kk,130.0,2 tempo events (120.0-130.0); bpm = median beat,4/4,1.0,bass chord pad guitar lead seq fx drums
ITALO,,Andrea,Il caffè della peppina,?,lmd,D,phrygian,0.602,kk,125.0,12 tempo events (125.0-135.0); bpm = median beat,4/4,1.0,bass chord keys lead drums
ITALO,,Ann Lee,Every single day,90s,lmd,F,major,0.923,kk,64.0,single tempo,4/4,1.0,bass chord pad keys lead drums
ITALO,,Anthony Shakir,Mr. Gone Is Back Again,new,lmd,G,dorian,0.791,kk,127.0,single tempo,4/4,1.0,bass chord pad guitar lead seq drums
ITALO,,bad boys blue,,80s,lamd,Bb,major,0.863,kk,61.0,3 tempo events (58.0-100.0); bpm = median beat,4/4,1.0,bass chord pad keys guitar arp seq fx drums
ITALO,,bad boys blue,,80s,lamd,C,minor,0.909,kk,118.0,single tempo,4/4,1.0,bass chord pad keys guitar lead arp drums
ITALO,,bad boys blue,,80s,lamd,G,minor,0.937,kk,118.0,single tempo,4/4,1.0,bass chord pad guitar lead fx drums
ITALO,,Bad Boys Blue,You're A Woman '98,90s,lmd,C,minor,0.909,kk,118.0,single tempo,4/4,1.0,bass chord pad keys guitar lead arp drums
ITALO,,Bananarama,Love Comes,new,lmd,G,major,0.768,kk,128.0,single tempo,4/4,1.0,bass keys guitar lead drums
ITALO,,Bianca,Eines Tages wirst du wieder fliegen,?,lmd,A,major,0.921,kk,121.0,single tempo,4/4,1.0,bass chord pad guitar lead fx drums
ITALO,,Bianca,Schönes Land am Meer,?,lmd,D,minor,0.812,kk,105.0,single tempo,4/4,1.0,bass chord pad guitar drums
ITALO,,Blue System,Hello America,80s,lmd,G,major,0.928,kk,80.0,19 tempo events (39.0-80.0); bpm = median beat,4/4,1.0,bass pad keys guitar lead drums
ITALO,,c c catch,,80s,lamd,D,major,0.574,kk,107.0,single tempo,4/4,0.978,bass pad keys lead arp seq drums
ITALO,,c c catch,,80s,lamd,Gb,mixolydian,0.694,bass-relative,119.2,single tempo,4/4,1.0,bass pad keys guitar lead seq fx drums
ITALO,,c c catch,,80s,lamd,Ab,phrygian,0.841,kk,116.3,single tempo,4/4,1.0,bass chord pad guitar lead fx drums
ITALO,,c c catch,,80s,lamd,F,major,0.814,kk,122.0,5 tempo events (100.0-122.0); bpm = median beat,4/4,0.996,bass chord pad keys guitar lead seq fx drums
ITALO,,casco,,80s,lamd,A,minor,0.758,kk,110.0,single tempo,4/4,1.0,bass chord keys guitar lead seq drums
ITALO,,Change,The Glow Of Love  (LP Version),90s,lmd,G,major,0.893,kk,113.0,single tempo,4/4,1.0,bass pad keys guitar lead seq drums
ITALO,,Chris and Mike,House of  the Rising Sun,?,lmd,A,minor,0.95,kk,120.0,single tempo,4/4,1.0,bass keys guitar lead arp drums
ITALO,,Chris Bailey,Suspicious Mind,90s,lmd,Gb,major,0.964,kk,121.0,9 tempo events (109.0-121.0); bpm = median beat,4/4,1.0,bass chord pad keys drums
ITALO,,Claudja Barry,I Will Stand - Tony Moran & Warren Rigg Radio Edit,?,lmd,E,major,0.963,kk,130.0,single tempo,4/4,1.0,bass chord pad keys guitar lead drums
ITALO,,Company B,Fascinated (Re-Recorded / Remastered),?,lmd,F,minor,0.765,kk,120.0,single tempo,4/4,1.0,bass pad lead arp drums
ITALO,,Daddy Mory,Intro,new,lmd,C,minor,0.661,kk,155.0,single tempo,4/4,1.0,bass chord pad keys guitar seq drums
ITALO,,Den Harrow,Catch the Fox,80s,lmd,C,minor,0.891,kk,98.0,10 tempo events (48.0-98.0); bpm = median beat,4/4,1.0,bass chord pad keys lead arp seq drums
ITALO,,Den Harrow,Mad Desire,80s,lmd,Eb,mixolydian,0.8,kk,99.0,single tempo,4/4,1.0,bass chord pad keys lead seq drums
ITALO,,Desireless,Voyage_ voyage (Maxi version),80s,lmd,Ab,minor,0.835,kk,121.0,single tempo,4/4,1.0,bass chord pad keys lead drums
ITALO,,divine,,80s,lamd,A,major,0.933,kk,60.5,single tempo,4/4,1.0,bass pad guitar lead drums
ITALO,,Donatella Rettore,Lamette,80s,lmd,C,minor,0.945,kk,167.0,single tempo,4/4,1.0,bass chord pad keys guitar lead drums
ITALO,,Fancy,Slice Me Nice,80s,lmd,F,minor,0.823,kk,121.0,single tempo,4/4,1.0,bass chord pad keys lead seq fx drums
ITALO,,Feel,To Co Ja Dzis Widze W Tobie,new,lmd,E,major,0.966,kk,123.0,single tempo,4/4,1.0,bass keys guitar lead drums
ITALO,,Frances Nero,Footsteps Following Me (Full Length Extended Version),?,lmd,A,major,0.947,kk,98.0,2 tempo events (90.0-98.0); bpm = median beat,4/4,1.0,bass pad keys guitar lead seq drums
ITALO,,Frankie HI-NRG MC,Quelli Che Benpensano,new,lmd,D,major,0.744,kk,173.0,single tempo,4/4,1.0,bass chord pad keys guitar lead arp drums
ITALO,,Gazebo,I Like Chopin,80s,lmd,D,minor,0.778,kk,120.0,single tempo,4/4,1.0,bass chord pad keys lead drums
ITALO,,Giuni Russo,Con Te,80s,lmd,C,major,0.87,kk,96.0,single tempo,4/4,1.0,bass pad keys guitar lead arp drums
ITALO,,Ice Mc,Ice Mc's Shoes,80s,lmd,Gb,mixolydian,0.747,kk,110.0,single tempo,4/4,1.0,bass pad guitar lead drums
ITALO,,Il Giardino Dei Semplici,Miele,new,lmd,E,mixolydian,0.826,kk,133.0,8 tempo events (129.0-133.0); bpm = median beat,4/4,1.0,bass pad keys guitar lead arp drums
ITALO,,In-Grid,Tu Es Foutu,new,lmd,Ab,minor,0.768,kk,125.0,single tempo,4/4,1.0,bass chord pad keys lead drums
ITALO,,INDIETRO,Il Destino (Original Club Mix),new,lmd,Db,major,0.846,kk,138.0,single tempo,4/4 (none),1.0,bass pad keys lead arp drums
ITALO,,Ivana  Spagna,Davanti Agli Occhi Miei,?,lmd,Gb,major,0.956,kk,77.0,40 tempo events (61.0-77.0); bpm = median beat,4/4,1.0,bass pad keys guitar lead drums
ITALO,,Jaki Graham,I Wish,?,lmd,Ab,mixolydian,0.721,kk,104.0,single tempo,4/4,1.0,bass keys guitar lead drums
ITALO,,Jamie Dee,So Good,80s,lmd,E,major,0.905,kk,135.0,single tempo,4/4,1.0,bass chord pad keys guitar drums
ITALO,,Jimmy Ross,First True Love Affair,80s,lmd,A,minor,0.955,kk,120.0,single tempo,4/4,1.0,bass chord pad keys guitar lead drums
ITALO,,Jinny,Feel the Rhythm,80s,lmd,G,mixolydian,0.847,kk,132.0,single tempo,4/4,1.0,bass chord pad keys lead arp drums
ITALO,,Joe Yellow,I'm your lover,90s,lmd,B,minor,0.732,bass-relative,123.0,single tempo,4/4,1.0,bass keys guitar lead drums
ITALO,,Kano,Frequency,80s,lmd,A,minor,0.89,kk,164.0,3 tempo events (73.0-164.0); bpm = median beat,4/4,1.0,bass pad keys guitar lead drums
ITALO,,Kris Menace,Metropolis,new,lmd,B,minor,0.837,kk,130.0,single tempo,4/4,1.0,bass chord pad keys lead fx drums
ITALO,,laserdance,,80s,lamd,Eb,minor,0.773,kk,118.7,single tempo,4/4,1.0,bass chord pad lead seq drums
ITALO,,Lian Ross,Say you'll never,new,lmd,D,minor,0.866,kk,104.0,single tempo,4/4,1.0,bass pad guitar lead drums
ITALO,,Limahl,Never Ending Story (Club Mix),80s,lmd,G,mixolydian,0.817,kk,116.0,single tempo,4/4,1.0,bass pad keys guitar lead arp drums
ITALO,,Lorena,Angels,?,lmd,C,major,0.851,kk,70.0,3 tempo events (59.0-70.0); bpm = median beat,4/4,1.0,bass pad keys guitar drums
ITALO,,Mal,Tu Sei Bella Come Sei,new,lmd,C,mixolydian,0.807,kk,100.0,single tempo,4/4,1.0,bass chord pad keys drums
ITALO,,Master Blaster,Hypnotic Tango,new,lmd,D,phrygian,0.761,kk,128.0,single tempo,4/4,1.0,bass pad guitar lead drums
ITALO,,Matia Bazar,La Prima Stella Della Sera (La Unica Estrella Verdadera) (1998 Digital Remaster),80s,lmd,G,minor,0.837,bass-relative,123.0,2 tempo events (90.0-123.0); bpm = median beat,4/4 (none),1.0,bass chord pad keys guitar lead seq drums
ITALO,,mike francis,,80s,lamd,E,major,0.902,kk,90.0,4 tempo events (50.0-90.0); bpm = median beat,4/4,1.0,bass pad keys lead arp seq fx drums
ITALO,,Mike Francis,Survivor,80s,lmd,D,major,0.906,kk,104.0,single tempo,4/4,1.0,bass pad keys lead seq drums
ITALO,,Miko Mission,I've Been Thinking Of You (club Version),?,lmd,A,major,0.789,kk,110.0,single tempo,4/4,1.0,bass pad keys guitar lead drums
ITALO,,Miquel Brown,White Lace,new,lmd,G,major,0.83,kk,64.0,single tempo,4/4,0.985,bass chord pad guitar lead drums
ITALO,,Mirage,Non mollare mai,?,lmd,A,minor,0.754,kk,74.0,single tempo,4/4 (none),1.0,bass pad keys guitar lead seq fx drums
ITALO,,Modern Talking,Angie's Heart,80s,lmd,B,minor,0.902,kk,126.0,single tempo,4/4,1.0,bass pad keys guitar lead fx drums
ITALO,,Modern Talking,Geronimo's Cadillac,80s,lmd,E,minor,0.925,kk,113.0,single tempo,4/4,1.0,bass chord pad keys guitar lead seq drums
ITALO,,Modern Talking,I Can't Give You More,90s,lmd,G,major,0.921,kk,120.0,single tempo,4/4,0.992,bass chord pad keys guitar lead arp seq fx drums
ITALO,,Modern Talking,Should I_ Would I_ Could I,80s,lmd,Gb,major,0.658,kk,133.0,single tempo,4/4,1.0,bass pad keys guitar lead fx drums
ITALO,,Modern Talking,You Can Win If You Want,80s,lmd,Db,minor,0.836,kk,117.0,single tempo,4/4,1.0,bass pad keys guitar lead seq fx drums
ITALO,,Modern Talking feat. Eric Singleton,You Are Not Alone,90s,lmd,F,minor,0.865,kk,136.0,single tempo,4/4,1.0,bass chord pad keys lead seq drums
ITALO,,Nick Straker,A Walk In The Park,80s,lmd,F,major,0.96,kk,125.0,single tempo,4/4,1.0,bass chord pad keys guitar lead arp seq drums
ITALO,,Okay,Hot-Wired,new,lmd,G,major,0.955,kk,153.0,single tempo,4/4,1.0,bass pad keys guitar lead drums
ITALO,,Oliver Lukas,So Frech Wie Du Ist Keine,?,lmd,C,major,0.759,kk,120.0,2 tempo events (110.0-120.0); bpm = median beat,4/4,1.0,bass chord pad keys guitar lead drums
ITALO,,Ottawan,You're O.K.,80s,lmd,C,major,0.832,kk,120.0,11 tempo events (118.0-123.0); bpm = median beat,4/4,1.0,keys lead drums
ITALO,,P. Lion,Happy Children 2008,80s,lmd,C,minor,0.857,kk,144.0,single tempo,4/4,1.0,bass chord pad lead drums
ITALO,,P.Lion,Happy Children (Remix),new,lmd,C,minor,0.907,kk,112.0,single tempo,4/4,1.0,bass chord pad lead arp seq fx drums
ITALO,,Padded Cell,Signal Failure [GTA Version],new,lmd,A,minor,0.806,kk,130.0,single tempo,4/4,1.0,bass pad lead drums
ITALO,,Passenger 75,Beauty Of Sound,?,lmd,Db,minor,0.785,kk,136.0,single tempo,4/4 (none),1.0,bass pad arp seq
ITALO,,Paulo Gonzo,Sem Pressa (Este Lugar),new,lmd,E,minor,0.952,kk,90.0,single tempo,4/4,1.0,bass pad guitar drums
ITALO,,Philip Oakey & Giorgio Moroder,Together In Electric Dreams (2003 Digital Remaster),new,lmd,Ab,major,0.863,kk,134.0,single tempo,4/4,1.0,bass pad keys guitar lead drums
ITALO,,radiorama,,80s,lamd,A,minor,0.833,kk,104.5,single tempo,4/4,1.0,bass pad keys guitar lead seq drums
ITALO,,Randy Bush,Foreign Affair,?,lmd,Db,mixolydian,0.81,kk,90.0,single tempo,4/4,1.0,bass pad lead arp drums
ITALO,,Righeira,No Tengo Dinero,80s,lmd,Bb,mixolydian,0.768,kk,129.0,single tempo,4/4,1.0,bass pad guitar lead seq fx drums
ITALO,,Robert Babicz,Weekend,new,lmd,F,mixolydian,0.8,kk,121.0,74 tempo events (50.0-121.0); bpm = median beat,4/4 (none),1.0,bass chord keys seq drums
ITALO,,Ronnie Jones,Wake up reggae (Subside radio cut),?,lmd,C,major,0.862,kk,133.0,2 tempo events (106.0-133.0); bpm = median beat,4/4,1.0,bass lead drums
ITALO,,sabrina,,80s,lamd,E,minor,0.665,kk,93.0,3 tempo events (22.9-180.4); bpm = median beat,8/4,0.532,bass guitar lead drums
ITALO,,sabrina,,80s,lamd,Ab,major,0.792,kk,120.0,single tempo,4/4,1.0,bass pad guitar lead seq fx drums
ITALO,,sabrina,,80s,lamd,G,minor,0.691,kk,122.0,single tempo,4/4,1.0,bass chord pad guitar seq drums
ITALO,,sabrina,,80s,lamd,Db,minor,0.874,kk,120.0,single tempo,4/4,1.0,bass lead drums
ITALO,,Sally Shapiro,Looking at the stars,new,lmd,Ab,phrygian,0.855,kk,122.0,3 tempo events (38.0-122.0); bpm = median beat,4/4,1.0,bass pad keys guitar lead drums
ITALO,,Sandra,Everlasting Love,80s,lmd,Bb,major,0.851,kk,120.0,single tempo,4/4,1.0,bass pad keys guitar lead seq drums
ITALO,,Sandra,I Want You,new,lmd,E,major,0.974,kk,140.0,single tempo,7/4,0.836,bass keys guitar lead seq drums
ITALO,,silent circle,,80s,lamd,D,dorian,0.714,kk,122.0,single tempo,4/4,1.0,bass pad lead arp seq fx drums
ITALO,,silent circle,,80s,lamd,G,minor,0.722,kk,130.0,single tempo,4/4,1.0,bass chord lead seq drums
ITALO,,Sinitta,Toy Boy,80s,lmd,C,major,0.979,kk,123.0,single tempo,4/4,1.0,bass chord pad keys guitar lead drums
ITALO,,Sir Edward Elgar,Pomp and Circumstance March No. 1 in D Op. 39 No. 1 (1993 Digital Remaster),?,lmd,D,major,0.939,kk,81.0,55 tempo events (68.0-116.0); bpm = median beat,4/4 (none),1.0,chord pad lead drums
ITALO,,Space,Carry On Turn Me On,?,lmd,B,mixolydian,0.798,kk,123.0,single tempo,4/4,1.0,bass pad lead seq drums
ITALO,,Spagna,Call Me,80s,lmd,G,major,0.909,kk,116.0,single tempo,2/4,0.992,bass chord keys guitar drums
ITALO,,Spagna,Come Il Cielo,80s,lmd,Bb,mixolydian,0.855,kk,112.0,single tempo,4/4,1.0,bass pad keys lead arp fx drums
ITALO,,Spagna,Con Il Tuo Nome,new,lmd,B,minor,0.891,kk,64.0,single tempo,4/4 (none),1.0,bass pad keys guitar lead seq drums
ITALO,,Spagna,Indivisibili,90s,lmd,A,mixolydian,0.903,kk,112.0,single tempo,4/4 (none),1.0,bass chord pad keys guitar lead drums
ITALO,,stock aitken waterman,,80s,lamd,Bb,minor,0.844,kk,125.0,single tempo,4/4,1.0,bass chord pad keys guitar lead arp drums
ITALO,,stock aitken waterman,,80s,lamd,Ab,mixolydian,0.909,kk,114.0,single tempo,4/4,1.0,bass chord pad keys guitar seq drums
ITALO,,stock aitken waterman,,80s,lamd,G,major,0.919,kk,80.0,single tempo,4/4,1.0,bass pad keys guitar lead seq fx drums
ITALO,,stock aitken waterman,,80s,lamd,F,major,0.873,kk,118.0,single tempo,4/4,1.0,bass chord pad keys lead drums
ITALO,,stock aitken waterman,,80s,lamd,Ab,mixolydian,0.778,kk,117.0,single tempo,4/4,1.0,bass chord pad keys lead drums
ITALO,,Säkert!,Är du fortfarande arg?,new,lmd,C,major,0.726,kk,115.0,single tempo,4/4,1.0,bass keys lead seq
ITALO,,Telex,Moskow Diskow,80s,lmd,G,minor,0.881,kk,130.0,single tempo,4/4,1.0,bass pad seq drums
ITALO,,The Emperor Machine,Footsteps With Spurs (Album Version),new,lmd,D,major,0.908,kk,124.0,single tempo,4/4 (none),1.0,bass chord pad keys guitar lead seq drums
ITALO,,The Emperor Machine,Pro Mars (Single Version),new,lmd,A,minor,0.977,kk,123.0,single tempo,4/4,1.0,bass chord pad guitar lead arp seq drums
ITALO,,The Session,The Young & the Restless (Nadia's Theme),?,lmd,A,major,0.819,kk,70.0,3 tempo events (70.0-120.0); bpm = median beat,4/4,0.982,bass pad keys lead arp drums
ITALO,,Time,Time Changes,?,lmd,C,major,0.944,kk,71.0,single tempo,4/4,1.0,bass pad keys guitar lead drums
ITALO,,Venice,For a Kiss,90s,lmd,E,major,0.841,kk,160.0,single tempo,2/4,0.993,bass pad guitar lead drums
ITALO,,Yerba Brava,Mi Naso,new,lmd,F,major,0.861,kk,164.0,9 tempo events (132.0-164.0); bpm = median beat,4/4,0.972,bass chord pad keys guitar drums
JAZZ,,Al Jarreau,Teach Me Tonight (Live In London 1984),80s,lmd,C,major,0.809,kk,65.0,single tempo,4/4 (none),1.0,bass chord pad keys guitar lead drums
JAZZ,,Alex Bugnon,Somewhere,?,lmd,F,major,0.928,kk,101.0,single tempo,4/4,1.0,bass pad guitar lead drums
JAZZ,,Alfred Newman,The Triumph Of The Spirit (Handel's Messiah),?,lmd,D,major,0.973,kk,115.0,2 tempo events (69.0-115.0); bpm = median beat,4/4,1.0,bass chord pad lead
JAZZ,,Andrew Bird,11:11 (Album Version),new,lmd,Ab,mixolydian,0.809,kk,100.0,single tempo,4/4,1.0,bass chord guitar lead seq drums
JAZZ,,Anjulie,Colombia,new,lmd,D,major,0.904,kk,128.0,single tempo,4/4,1.0,bass pad keys guitar lead drums
JAZZ,,Blood_ Sweat & Tears,Django,80s,lmd,C,minor,0.857,kk,126.0,132 tempo events (30.0-126.0); bpm = median beat,4/4,1.0,keys lead
JAZZ,,Blood_ Sweat & Tears,I Can't Quit Her,80s,lmd,A,minor,0.789,kk,90.0,7 tempo events (80.0-90.0); bpm = median beat,4/4,1.0,bass chord pad keys guitar lead seq drums
JAZZ,,Bo Kaspers Orkester,En Helt Annan Värld,new,lmd,C,mixolydian,0.813,kk,82.0,9 tempo events (52.0-82.0); bpm = median beat,4/4,1.0,bass pad lead arp drums
JAZZ,,Bob Dorough,Introducing Daryl Sherman,?,lmd,G,mixolydian,0.808,kk,167.0,single tempo,4/4,1.0,bass guitar drums
JAZZ,,Bob James and David Sanborn,Maputo (Edit Version),?,lmd,D,minor,0.847,kk,87.0,single tempo,4/4,1.0,bass pad keys guitar lead drums
JAZZ,,Boney James,I Get Lonely (Album Version),90s,lmd,D,minor,0.854,kk,124.0,37 tempo events (122.0-128.0); bpm = median beat,4/4,1.0,bass chord pad keys lead drums
JAZZ,,Brad Mehldau,Introduction,new,lmd,Ab,mixolydian,0.838,kk,100.0,single tempo,4/4,1.0,bass chord keys guitar lead drums
JAZZ,,Brian Culbertson,All About You (LP Version),80s,lmd,Bb,major,0.797,kk,94.0,single tempo,4/4,1.0,bass chord pad keys guitar lead fx drums
JAZZ,,Brian Culbertson,Without The Rain (LP Version),80s,lmd,D,major,0.88,kk,105.0,26 tempo events (80.0-105.0); bpm = median beat,4/4,1.0,bass chord pad keys guitar lead drums
JAZZ,,Carol Channing;Shepard Coleman,"Hello_ Dolly! (From ""Hello_ Dolly!"")",?,lmd,C,mixolydian,0.747,kk,138.0,2 tempo events (138.0-144.0); bpm = median beat,4/4,1.0,bass chord pad keys lead drums
JAZZ,,Cheryl Wheeler,Northern Girl,?,lmd,A,major,0.848,kk,99.0,2 tempo events (82.0-99.0); bpm = median beat,4/4,1.0,bass guitar lead drums
JAZZ,,Chick Corea Elektric Band,Eye Of The Beholder,80s,lmd,E,minor,0.831,kk,127.0,single tempo,4/4 (none),1.0,bass keys guitar lead arp drums
JAZZ,,Chick Corea Elektric Band,View From The Outside,80s,lmd,A,major,0.816,kk,122.0,29 tempo events (91.0-122.0); bpm = median beat,4/4 (none),1.0,bass chord pad keys guitar lead arp seq drums
JAZZ,,Dan Siegel,Pavane,?,lmd,Gb,minor,0.692,kk,80.0,single tempo,4/4,1.0,bass lead arp seq
JAZZ,,Dave Brubeck,Take Five,80s,lmd,Eb,mixolydian,0.803,kk,167.0,single tempo,4/4 (none),1.0,bass keys lead drums
JAZZ,,Dave Grusin / Lee Ritenour / Paulinho Costa / Carlos Vega / Jimmy Johnson,Early A.M. Attitude,80s,lmd,G,major,0.91,kk,123.0,single tempo,4/4,1.0,bass pad keys lead arp drums
JAZZ,,David Sanborn,Summer (Album Version),80s,lmd,C,minor,0.882,kk,120.0,single tempo,4/4,1.0,bass pad lead drums
JAZZ,,Detroit Soul Sensation,I Heard It Through The Grapevine,?,lmd,Eb,major,0.861,kk,117.0,5 tempo events (50.0-117.0); bpm = median beat,4/4,1.0,bass pad keys guitar lead drums
JAZZ,,Earl Klugh,Long Ago (And Far Away),80s,lmd,A,minor,0.829,kk,120.0,single tempo,4/4,0.993,bass chord pad keys guitar lead drums
JAZZ,,Eddie Calvert,Georgia On My Mind,?,lmd,D,minor,0.861,kk,75.0,3 tempo events (60.0-240.0); bpm = median beat,4/4,1.0,bass chord keys lead arp seq drums
JAZZ,,Era,In Fine / Ghost Finale,90s,lmd,Bb,major,0.904,kk,135.0,17 tempo events (85.0-135.0); bpm = median beat,4/4,0.882,bass pad keys guitar lead drums
JAZZ,,Eric Marienthal,Emotion,new,lmd,C,major,0.844,kk,91.6,3 tempo events (91.6-147.7); bpm = median beat,4/4,0.99,bass pad keys guitar lead arp drums
JAZZ,,Eric Marienthal,Takin It To The Streets,new,lmd,C,mixolydian,0.933,kk,145.0,single tempo,4/4,1.0,bass keys guitar lead drums
JAZZ,,Euge Groove,Don't Let Me Be Lonely Tonight,new,lmd,D,major,0.856,kk,73.0,2 tempo events (73.0-126.0); bpm = median beat,4/4,1.0,bass keys guitar lead drums
JAZZ,,Euge Groove,The Last Song (Album Version),new,lmd,Bb,major,0.967,kk,73.0,single tempo,4/4,1.0,bass pad keys guitar lead drums
JAZZ,,Fattburger,Groovin',?,lmd,Eb,major,0.866,kk,107.0,single tempo,4/4,1.0,bass keys drums
JAZZ,,Ferd (Jelly Roll) Morton,Jelly Roll Blues,?,lmd,Bb,major,0.856,kk,152.5,5 tempo events (148.4-157.6); bpm = median beat,4/4,1.0,keys
JAZZ,,Frank Sinatra,For Every Man There's a Woman,80s,lmd,D,minor,0.903,kk,98.0,8 tempo events (60.0-140.0); bpm = median beat,4/4,1.0,bass chord pad keys guitar seq drums
JAZZ,,Frank Sinatra,I'm Glad There Is You,80s,lmd,Db,major,0.836,kk,69.0,22 tempo events (52.0-84.0); bpm = median beat,4/4,1.0,bass chord pad keys guitar lead drums
JAZZ,,Frank Sinatra,Strangers In The Night (Remastered Album Version) [The Frank Sinatra Collection],80s,lmd,F,major,0.938,kk,96.0,single tempo,4/4,1.0,bass chord pad keys guitar drums
JAZZ,,Freddie Hubbard,Birdland (Album Version),?,lmd,G,mixolydian,0.939,kk,154.0,single tempo,4/4,1.0,bass chord pad keys lead arp drums
JAZZ,,Freddie Hubbard,"Lonely Town (From ""On The Town"")",?,lmd,F,minor,0.869,kk,118.0,6 tempo events (78.0-118.0); bpm = median beat,4/4,1.0,bass chord pad keys lead drums
JAZZ,,George Winston,Linus & Lucy,90s,lmd,Ab,major,0.926,kk,155.0,single tempo,4/4,1.0,bass keys drums
JAZZ,,Hank Crawford,Good Bait,?,lmd,Bb,mixolydian,0.85,kk,137.0,2 tempo events (137.0-143.0); bpm = median beat,4/4,1.0,bass guitar drums
JAZZ,,Harris_ Ronstadt & Parton,After The Gold Rush (LP Version),90s,lmd,G,major,0.895,kk,98.0,single tempo,2/4,0.986,bass keys lead
JAZZ,,Herb Alpert And The Tijuana Brass,The Shadow Of Your Smile,80s,lmd,E,minor,0.806,kk,105.0,single tempo,4/4,1.0,bass keys guitar drums
JAZZ,,Hugh Masekela,Grazing In The Grass,80s,lmd,C,mixolydian,0.788,kk,112.0,single tempo,4/4,0.991,bass chord pad keys guitar lead seq drums
JAZZ,,Idolee,You're Still The One,?,lmd,Eb,major,0.882,kk,67.3,32 tempo events (29.0-67.3); bpm = median beat,4/4,1.0,bass pad keys guitar lead arp fx drums
JAZZ,,Ismaël Lo,Dabah,new,lmd,A,minor,0.79,kk,145.0,single tempo,4/4,1.0,keys
JAZZ,,James P. Johnson,Snowy Morning Blues,80s,lmd,G,major,0.944,kk,126.0,2 tempo events (120.0-126.0); bpm = median beat,4/4,1.0,keys
JAZZ,,Jane Monheit,My Grown-Up Christmas List,new,lmd,Eb,minor,0.669,kk,60.0,73 tempo events (10.0-60.1); bpm = median beat,2/4,0.97,bass keys lead
JAZZ,,Jars Of Clay,Coffee Song,90s,lmd,A,major,0.955,kk,105.0,single tempo,4/4,1.0,bass chord pad keys guitar drums
JAZZ,,Jeff Golub / Steve Perry,Can't Let You Go,?,lmd,A,minor,0.902,kk,77.0,single tempo,4/4,1.0,bass pad keys guitar lead drums
JAZZ,,Jessy J,Mas Que Nada,?,lmd,F,dorian,0.817,kk,177.0,single tempo,4/4,1.0,bass keys lead seq drums
JAZZ,,Jessy J,Song for You,?,lmd,D,minor,0.844,bass-relative,64.0,7 tempo events (56.0-120.0); bpm = median beat,4/4,0.911,bass chord pad keys lead arp drums
JAZZ,,John Davis,Whiskey In The Jar,?,lmd,C,major,0.959,kk,108.0,single tempo,4/4,1.0,bass pad keys seq
JAZZ,,John Davis & Emma Doyle,Santa Claus Is Coming To Town,?,lmd,C,major,0.918,kk,150.0,2 tempo events (150.0-200.0); bpm = median beat,4/4,1.0,bass pad keys lead drums
JAZZ,,Julee Cruise,The Space For Love (Album Version),80s,lmd,E,major,0.927,kk,67.0,36 tempo events (64.0-69.0); bpm = median beat,4/4,1.0,bass pad guitar lead drums
JAZZ,,Juliette Schoppmann,I Still Believe,new,lmd,G,major,0.931,kk,72.0,single tempo,4/4,0.967,pad keys guitar
JAZZ,,Katie Melua,crawling up a hill,new,lmd,E,minor,0.621,kk,130.0,47 tempo events (95.0-130.0); bpm = median beat,4/4,1.0,bass keys guitar lead drums
JAZZ,,Katie Melua,learning the blues,new,lmd,Ab,major,0.916,kk,70.0,3 tempo events (50.0-70.0); bpm = median beat,4/4,1.0,bass keys lead drums
JAZZ,,Katie Melua,lilac wine,new,lmd,Ab,major,0.989,kk,60.0,2 tempo events (45.0-60.0); bpm = median beat,4/4,1.0,bass chord guitar lead arp drums
JAZZ,,Katie Melua,Shy Boy,new,lmd,A,minor,0.824,bass-relative,124.1,single tempo,4/4,1.0,bass keys guitar lead drums
JAZZ,,Kenny G,I'm In The Mood For Love,new,lmd,F,minor,0.753,kk,101.0,single tempo,4/4,1.0,bass pad keys guitar lead drums
JAZZ,,Kenny G,In The Rain,80s,lmd,F,major,0.906,kk,126.0,single tempo,4/4,1.0,bass pad keys guitar lead fx drums
JAZZ,,Kenny G,The Wedding Song,80s,lmd,Eb,major,0.89,kk,88.0,13 tempo events (60.0-88.0); bpm = median beat,4/4,1.0,bass chord pad guitar lead drums
JAZZ,,Kenny G,Theme From Dying Young,80s,lmd,Bb,major,0.89,kk,78.0,single tempo,4/4,1.0,bass chord pad keys guitar lead drums
JAZZ,,Kenny G featuring Chaka Khan,Beautiful,new,lmd,Eb,major,0.842,kk,73.0,single tempo,4/4,1.0,pad keys
JAZZ,,Klaus Weiss Trio,Greensleeves,new,lmd,F,major,0.944,kk,134.0,single tempo,4/4,1.0,bass chord pad keys lead drums
JAZZ,,Larry Coryell,Intro To Straight No Chaser,?,lmd,G,major,0.87,kk,115.0,single tempo,4/4,1.0,bass pad lead arp drums
JAZZ,,Lionel Richie Tribute Band,Say You_ Say Me,?,lmd,D,minor,0.739,kk,80.0,10 tempo events (60.0-80.0); bpm = median beat,4/4,1.0,bass pad keys guitar lead drums
JAZZ,,Liz Story,Children's Corner Suite/Doctor Gradus ad Parnassum_ No. 1,?,lmd,C,major,0.9,kk,127.8,690 tempo events (57.9-148.7); bpm = median beat,4/4,1.0,keys
JAZZ,,Los Blue Rubatos,Samba Pa Ti,?,lmd,D,mixolydian,0.831,kk,85.0,2 tempo events (67.0-85.0); bpm = median beat,4/4,1.0,bass pad keys lead drums
JAZZ,,Louis Van Dijk,Just The Way You Are,?,lmd,D,major,0.937,kk,135.0,2 tempo events (60.0-135.0); bpm = median beat,4/4,1.0,bass keys guitar lead drums
JAZZ,,Mahavishnu Orchestra,Resolution,80s,lmd,Bb,phrygian,0.844,kk,76.0,single tempo,4/4,1.0,bass keys guitar lead drums
JAZZ,,Malene Mortensen,Aarestrup I Marts,new,lmd,D,major,0.908,kk,132.0,5 tempo events (110.0-132.0); bpm = median beat,4/4,0.987,bass chord pad keys guitar lead seq drums
JAZZ,,Maria Friedman,Georgy Girl / Downtown,?,lmd,E,major,0.648,kk,120.0,single tempo,4/4,1.0,bass pad keys drums
JAZZ,,Michael Brecker,Nascente,new,lmd,F,major,0.724,kk,60.0,single tempo,4/4,1.0,bass pad keys lead drums
JAZZ,,Michael Bublé,Always On My Mind (Album Version),new,lmd,D,major,0.983,kk,70.0,6 tempo events (55.0-70.0); bpm = median beat,4/4,1.0,bass keys guitar lead drums
JAZZ,,Michael Bublé (With Nelly Furtado),Quando_ Quando_ Quando (Album Version),new,lmd,E,mixolydian,0.946,kk,114.0,single tempo,4/4,1.0,bass pad guitar lead drums
JAZZ,,Michael Franks,Antonio's Song (The Rainbow) (Album Version),new,lmd,A,minor,0.728,kk,110.8,2 tempo events (110.8-120.0); bpm = median beat,4/4,0.993,bass pad keys guitar lead arp drums
JAZZ,,Michael Franks,Down In Brazil (Album Version),new,lmd,E,mixolydian,0.516,kk,127.0,3 tempo events (120.0-140.0); bpm = median beat,4/4,0.994,bass keys guitar lead arp drums
JAZZ,,Michael Franks,Popsicle Toes (Remastered Album Version),new,lmd,A,minor,0.651,kk,115.0,single tempo,4/4,1.0,bass pad guitar seq drums
JAZZ,,Michael Franks,The Lady Wants To Know (Remastered Album Version),new,lmd,A,major,0.795,kk,98.0,4 tempo events (95.1-140.0); bpm = median beat,4/4,0.982,bass pad keys guitar lead drums
JAZZ,,Michael Franks,Vivaldi's Song (Remastered Album Version),new,lmd,D,minor,0.894,kk,101.0,single tempo,4/4,1.0,bass pad keys guitar lead drums
JAZZ,,Mike Stern,Upside Downside,?,lmd,C,minor,0.583,kk,88.0,single tempo,4/4,1.0,bass pad keys guitar arp drums
JAZZ,,Morgan Page,Return to Me,new,lmd,Bb,major,0.954,kk,120.0,single tempo,4/4,1.0,bass pad keys guitar lead drums
JAZZ,,Nat King Cole,Stardust (2003 Digital Remaster),80s,lmd,G,major,0.873,kk,76.0,single tempo,4/4,1.0,bass pad guitar lead arp drums
JAZZ,,Nat King Cole,When I Fall In Love,80s,lmd,Db,major,0.928,kk,76.0,15 tempo events (58.0-200.0); bpm = median beat,4/4,1.0,bass chord pad guitar lead seq drums
JAZZ,,Nico Fidenco,Legata A Un Granello Di Sabbia,90s,lmd,Eb,major,0.92,kk,108.0,single tempo,4/4 (none),1.0,bass pad keys guitar lead drums
JAZZ,,Norah Jones,Humble Me,new,lmd,B,major,0.907,kk,75.0,11 tempo events (42.2-75.0); bpm = median beat,4/4 (none),1.0,guitar
JAZZ,,Norah Jones,Sunrise (Live),new,lmd,Eb,major,0.892,kk,78.0,6 tempo events (77.0-79.0); bpm = median beat,4/4,0.814,bass pad keys guitar lead drums
JAZZ,,Pat Metheny,My Song (Album Version),new,lmd,C,major,0.766,kk,115.0,38 tempo events (70.0-116.0); bpm = median beat,4/4,1.0,bass lead drums
JAZZ,,Paul Brown,Don't Let Me Be Lonely Tonight,new,lmd,D,major,0.912,kk,75.6,101 tempo events (12.6-75.6); bpm = median beat,4/4,1.0,bass guitar lead drums
JAZZ,,Paul Brown,Real Mutha For Ya,new,lmd,F,dorian,0.796,kk,98.0,single tempo,4/4,1.0,bass chord keys guitar drums
JAZZ,,Paul Horn,Canon: Pachelbel,90s,lmd,D,major,0.942,kk,71.2,14 tempo events (17.2-135.0); bpm = median beat,4/4,1.0,bass pad guitar lead
JAZZ,,Paul Jackson Jr.,Back At One,?,lmd,A,minor,0.835,kk,65.1,172 tempo events (65.1-128.0); bpm = median beat,4/4,0.988,bass pad keys lead arp seq drums
JAZZ,,Plas Johnson,Pink Panther/It Had Better Be Tonight (Meglio Stasera) (Medley),?,lmd,E,minor,0.922,kk,120.0,single tempo,4/4,1.0,bass keys lead drums
JAZZ,,Randy Crawford,Give Me The Night - Mousse T.'s Classic Club Mix,80s,lmd,Gb,phrygian,0.755,kk,117.0,single tempo,4/4,1.0,bass pad keys guitar lead drums
JAZZ,,Ray Charles,Just Because,?,lmd,D,major,0.954,kk,70.0,6 tempo events (55.0-70.0); bpm = median beat,4/4,1.0,bass guitar lead fx drums
JAZZ,,Ray Charles,What'd I Say (Part I),?,lmd,E,mixolydian,0.938,kk,181.0,single tempo,4/4,1.0,bass pad keys guitar lead drums
JAZZ,,Razz,Born Crazy,new,lmd,Bb,mixolydian,0.789,kk,120.0,single tempo,4/4,1.0,bass pad keys guitar lead seq drums
JAZZ,,Rick Braun,Holdin' Back the Years,new,lmd,G,mixolydian,0.851,kk,85.0,50 tempo events (45.0-85.0); bpm = median beat,4/4,0.99,bass pad keys guitar lead drums
JAZZ,,Russ Freeman,Boys Of Summer,?,lmd,Gb,major,0.833,kk,178.0,single tempo,4/4,1.0,bass chord guitar lead fx drums
JAZZ,,Sharleen Spiteri,If I Can't Have You,new,lmd,Ab,minor,0.801,bass-relative,109.0,single tempo,4/4,1.0,bass chord pad keys guitar lead drums
JAZZ,,Spyro Gyra,Little Linda,80s,lmd,G,mixolydian,0.775,kk,125.0,single tempo,4/4,1.0,bass keys arp seq drums
JAZZ,,Stanislaw Soyka,Avalon,?,lmd,C,mixolydian,0.824,kk,137.0,single tempo,4/4,1.0,bass pad keys guitar lead seq fx drums
JAZZ,,Stanley Jordan,Betcha By Golly Wow,80s,lmd,Eb,major,0.871,kk,81.0,4 tempo events (60.0-81.0); bpm = median beat,4/4,0.808,bass chord pad keys lead drums
JAZZ,,Stanley Jordan,Chameleon,80s,lmd,Ab,major,0.878,kk,103.0,single tempo,4/4,1.0,bass keys guitar lead seq drums
JAZZ,,Stelvio Cipriani,Le odalische,?,lmd,G,major,0.897,kk,108.0,41 tempo events (90.0-108.0); bpm = median beat,4/4,1.0,keys lead
JAZZ,,Steps Ahead,Pools,80s,lmd,G,minor,0.662,kk,83.0,2 tempo events (83.0-120.0); bpm = median beat,4/4,1.0,bass keys arp drums
JAZZ,,Steve Tyrell/Lauryn Tyrell,Something Stupid,new,lmd,E,major,0.891,kk,109.0,4 tempo events (88.0-109.0); bpm = median beat,4/4,1.0,bass chord pad keys guitar lead drums
JAZZ,,Sting,Moon Over Bourbon Street,80s,lmd,F,minor,0.88,kk,128.0,3 tempo events (117.0-128.0); bpm = median beat,4/4,1.0,bass chord pad lead seq drums
JAZZ,,Streetwize,California Love,new,lmd,C,mixolydian,0.751,kk,93.0,single tempo,4/4,1.0,bass lead seq fx drums
JAZZ,,Streetwize,It Wasn't Me,new,lmd,C,major,0.864,kk,94.0,single tempo,4/4,1.0,bass chord pad guitar lead arp drums
JAZZ,,Streetwize,Sexy Love,new,lmd,Eb,major,0.614,bass-relative,95.0,single tempo,4/4,1.0,bass keys lead drums
JAZZ,,Streetwize,U Don't Have To Call,new,lmd,F,minor,0.781,kk,100.0,single tempo,4/4,1.0,bass keys guitar drums
JAZZ,,The CDM Chartbreakers,Empire State Of Mind,?,lmd,Gb,major,0.973,kk,87.0,single tempo,4/4,1.0,bass keys lead drums
JAZZ,,The Jazz Masters,Bridge Over Troubled Water,?,lmd,Eb,major,0.972,kk,95.0,19 tempo events (82.0-95.0); bpm = median beat,4/4 (none),1.0,bass keys
JAZZ,,The Rippingtons / Russ Freeman,Morocco,80s,lmd,D,minor,0.711,bass-relative,147.0,2 tempo events (143.0-147.0); bpm = median beat,4/4,0.994,bass chord pad keys guitar lead fx drums
JAZZ,,The Singers Unlimited,Air (From Suite In D),?,lmd,D,major,0.847,kk,68.0,13 tempo events (60.0-70.0); bpm = median beat,4/4,1.0,bass lead
JAZZ,,Tom Grant,Quiet Nights Of Quiet Stars,80s,lmd,D,dorian,0.75,kk,120.0,single tempo,4/4,1.0,bass pad keys guitar lead drums
JAZZ,,Tune Robbers,Groovy Kind Of Love,?,lmd,D,major,0.752,kk,78.0,single tempo,4/4,1.0,bass chord pad keys seq drums
JAZZ,,TV Soundtrack Orchestra,Mercy,?,lmd,G,mixolydian,0.773,kk,130.0,single tempo,4/4,1.0,bass chord pad keys guitar lead drums
JAZZ,,Uzeb,Noisy Nights,80s,lmd,B,major,0.838,kk,114.0,3 tempo events (114.0-120.0); bpm = median beat,4/4,1.0,bass pad keys guitar drums
JAZZ,,Vince Guaraldi Trio,Cast Your Fate To The Wind,80s,lmd,Ab,major,0.969,kk,126.0,40 tempo events (113.0-136.0); bpm = median beat,4/4 (none),1.0,bass pad keys seq drums
JAZZ,,Vince Guaraldi Trio,Für Elise,80s,lmd,A,minor,0.819,kk,72.0,single tempo,4/4,1.0,pad keys
JAZZ,,Vince Guaraldi Trio,Linus & Lucy,90s,lmd,Ab,major,0.805,kk,175.0,single tempo,4/4,1.0,bass keys lead drums
JAZZ,,Vince Guaraldi Trio,The Christmas Song,80s,lmd,F,major,0.908,kk,75.0,4 tempo events (20.0-81.0); bpm = median beat,4/4,1.0,bass keys lead arp
JAZZ,,Warren Hill,Tears In Heaven,80s,lmd,A,major,0.91,kk,81.0,single tempo,4/4,1.0,bass pad keys guitar lead drums
JAZZ,,Warren Hill,Wonderful Tonight,80s,lmd,F,major,0.832,kk,101.0,single tempo,4/4,1.0,bass keys guitar lead drums
JAZZ,,Warren Hill,You Are So Beautiful,80s,lmd,G,mixolydian,0.871,kk,62.0,24 tempo events (41.0-62.0); bpm = median beat,4/4,1.0,bass pad keys guitar
JAZZ,,Yellowjackets,It's Almost Gone (Album Version),new,lmd,E,major,0.984,kk,70.0,single tempo,4/4,1.0,bass pad keys lead drums
JAZZ,,Yellowjackets / Paulinho Costa,And You Know That,80s,lmd,Gb,major,0.904,kk,125.0,3 tempo events (120.0-125.0); bpm = median beat,4/4,1.0,bass keys lead seq fx drums
JAZZ,,Zeena Parkins,Hairless,80s,lmd,Eb,minor,0.785,kk,140.0,single tempo,4/4,1.0,pad guitar lead
JAZZ,BEBOP,Art Pepper,Alfie,?,lmd,G,major,0.736,kk,80.0,4 tempo events (40.0-80.0); bpm = median beat,4/4,1.0,bass keys guitar lead arp drums
JAZZ,BEBOP,Thelonious Monk,Monk's Mood,80s,lmd,C,major,0.823,kk,83.6,14 tempo events (35.2-107.8); bpm = median beat,4/4,1.0,bass pad keys arp drums
JAZZ,BEBOP,Thelonious Monk Septet,Abide With Me,?,lmd,Eb,major,0.946,kk,100.0,single tempo,4/4,1.0,keys lead
JAZZ,JAZZFUNK,Billy Cobham,Snoopy's Search  (LP Version),80s,lmd,G,minor,0.863,kk,109.0,single tempo,4/4,1.0,bass keys guitar arp drums
JAZZ,JAZZFUNK,Blackbyrds,Rock Creek Park,?,lmd,C,major,0.878,kk,123.0,single tempo,4/4,1.0,bass keys guitar lead drums
JAZZ,JAZZFUNK,Bo Kaspers Orkester,När Du Rör Dig,new,lmd,A,major,0.981,kk,116.0,single tempo,4/4,1.0,bass pad keys guitar lead drums
JAZZ,JAZZFUNK,Cabballero,Hymn,80s,lmd,F,minor,0.545,kk,144.0,single tempo,4/4 (none),1.0,bass lead drums
JAZZ,JAZZFUNK,David Benoit,Freedom At Midnight,80s,lmd,E,major,0.874,kk,117.0,single tempo,4/4,1.0,bass keys guitar lead drums
JAZZ,JAZZFUNK,Earl Klugh,Dance With Me,80s,lmd,D,major,0.978,kk,97.0,8 tempo events (56.0-97.0); bpm = median beat,8/8,0.988,bass chord pad keys guitar lead drums
JAZZ,JAZZFUNK,Kyu Sakamoto,Sukiyaki,?,lmd,G,major,0.947,kk,147.0,2 tempo events (110.0-147.0); bpm = median beat,4/4,1.0,bass chord pad guitar lead drums
JAZZ,JAZZFUNK,Larry Carlton,Rio Samba,80s,lmd,F,major,0.876,kk,129.0,single tempo,4/4,1.0,bass keys guitar lead drums
JAZZ,JAZZFUNK,Lee Ritenour,Fly By Night,80s,lmd,D,minor,0.89,kk,109.0,single tempo,4/4,1.0,bass chord pad keys guitar lead drums
JAZZ,JAZZFUNK,Lee Ritenour,Night Rhythms,80s,lmd,C,minor,0.874,kk,104.0,single tempo,4/4,1.0,bass pad keys guitar lead drums
JAZZ,JAZZFUNK,Level 42,Lessons In Love,80s,lmd,E,minor,0.892,kk,115.5,single tempo,4/4,1.0,bass keys lead drums
JAZZ,JAZZFUNK,Mary Gauthier,Prayer Without Words,new,lmd,A,mixolydian,0.92,kk,96.0,3 tempo events (92.0-144.0); bpm = median beat,4/4,1.0,bass keys guitar lead seq drums
JAZZ,JAZZFUNK,MFSB,Love Is The Message,80s,lmd,C,major,0.868,kk,122.0,3 tempo events (62.0-122.0); bpm = median beat,4/4,1.0,bass keys guitar lead drums
JAZZ,JAZZFUNK,Rick Braun,Walk on the Wild Side,new,lmd,C,major,0.819,bass-relative,103.0,4 tempo events (85.0-200.0); bpm = median beat,4/4,1.0,bass pad guitar lead seq drums
JAZZ,JAZZFUNK,Spyro Gyra,Morning Dance,80s,lmd,F,major,0.957,kk,101.0,single tempo,4/4,1.0,bass keys guitar lead arp drums
JAZZ,JAZZFUNK,Stanley Jordan,Stairway To Heaven,80s,lmd,A,minor,0.917,kk,83.0,10 tempo events (65.0-84.0); bpm = median beat,4/4,0.993,bass pad keys guitar lead drums
JAZZ,SWING,Asleep At The Wheel,Corine_ Corina,?,lmd,A,major,0.897,kk,158.0,3 tempo events (120.0-158.0); bpm = median beat,4/4,0.993,bass keys guitar lead seq drums
JAZZ,SWING,Bill Doggett,Passion Flower,?,lmd,D,major,0.6,kk,60.0,single tempo,4/4,1.0,bass chord lead drums
JAZZ,SWING,Bill Haley and his Comets,See You Later_ Alligator,?,lmd,Eb,major,0.926,kk,162.0,13 tempo events (142.0-168.0); bpm = median beat,4/4 (none),1.0,bass guitar lead seq drums
JAZZ,SWING,Billy Walker,On My Mind Again,?,lmd,Ab,minor,0.769,kk,80.0,single tempo,4/4,1.0,bass pad keys guitar lead drums
JAZZ,SWING,Cincinnati Pops Orchestra_ Erich Kunzel,Pomp and Circumstance March No.1 in D Major_ Op. 39_ No.1,?,lmd,D,major,0.934,kk,81.0,55 tempo events (68.0-116.0); bpm = median beat,4/4 (none),1.0,chord pad lead drums
JAZZ,SWING,Commander Cody And His Lost Planet Airmen,Willin' (Album Version),?,lmd,G,major,0.94,kk,73.0,single tempo,4/4,0.897,bass chord keys guitar lead drums
JAZZ,SWING,Diana Krall,'S Wonderful,new,lmd,G,minor,0.877,kk,128.0,7 tempo events (116.0-128.0); bpm = median beat,4/4 (none),1.0,bass pad guitar lead drums
JAZZ,SWING,Diana Krall,Cry Me A River,new,lmd,B,minor,0.768,kk,86.0,single tempo,4/4 (none),1.0,bass pad keys guitar lead drums
JAZZ,SWING,Diana Krall,Let's Fall In Love,90s,lmd,C,minor,0.783,kk,124.0,32 tempo events (45.0-140.0); bpm = median beat,4/4,0.992,bass pad keys guitar lead drums
JAZZ,SWING,Doris Day,If I Give My Heart To You,80s,lmd,A,major,0.872,kk,76.0,10 tempo events (42.0-81.0); bpm = median beat,4/4,1.0,bass pad keys guitar lead drums
JAZZ,SWING,Frank Sinatra,Ol' Man River,80s,lmd,C,major,0.844,kk,72.0,33 tempo events (40.0-96.0); bpm = median beat,4/4,0.93,bass chord pad guitar lead
JAZZ,SWING,Frank Sinatra,Time After Time,80s,lmd,A,major,0.923,kk,87.0,117 tempo events (41.0-87.0); bpm = median beat,4/4,1.0,bass chord pad lead
JAZZ,SWING,Frank Sinatra,Young at heart,80s,lmd,Ab,major,0.773,kk,84.0,33 tempo events (20.0-140.0); bpm = median beat,4/4,0.95,bass chord pad keys lead drums
JAZZ,SWING,Gene Autry,Blueberry Hill,80s,lmd,C,major,0.845,kk,100.0,single tempo,4/4,1.0,bass keys guitar lead drums
JAZZ,SWING,Glenn Miller,Moonlight serenade,80s,lmd,Eb,major,0.947,kk,84.0,49 tempo events (74.2-114.0); bpm = median beat,4/4,1.0,bass keys lead seq drums
JAZZ,SWING,Glenn Miller Orchestra,Pennsylvania 6-5000,?,lmd,Ab,major,0.957,kk,145.0,single tempo,4/4 (none),1.0,bass chord pad guitar lead seq drums
JAZZ,SWING,Guy Lombardo,Auld Lang Syne,80s,lmd,F,major,0.992,kk,64.0,single tempo,4/4,1.0,bass chord pad keys guitar drums
JAZZ,SWING,Guy Lombardo,Third Man Theme,90s,lmd,G,major,0.798,kk,120.0,single tempo,4/4,1.0,bass lead
JAZZ,SWING,Helen Shapiro,Don't Treat Me Like A Child,80s,lmd,Ab,major,0.895,kk,151.7,3 tempo events (120.0-151.7); bpm = median beat,4/4,0.99,bass chord keys guitar lead drums
JAZZ,SWING,James Last,Yesterday,80s,lmd,F,major,0.94,kk,100.0,2 tempo events (90.0-100.0); bpm = median beat,4/4,1.0,bass guitar lead seq
JAZZ,SWING,Johnny Bush,Whiskey River,?,lmd,E,major,0.967,kk,134.0,single tempo,4/4,1.0,bass chord keys guitar lead drums
JAZZ,SWING,Kris Kristofferson,Blessing In Disguise,80s,lmd,D,major,0.935,kk,113.0,single tempo,4/4,1.0,bass pad keys lead arp drums
JAZZ,SWING,Kris Kristofferson,Help Me Make It Through The Night,80s,lmd,C,major,0.956,kk,164.0,single tempo,4/4,1.0,bass pad guitar lead drums
JAZZ,SWING,Marilyn Monroe,I Wanna Be Loved By You,80s,lmd,F,major,0.968,kk,130.0,single tempo,4/4,1.0,bass chord pad guitar lead drums
JAZZ,SWING,Michael Bublé,Put Your Head On My Shoulder (Album Version),new,lmd,D,major,0.892,kk,60.0,99 tempo events (25.0-64.0); bpm = median beat,4/4,1.0,bass chord pad keys guitar lead drums
JAZZ,SWING,Paul Anka,Diana,80s,lmd,G,major,0.943,kk,142.0,single tempo,4/4,1.0,bass chord pad guitar lead seq drums
JAZZ,SWING,Peter Herbolzheimer Rhythm Combination & Brass,Birdland,?,lmd,G,mixolydian,0.943,kk,153.0,single tempo,4/4,1.0,bass chord keys lead seq drums
JAZZ,SWING,Robbie Williams,Have You Met Miss Jones?,new,lmd,G,major,0.78,kk,122.0,single tempo,4/4 (none),1.0,bass chord keys guitar lead seq drums
JAZZ,SWING,Roomful Of Blues,Cuttin in,80s,lmd,Bb,major,0.878,kk,125.0,single tempo,4/4,1.0,bass chord pad keys lead drums
JAZZ,SWING,Spade Cooley,Please Give Me One More Chance,?,lmd,A,major,0.747,kk,194.0,single tempo,4/4,1.0,keys lead drums
JAZZ,SWING,The Merry Elves,We Three Kings,?,lmd,F,minor,0.91,kk,120.0,single tempo,4/4 (none),1.0,keys lead
JAZZ,SWING,The Puppini Sisters,I Will Survive,new,lmd,A,minor,0.804,kk,130.0,87 tempo events (72.0-130.0); bpm = median beat,4/4,1.0,bass chord pad keys guitar lead drums
JAZZ,SWING,The Tractors,I've Had Enough,80s,lmd,Bb,major,0.88,kk,140.0,single tempo,4/4 (none),1.0,bass chord keys guitar lead fx drums
JAZZ,SWING,Tommy Alverson,Una Mas Cerveza,?,lmd,G,major,0.866,kk,137.0,single tempo,4/4,1.0,bass pad guitar lead seq drums
JAZZ,SWING,US Army Field Band Jazz Ambassadors,Here's That Rainy Day,?,lmd,F,mixolydian,0.808,kk,72.0,single tempo,4/4,1.0,bass keys lead seq drums
JAZZ,SWING,Woody Herman,Early Autumn,80s,lmd,Bb,minor,0.751,kk,68.0,17 tempo events (58.0-68.0); bpm = median beat,4/4,1.0,bass pad keys guitar lead seq drums
JAZZ,SWING,Woody Herman_ Woody Herman Orchestra,Early Autumn,80s,lmd,Bb,minor,0.75,kk,67.0,10 tempo events (58.0-67.0); bpm = median beat,4/4,1.0,bass pad keys guitar lead seq drums
LATIN,,Al Di Meola,Mediterranean Sundance,80s,lmd,E,minor,0.908,kk,100.0,single tempo,4/4,0.992,guitar
LATIN,,Alejandra Guzman,Ahogada En Tu Tristeza,new,lmd,B,major,0.89,kk,65.0,single tempo,4/4,1.0,bass keys lead drums
LATIN,,Alejandro Fernandez,Si Tu Supieras,new,lmd,A,major,0.838,kk,89.0,17 tempo events (73.0-89.0); bpm = median beat,4/4,1.0,bass pad keys guitar drums
LATIN,,Alejandro Sanz,Amiga mía (uplugged),new,lmd,D,major,0.864,kk,69.0,single tempo,4/4,1.0,bass pad guitar lead fx drums
LATIN,,Alejandro Sanz,Cuando Nadie Me Ve,new,lmd,D,major,0.934,kk,136.0,7 tempo events (52.0-137.0); bpm = median beat,4/4,1.0,bass pad keys guitar drums
LATIN,,Alejandro Sanz,Un Charquito De Estrellas,90s,lmd,D,mixolydian,0.81,kk,82.0,single tempo,4/4,0.992,bass pad keys guitar lead drums
LATIN,,Aleks Syntek,La Fe De Antes (Live Auditorio Nacional 08),new,lmd,B,minor,0.694,bass-relative,126.0,single tempo,4/4,1.0,bass chord keys lead seq drums
LATIN,,Aleks Syntek/Ana Torroja,Duele El Amor,new,lmd,Gb,minor,0.936,kk,130.0,single tempo,4/4,1.0,bass pad keys guitar lead fx drums
LATIN,,Alex Ubago,Me arrepiento,new,lmd,Db,major,0.854,kk,63.0,single tempo,4/4,1.0,bass chord pad keys guitar arp drums
LATIN,,Andres Calamaro,Paloma (en directo 2005),new,lmd,C,major,0.822,kk,75.0,119 tempo events (30.5-76.0); bpm = median beat,4/4,1.0,bass pad keys guitar lead seq drums
LATIN,,Azucar Moreno,Amén,?,lmd,G,major,0.868,kk,128.0,single tempo,4/4,1.0,bass chord pad keys guitar lead arp drums
LATIN,,Black Velvet Flag,No Values,80s,lmd,A,minor,0.864,kk,61.0,single tempo,4/4,1.0,bass pad guitar lead seq fx drums
LATIN,,Camilo Sesto,Ayudadme,80s,lmd,Eb,major,0.905,kk,85.0,single tempo,4/4,0.654,bass chord pad guitar lead seq drums
LATIN,,Christina Aguilera,Genio Atrapado,new,lmd,F,minor,0.854,kk,88.0,single tempo,4/4,1.0,bass chord pad guitar lead arp seq drums
LATIN,,Christina Aguilera,Pero Me Acuerdo De Tí,new,lmd,B,major,0.786,kk,60.0,single tempo,4/4,1.0,bass pad keys guitar lead fx drums
LATIN,,Christina Aguilera,Una Mujer,new,lmd,C,mixolydian,0.872,kk,142.0,single tempo,4/4,1.0,bass pad keys guitar lead fx drums
LATIN,,Christina Aguilera,Ven Conmigo (Solamente Tú),new,lmd,Eb,major,0.876,kk,120.0,single tempo,4/4,1.0,bass pad keys guitar drums
LATIN,,Cibo Matto,Aguas de Marco,new,lmd,Bb,mixolydian,0.864,kk,138.0,single tempo,4/4,1.0,bass chord keys guitar lead drums
LATIN,,Conjunto Dominicano,La Bilirrubina,new,lmd,Db,major,0.869,kk,128.0,single tempo,4/4,1.0,bass keys guitar lead drums
LATIN,,Cândido,Viajando Sem Rumo,?,lmd,Db,major,0.887,kk,70.0,single tempo,4/4,1.0,bass pad keys seq drums
LATIN,,David Bisbal,Corazon Latino,new,lmd,A,major,0.872,kk,120.0,single tempo,4/4,1.0,bass chord pad guitar lead seq drums
LATIN,,David Bisbal,Hear The Boom,new,lmd,E,minor,0.902,kk,194.0,single tempo,4/4,1.0,bass chord pad keys guitar lead drums
LATIN,,Diego Verdaguer,Mentiras bonitas,?,lmd,G,major,0.978,kk,119.0,single tempo,4/4,1.0,bass chord pad keys lead drums
LATIN,,El Tri,Millones de niños (en vivo),?,lmd,D,major,0.909,kk,126.0,single tempo,4/4,1.0,bass pad keys lead arp seq fx drums
LATIN,,Enrique Iglesias,Bailamos,90s,lmd,A,minor,0.978,kk,97.0,2 tempo events (69.0-97.0); bpm = median beat,4/4,1.0,bass chord pad guitar lead seq drums
LATIN,,Enrique Iglesias,No Llores Por Mi,80s,lmd,E,minor,0.723,kk,75.0,single tempo,4/4,1.0,bass pad keys guitar lead drums
LATIN,,Enrique Iglesias,Ritmo Total (Rhythm Divine),90s,lmd,G,mixolydian,0.795,kk,100.0,single tempo,4/4,1.0,bass chord pad guitar lead drums
LATIN,,Erika,Prendido a un sentimiento,?,lmd,G,dorian,0.856,kk,117.0,2 tempo events (90.0-117.0); bpm = median beat,4/4,1.0,bass seq drums
LATIN,,Estela Nuñez,Adios_ Adios Amor,?,lmd,F,major,0.941,kk,110.0,single tempo,4/4,1.0,bass chord pad guitar fx drums
LATIN,,Estopa,Tu Calorro,90s,lmd,C,major,0.756,kk,176.0,single tempo,4/4,1.0,bass chord pad guitar lead drums
LATIN,,Fattburger,Oye Como Va,?,lmd,A,dorian,0.785,kk,125.0,single tempo,4/4,1.0,bass keys guitar lead drums
LATIN,,Felinos,Que Lindo Es Michoacan,?,lmd,D,major,0.967,kk,127.0,single tempo,4/4,1.0,bass pad guitar lead fx drums
LATIN,,Frank Gambale,A Whiter Shade Of Pale,?,lmd,C,major,0.795,kk,72.0,single tempo,4/4,1.0,bass pad keys guitar lead drums
LATIN,,Gabriel Yared,La plage,new,lmd,F,minor,0.888,kk,132.0,single tempo,4/4,1.0,bass pad keys lead seq drums
LATIN,,Georgie Fame & The Blue Flames,Green Onions,?,lmd,F,minor,0.857,kk,134.0,2 tempo events (120.0-134.0); bpm = median beat,6/4,0.961,bass keys guitar drums
LATIN,,Gipsy Kings,Escucha Me,80s,lmd,C,minor,0.889,kk,100.0,single tempo,4/4 (none),1.0,bass chord pad guitar lead drums
LATIN,,Gipsy Kings,Moorea,80s,lmd,Gb,major,0.9,kk,82.0,single tempo,4/4,1.0,bass pad guitar lead drums
LATIN,,Gipsy Kings,Pida Me La,80s,lmd,D,mixolydian,0.759,kk,107.0,2 tempo events (107.0-116.0); bpm = median beat,4/4,1.0,bass chord pad guitar drums
LATIN,,Gipsy Kings,Tu Quieres Volver,80s,lmd,G,major,0.941,kk,80.0,single tempo,4/4,1.0,bass pad guitar lead seq drums
LATIN,,Gloria Estefan,Get On Your Feet,80s,lmd,A,mixolydian,0.78,kk,123.0,single tempo,4/4,1.0,bass chord keys guitar lead drums
LATIN,,Gloria Estefan,Heaven's What I Feel,90s,lmd,C,mixolydian,0.885,kk,133.0,single tempo,4/4,1.0,bass chord pad keys lead seq drums
LATIN,,Gloria Estefan,Hoy,new,lmd,Ab,minor,0.909,kk,95.0,3 tempo events (94.0-120.0); bpm = median beat,4/4,1.0,bass pad keys guitar arp seq drums
LATIN,,Gloria Estefan,Oye Mi Canto (Hear My Voice),80s,lmd,G,minor,0.908,kk,118.0,single tempo,4/4,1.0,bass chord pad keys guitar lead arp seq fx drums
LATIN,,Gloria Estefan,Si Voy A Perderte*,80s,lmd,F,major,0.952,kk,87.0,single tempo,4/4,1.0,bass pad keys guitar lead drums
LATIN,,Isabel Pantoja,Hoy Quiero Confesarme,80s,lmd,F,major,0.964,kk,82.0,single tempo,4/4,1.0,bass fx
LATIN,,Jennifer Lopez,Ain't It Funny,new,lmd,G,minor,0.88,kk,100.0,single tempo,4/4,1.0,bass chord pad keys guitar lead fx drums
LATIN,,Jennifer Lopez,Let's Get Loud,90s,lmd,C,minor,0.714,kk,134.0,single tempo,4/4,1.0,bass chord pad keys lead seq drums
LATIN,,Jennifer Lopez,No Me Ames,90s,lmd,C,mixolydian,0.86,kk,84.0,30 tempo events (50.0-85.0); bpm = median beat,4/4,1.0,bass pad keys guitar lead drums
LATIN,,Jennifer Lopez,Tu,new,lmd,A,major,0.92,kk,148.0,single tempo,4/4,1.0,bass pad keys guitar lead fx drums
LATIN,,Jennifer Lopez,Waiting For Tonight,90s,lmd,F,minor,0.851,kk,136.0,single tempo,4/4,1.0,bass pad guitar lead seq drums
LATIN,,Joan Manuel Serrat,La Saeta,80s,lmd,Ab,phrygian,0.831,kk,60.0,6 tempo events (60.0-75.0); bpm = median beat,4/4,1.0,bass keys guitar lead drums
LATIN,,Joan Sebastian,El Primer Tonto,?,lmd,E,major,0.888,kk,80.0,single tempo,4/4,1.0,bass pad keys guitar lead drums
LATIN,,Jorge Ferreira,Sou Português De Raiz,?,lmd,C,mixolydian,0.867,kk,140.0,single tempo,4/4,1.0,bass chord guitar lead drums
LATIN,,Jose Julian,Mi Plegaria,?,lmd,G,major,0.945,kk,105.0,single tempo,4/4,1.0,bass keys guitar lead arp drums
LATIN,,José José,El Amar Y El Querer,80s,lmd,E,major,0.838,kk,76.0,3 tempo events (76.0-80.0); bpm = median beat,4/4,1.0,bass pad keys guitar lead drums
LATIN,,Juan Gabriel,Cuando Volveras A Mexico,?,lmd,C,major,0.908,kk,72.0,single tempo,4/4,1.0,bass pad keys guitar lead drums
LATIN,,Juan Serrano,Fablife,?,lmd,D,minor,0.773,kk,137.0,single tempo,4/4,1.0,bass pad keys lead seq drums
LATIN,,Juanes,Nada Valgo Sin Tu Amor,new,lmd,C,major,0.884,kk,76.0,2 tempo events (76.0-100.0); bpm = median beat,4/4,1.0,bass keys guitar lead seq drums
LATIN,,Julio Iglesias,Manuela,80s,lmd,E,major,0.934,kk,128.0,single tempo,4/4,1.0,bass pad keys guitar lead drums
LATIN,,Julio Iglesias,Me Va_ Me Va,80s,lmd,D,mixolydian,0.854,kk,100.0,single tempo,4/4,1.0,bass chord pad keys guitar lead seq drums
LATIN,,Julio Iglesias,Où Est Passée Ma Bohème (Quiereme Mucho),90s,lmd,D,major,0.915,kk,120.0,single tempo,4/4,1.0,bass chord keys guitar lead drums
LATIN,,Julio Iglesias duet with Dolly Parton,When You Tell Me That You Love Me,?,lmd,G,minor,0.854,kk,80.0,single tempo,4/4,0.976,bass chord pad keys guitar lead fx drums
LATIN,,Julio Iglesias Jr,Una Vida Sencilla Sin Más,new,lmd,E,minor,0.9,kk,104.0,single tempo,4/4,1.0,bass keys guitar lead seq drums
LATIN,,Karaoke,You Make Me Sick (Karaoke-Version) As Made Famous By: Pink,?,lmd,B,minor,0.924,kk,100.0,single tempo,4/4,1.0,bass keys lead drums
LATIN,,Kenny Rankin,Cue #2,?,lmd,G,major,0.98,kk,78.0,19 tempo events (39.9-78.0); bpm = median beat,4/4,0.978,chord pad keys guitar lead
LATIN,,Kitty Kallen,Little Things Mean A Lot,80s,lmd,Ab,major,0.888,kk,77.0,23 tempo events (70.0-80.0); bpm = median beat,4/4,1.0,bass pad keys guitar lead drums
LATIN,,Kronos Quartet,Adagio,?,lmd,Bb,minor,0.619,kk,135.0,single tempo,4/4,1.0,bass pad guitar lead arp seq drums
LATIN,,La Firma,Ojalá,new,lmd,A,major,0.817,kk,68.2,77 tempo events (51.1-68.2); bpm = median beat,4/4,1.0,bass pad keys guitar lead drums
LATIN,,La Hungara,Quiero Volar,new,lmd,A,minor,0.744,kk,130.0,single tempo,4/4,1.0,bass pad keys guitar lead fx drums
LATIN,,La Ley,Fuera de mi,new,lmd,E,major,0.923,kk,68.0,single tempo,4/4,1.0,bass pad keys guitar lead drums
LATIN,,Las Ketchup,Aserejé,new,lmd,Eb,minor,0.854,kk,93.0,single tempo,4/4,0.966,bass pad keys guitar drums
LATIN,,Las Ketchup,Kusha Las Payas,new,lmd,Eb,minor,0.91,kk,166.0,109 tempo events (165.5-219.0); bpm = median beat,4/4,1.0,bass pad keys guitar lead drums
LATIN,,Las Ketchup,The Ketchup Song (Aserejé),new,lmd,Eb,minor,0.808,kk,185.0,single tempo,4/4,1.0,bass pad keys guitar lead drums
LATIN,,Laurindo Almeida / Carlos Barbosa-Lima / Charlie Byrd,Anacleto Madeiros,?,lmd,C,major,0.777,kk,108.0,3 tempo events (108.0-135.0); bpm = median beat,4/4,1.0,guitar
LATIN,,Leonard Bernstein;New York Philharmonic,Morning Mood from Peer Gynt Suite No.1_ Op.46,?,lmd,E,major,0.908,kk,70.0,3 tempo events (44.0-70.0); bpm = median beat,4/4,1.0,bass pad keys guitar lead seq drums
LATIN,,Lorenzo Antonio,Nadie Mas Que Tu,80s,lmd,C,major,0.821,kk,122.0,single tempo,4/4,1.0,bass pad keys guitar lead drums
LATIN,,Los Amigos Invisibles,Gerundio,new,lmd,A,minor,0.739,kk,120.0,single tempo,4/4,1.0,bass chord pad keys guitar lead drums
LATIN,,Los Del Sol,La bamba,?,lmd,G,mixolydian,0.904,kk,156.0,9 tempo events (156.0-249.0); bpm = median beat,4/4,1.0,bass keys guitar lead drums
LATIN,,Los Delinqüentes,¿Quién Es Más Poderoso El Aire O El Fuego?,new,lmd,B,mixolydian,0.89,kk,170.0,single tempo,4/4,1.0,bass chord pad keys guitar drums
LATIN,,Los Iracundos,Dame Una Se񡬢 size=,?,lmd,D,mixolydian,0.766,kk,90.0,single tempo,4/4 (none),1.0,bass chord pad keys guitar drums
LATIN,,Los Manolos,Una Aventura,80s,lmd,A,major,0.916,kk,98.0,single tempo,4/4,1.0,keys guitar lead drums
LATIN,,Los Ninos De Sara,Macarena,?,lmd,Ab,mixolydian,0.825,kk,100.0,single tempo,4/4,1.0,keys arp drums
LATIN,,Los Rebujitos,Me Recordaras,?,lmd,G,major,0.974,kk,107.0,single tempo,4/4,1.0,bass pad keys guitar lead fx drums
LATIN,,Los Secretos,Te Sentiras Mejor,?,lmd,G,major,0.933,kk,100.0,single tempo,4/4,1.0,bass keys guitar drums
LATIN,,Luis Bacalov,Nurka's Tears,new,lmd,C,minor,0.907,kk,70.0,42 tempo events (20.0-70.0); bpm = median beat,4/4,1.0,bass chord pad keys guitar lead drums
LATIN,,Luis Miguel,Como Es Posible Que A Mi Lado,90s,lmd,C,minor,0.779,kk,118.0,single tempo,4/4,1.0,bass chord pad keys arp seq fx drums
LATIN,,Luis Miguel,Fria Como El Viento,new,lmd,C,mixolydian,0.833,kk,70.0,2 tempo events (70.0-120.0); bpm = median beat,4/4,1.0,bass chord keys guitar lead
LATIN,,Luis Miguel,Todo Y Nada,80s,lmd,G,major,0.773,kk,82.0,7 tempo events (40.0-82.0); bpm = median beat,4/4 (none),1.0,bass pad guitar lead seq drums
LATIN,,Malu,Seemann (Deine Heimat ist das Meer),?,lmd,F,major,0.963,kk,115.0,single tempo,4/4,1.0,bass pad guitar lead drums
LATIN,,Malú,Toda,new,lmd,D,minor,0.897,kk,98.0,single tempo,4/4,1.0,bass chord pad guitar lead arp drums
LATIN,,Matt Bianco,Half A Minute,80s,lmd,F,major,0.917,kk,104.0,single tempo,4/4,1.0,bass pad keys guitar lead seq drums
LATIN,,Miguel Bose,Si tu no vuelves [Dueto 2007],new,lmd,G,major,0.913,kk,66.0,2 tempo events (66.0-120.0); bpm = median beat,4/4,0.989,bass pad keys guitar lead arp seq drums
LATIN,,Moderatto,No Hay Otra Manera (Live Version),?,lmd,G,major,0.943,kk,85.0,single tempo,4/4,1.0,bass pad keys guitar lead drums
LATIN,,Molotov,Da Da Da (DADADA),new,lmd,F,major,0.774,kk,130.0,single tempo,4/4,1.0,bass guitar lead drums
LATIN,,Molotov,Gimme Tha Power,90s,lmd,Db,minor,0.881,kk,83.0,4 tempo events (65.0-83.0); bpm = median beat,4/4,1.0,bass keys guitar lead drums
LATIN,,Navajita Plateá Con Alba Molina,Noches De Bohemia,new,lmd,D,major,0.889,kk,170.0,single tempo,4/4,1.0,bass guitar lead drums
LATIN,,Nek,C'è Tutto Un Mondo,?,lmd,C,major,0.881,kk,137.0,single tempo,4/4,1.0,bass keys guitar lead drums
LATIN,,Nelson Ned,La Diferencia,90s,lmd,F,major,0.968,kk,73.0,13 tempo events (53.0-73.0); bpm = median beat,4/4,1.0,bass pad keys lead drums
LATIN,,Niña Pastori,Yo Vivo Navegando,new,lmd,B,minor,0.699,kk,163.0,single tempo,4/4,0.993,bass chord pad keys guitar lead drums
LATIN,,No Mercy,Hello How Are You,?,lmd,A,minor,0.86,kk,126.0,single tempo,4/4,1.0,bass chord pad keys guitar lead seq drums
LATIN,,Ottmar Liebert,2 The Night (Digitally Remastered 99),80s,lmd,E,phrygian,0.79,kk,122.0,single tempo,4/4,1.0,bass guitar lead drums
LATIN,,Ottmar Liebert,2 The Night/XL Version,80s,lmd,A,minor,0.87,kk,130.0,2 tempo events (60.0-130.0); bpm = median beat,4/4,1.0,bass chord pad guitar drums
LATIN,,Pablo Montero,Si La Ven,?,lmd,E,minor,0.862,kk,109.0,single tempo,3/4,0.992,bass pad keys guitar lead drums
LATIN,,Paloma San Basilio,Beso A Beso... Dulcemente (Piano_ Piano... Dolcemente),?,lmd,Db,major,0.93,kk,63.0,single tempo,4/4,1.0,bass pad keys guitar lead arp drums
LATIN,,Pat Metheny Group,Last Train Home,80s,lmd,Bb,major,0.875,kk,159.0,6 tempo events (100.0-159.0); bpm = median beat,4/4,1.0,bass pad keys guitar lead seq drums
LATIN,,Patricia Manterola,Ojos Negros,new,lmd,Bb,minor,0.863,kk,132.0,single tempo,4/4,0.935,bass chord pad keys guitar lead arp drums
LATIN,,Pepe Romero / I Musici,1. Allegro,?,lmd,G,mixolydian,0.896,kk,98.0,11 tempo events (60.0-196.0); bpm = median beat,4/4 (none),1.0,bass guitar lead arp seq
LATIN,,Pepe Romero / The Academy of St. Martin in the Fields / Sir Neville Marriner,1. Allegro con spirito,?,lmd,D,major,0.954,kk,130.0,26 tempo events (105.0-130.0); bpm = median beat,4/4 (none),1.0,bass chord pad lead seq
LATIN,,Peret,Chocolate Blanco Y Negro,?,lmd,E,major,0.9,kk,103.0,single tempo,4/4 (none),1.0,bass chord pad keys lead fx drums
LATIN,,Pete Escovedo,Fantasy,90s,lmd,E,minor,0.762,bass-relative,92.0,2 tempo events (66.0-92.0); bpm = median beat,4/4,1.0,bass pad keys guitar lead drums
LATIN,,Poncho Sanchez,Si No Hay Amor,90s,lmd,F,major,0.872,kk,80.0,19 tempo events (31.0-83.0); bpm = median beat,4/4,1.0,bass chord keys lead arp drums
LATIN,,Raimundo Amador,Bolleré,80s,lmd,A,minor,0.89,kk,120.0,single tempo,4/4,1.0,bass chord pad keys guitar lead drums
LATIN,,Raimundo Amador,Un Okupa En Tu Corazón,new,lmd,F,minor,0.832,kk,112.0,single tempo,4/4,1.0,bass pad keys guitar lead drums
LATIN,,Raul Malo,Crying for You,new,lmd,A,mixolydian,0.915,kk,84.0,4 tempo events (77.0-200.0); bpm = median beat,4/4,1.0,bass pad keys guitar lead drums
LATIN,,Raulin Rodriguez,Mi Gran Amor,?,lmd,G,major,0.869,kk,135.0,single tempo,4/4,1.0,bass chord pad guitar seq drums
LATIN,,Ray Vega,The Dream Will Go On,?,lmd,G,major,0.977,kk,105.0,single tempo,4/4,1.0,bass pad guitar lead drums
LATIN,,Ricky Martin,Livin' La Vida Loca,90s,lmd,Db,minor,0.827,kk,181.0,single tempo,4/4,1.0,bass chord pad keys guitar lead drums
LATIN,,Ricky Martin,Lola_ Lola,90s,lmd,E,minor,0.83,kk,103.0,single tempo,4/4,1.0,bass chord guitar lead seq drums
LATIN,,Ricky Martin,She Bangs,new,lmd,Db,mixolydian,0.715,kk,143.0,single tempo,4/4,1.0,bass chord pad keys guitar lead drums
LATIN,,Ricky Martin,Vuelve,90s,lmd,Gb,major,0.826,kk,66.0,single tempo,4/4,1.0,bass pad keys guitar lead seq drums
LATIN,,Ricky Martin & Meja,Private Emotion,90s,lmd,Db,major,0.928,kk,73.0,4 tempo events (63.0-73.0); bpm = median beat,4/4,1.0,bass pad keys guitar lead drums
LATIN,,Ricky Martin with Christina Aguilera,Nobody Wants To Be Lonely,90s,lmd,Bb,minor,0.884,kk,102.0,single tempo,4/4,1.0,bass pad keys guitar lead drums
LATIN,,Rosana,A fuego lento,90s,lmd,Bb,major,0.853,kk,123.0,single tempo,4/4,1.0,bass keys guitar lead drums
LATIN,,Rosana,Pa' Calor,90s,lmd,C,mixolydian,0.901,kk,132.0,single tempo,4/4,1.0,bass pad keys guitar drums
LATIN,,Rosana,Pa' Ti No Estoy,new,lmd,Db,minor,0.821,kk,142.0,single tempo,4/4,1.0,bass pad keys guitar lead drums
LATIN,,Seguridad Social,Quiero Tener Tu Presencia (Version mediterranea 2006),80s,lmd,E,major,0.901,kk,145.0,single tempo,4/4,1.0,bass pad guitar lead drums
LATIN,,Sergio Cammariere,Via Da Questo Mare,new,lmd,E,minor,0.912,kk,69.0,single tempo,4/4,1.0,bass keys guitar lead drums
LATIN,,Shaila Dúrcal,Tanto Amor,new,lmd,G,minor,0.858,kk,82.0,single tempo,4/4 (none),1.0,bass pad keys guitar lead drums
LATIN,,Shakira,En Tus Pupilas,new,lmd,Gb,major,0.756,kk,115.0,single tempo,4/4,1.0,bass pad keys guitar drums
LATIN,,Shakira,La Pared,new,lmd,Bb,minor,0.78,kk,129.0,single tempo,4/4 (none),1.0,bass chord guitar seq fx drums
LATIN,,Shakira,Que Me Quedes Tu,new,lmd,Bb,major,0.844,kk,120.0,6 tempo events (85.2-120.0); bpm = median beat,4/4,1.0,bass pad guitar lead drums
LATIN,,Shakira,Te Dejo Madrid,new,lmd,B,major,0.876,kk,131.0,single tempo,4/4,1.0,bass chord pad guitar lead drums
LATIN,,Shakira,Un Poco De Amor,80s,lmd,B,major,0.919,kk,102.0,single tempo,4/4,1.0,bass pad keys guitar lead fx drums
LATIN,,Sin Bandera,Serenata Rap,new,lmd,Gb,mixolydian,0.889,kk,95.0,single tempo,4/4,1.0,bass pad keys guitar lead seq drums
LATIN,,Sting,Fragil,80s,lmd,E,minor,0.933,kk,86.0,13 tempo events (25.0-120.0); bpm = median beat,4/4,1.0,bass pad keys guitar lead drums
LATIN,,Sting,Fragilidad,80s,lmd,E,minor,0.89,kk,80.0,3 tempo events (62.0-80.0); bpm = median beat,4/4,1.0,bass pad keys guitar lead drums
LATIN,,Sting,Send Your Love,new,lmd,D,minor,0.826,kk,112.0,single tempo,4/4 (none),1.0,bass chord pad guitar lead seq drums
LATIN,,Supervielle,Miles De Pasajeros,new,lmd,C,dorian,0.841,kk,150.0,11 tempo events (37.0-154.0); bpm = median beat,4/4,1.0,chord pad keys guitar lead arp drums
LATIN,,Teodoro Reyes,Amor Verdadero,?,lmd,B,major,0.916,kk,142.0,single tempo,4/4 (none),1.0,arp
LATIN,,Thalia,Viaje Tiempo Atras [Journey To The Past]  (Thalia Version),?,lmd,Db,major,0.843,kk,88.0,59 tempo events (72.0-88.0); bpm = median beat,4/4,1.0,bass chord pad keys guitar lead drums
LATIN,,Virtuoso,Tunteet -Feelings-,?,lmd,E,minor,0.775,kk,80.0,single tempo,4/4,1.0,bass pad guitar lead drums
LATIN,,Yolanda Del Rio,Con Golpes De Pecho,?,lmd,C,major,0.981,kk,106.0,single tempo,4/4,1.0,bass chord pad keys guitar lead drums
LATIN,,Yuridia,Ahora Entendi,?,lmd,G,major,0.991,kk,88.0,59 tempo events (30.0-88.0); bpm = median beat,4/4,1.0,bass pad keys guitar lead drums
LATIN,,Yuridia,Sobrenatural,?,lmd,G,major,0.969,kk,134.0,45 tempo events (90.0-134.0); bpm = median beat,4/4,1.0,bass pad guitar lead drums
LATIN,,Yuridia,Todo Lo Que Hago Por Ti (Everything I Do) (I Do It For You),?,lmd,Db,major,0.925,kk,66.0,single tempo,4/4,1.0,bass chord keys guitar lead drums
LATIN,BOSSA,Alexandre Pires,Mineirinho,new,lmd,G,mixolydian,0.916,kk,96.0,126 tempo events (50.0-130.0); bpm = median beat,3/4,0.93,bass chord keys guitar lead drums
LATIN,BOSSA,Alexandre Pires,Necesidad,new,lmd,G,major,0.868,kk,148.0,single tempo,4/4,1.0,bass pad keys guitar drums
LATIN,BOSSA,Astrud Gilberto,Beginnings,80s,lmd,E,minor,0.786,kk,112.0,single tempo,4/4,1.0,bass chord keys guitar lead drums
LATIN,BOSSA,Astrud Gilberto,The Girl From Ipanema,80s,lmd,F,phrygian,0.87,kk,126.0,single tempo,4/4,1.0,bass chord pad keys guitar lead arp seq drums
LATIN,BOSSA,Bebel Gilberto,So Nice (Summer Samba),new,lmd,C,major,0.908,kk,120.0,60 tempo events (23.0-120.0); bpm = median beat,4/4,0.99,bass keys guitar lead fx drums
LATIN,BOSSA,Billy May & His Orchestra,Perfidia,new,lmd,F,major,0.916,kk,120.0,single tempo,4/4,1.0,bass chord pad keys guitar lead drums
LATIN,BOSSA,Brasilian Tropical Orchestra,Desafinado,90s,lmd,D,minor,0.789,kk,150.0,single tempo,4/4,1.0,bass pad keys guitar lead drums
LATIN,BOSSA,Brasilian Tropical Orchestra,Hey Jude,90s,lmd,F,mixolydian,0.932,kk,94.0,single tempo,4/4,0.982,bass pad keys guitar lead seq drums
LATIN,BOSSA,Brasilian Tropical Orchestra,Yesterday,90s,lmd,F,major,0.94,kk,92.0,25 tempo events (68.0-92.0); bpm = median beat,4/4,1.0,bass pad guitar lead drums
LATIN,BOSSA,Brazilian Tropical Orchestra,Help!,90s,lmd,G,major,0.843,kk,191.0,single tempo,4/4,1.0,bass guitar drums
LATIN,BOSSA,Brazilian Tropical Orchestra,Love Walked In,90s,lmd,Bb,major,0.816,kk,103.0,single tempo,4/4,1.0,bass keys guitar lead drums
LATIN,BOSSA,Brazilian Tropical Orchestra,My Way,90s,lmd,D,major,0.942,kk,82.0,single tempo,4/4,1.0,bass chord pad keys lead arp drums
LATIN,BOSSA,Charlie Byrd,How Insensitive,new,lmd,D,minor,0.932,kk,120.0,7 tempo events (92.0-120.0); bpm = median beat,4/4,1.0,bass pad keys guitar lead drums
LATIN,BOSSA,Daniel Barenboim,Le nozze di Figaro : Overture to Act 1,?,lmd,D,major,0.868,kk,154.0,9 tempo events (124.0-154.0); bpm = median beat,4/4,1.0,chord lead arp
LATIN,BOSSA,Eddie And David Brigati,Groovin' (Album Version),?,lmd,Bb,mixolydian,0.879,kk,108.0,single tempo,4/4,1.0,bass pad keys guitar lead drums
LATIN,BOSSA,Elis Regina / Antonio Carlos Jobim,Fotografia,new,lmd,D,dorian,0.682,kk,80.0,5 tempo events (80.0-120.0); bpm = median beat,4/4,1.0,bass keys guitar drums
LATIN,BOSSA,Emma Bunton,Take My Breath Away,new,lmd,G,major,0.946,kk,92.0,33 tempo events (90.0-93.0); bpm = median beat,4/4,1.0,bass pad keys guitar lead seq drums
LATIN,BOSSA,Frank Sinatra,How Insensitive [Insensatez] [The Frank Sinatra Collection],80s,lmd,B,minor,0.855,kk,120.0,single tempo,4/4,1.0,bass pad guitar lead drums
LATIN,BOSSA,Gal Costa,Bloco Do Prazer,80s,lmd,E,minor,0.718,kk,142.1,single tempo,1/4,0.963,bass pad keys guitar lead arp drums
LATIN,BOSSA,Gal Costa,Meu Bem Meu Mal,80s,lmd,D,major,0.79,kk,115.0,single tempo,4/4,1.0,bass chord pad keys guitar lead seq drums
LATIN,BOSSA,Geoff Muldaur,I Don't Want To Talk About It (Album Version),?,lmd,A,major,0.934,kk,132.0,single tempo,4/4,1.0,bass pad guitar
LATIN,BOSSA,Guigui da Bahia,Brisa,?,lmd,E,major,0.838,kk,140.0,single tempo,4/4,1.0,bass keys lead drums
LATIN,BOSSA,Ivete Sangalo,Bug Bug Bye Bye,new,lmd,B,mixolydian,0.911,kk,150.0,single tempo,2/4,0.994,bass chord pad keys guitar fx drums
LATIN,BOSSA,Ivete Sangalo / Alejandro Sanz,Corazón Partío,?,lmd,A,minor,0.743,kk,80.0,single tempo,4/4,0.974,bass chord pad keys guitar drums
LATIN,BOSSA,Ivete Sangalo / Monica De San Galo,Completo,new,lmd,Ab,minor,0.7,kk,108.0,4 tempo events (92.0-108.0); bpm = median beat,4/4,1.0,bass pad keys guitar lead drums
LATIN,BOSSA,Joanna Wang,New York State of Mind,new,lmd,A,minor,0.842,bass-relative,124.0,2 tempo events (70.0-124.0); bpm = median beat,4/4,1.0,bass pad keys guitar lead drums
LATIN,BOSSA,Jorge Drexler,Corazón De Cristal,90s,lmd,E,minor,0.819,kk,130.0,single tempo,4/4,1.0,bass pad guitar drums
LATIN,BOSSA,Kaoma,Mélodie d'amour,80s,lmd,Bb,minor,0.803,kk,122.0,single tempo,4/4,1.0,bass chord pad keys guitar lead seq drums
LATIN,BOSSA,Leila Pinheiro,Coisas Do Brasil,80s,lmd,D,minor,0.818,kk,62.0,single tempo,4/4,0.984,bass chord pad keys guitar drums
LATIN,BOSSA,Los Hermanos,Olmec My Bro,?,lmd,Ab,mixolydian,0.766,kk,116.0,single tempo,4/4,1.0,bass pad keys lead drums
LATIN,BOSSA,Luiz Melodia,Juventude Transviada,?,lmd,G,major,0.85,kk,110.0,single tempo,4/4,1.0,bass lead drums
LATIN,BOSSA,Lulu Santos,Adivinha O Quê,80s,lmd,E,minor,0.731,kk,120.0,single tempo,4/4 (none),1.0,bass keys guitar lead drums
LATIN,BOSSA,Marisa Monte,De Noite Na Cama,80s,lmd,B,minor,0.756,kk,78.0,single tempo,4/4,1.0,bass chord guitar seq drums
LATIN,BOSSA,Marisa Monte,Nao E Facil,80s,lmd,E,major,0.829,kk,82.0,single tempo,4/4,1.0,bass lead drums
LATIN,BOSSA,Os Cariocas,Garota De Ipanema,80s,lmd,F,major,0.859,kk,140.0,single tempo,4/4,1.0,bass pad keys guitar lead arp drums
LATIN,BOSSA,Os Paralamas Do Sucesso,Que Pais E Este,80s,lmd,E,minor,0.963,kk,138.0,single tempo,4/4,1.0,bass chord keys guitar lead fx drums
LATIN,BOSSA,Os Travessos,Adivinha,new,lmd,C,major,0.94,kk,70.0,single tempo,4/4,1.0,bass pad keys guitar lead drums
LATIN,BOSSA,Paula Toller,Fly Me To The Moon,new,lmd,F,major,0.914,kk,116.0,single tempo,4/4,1.0,bass chord pad keys guitar lead drums
LATIN,BOSSA,Paula Toller,Meu Amor Se Mudou Pra Lua,new,lmd,D,major,0.896,kk,85.0,3 tempo events (85.0-120.0); bpm = median beat,4/4,0.967,bass chord pad keys guitar lead drums
LATIN,BOSSA,Renato Russo,The Dance,90s,lmd,G,major,0.902,kk,67.0,single tempo,4/4,0.984,bass pad keys guitar drums
LATIN,BOSSA,Rita Lee,Mania De Voce,80s,lmd,D,mixolydian,0.814,kk,129.0,single tempo,4/4,1.0,bass chord pad keys guitar lead drums
LATIN,BOSSA,Ritchie,Menina Veneno,?,lmd,B,major,0.789,kk,127.0,single tempo,1/4,0.977,pad keys guitar lead drums
LATIN,BOSSA,Rob Barbosa,Phase,?,lmd,G,mixolydian,0.567,kk,120.0,single tempo,4/4,1.0,keys lead drums
LATIN,BOSSA,Sergio Mendes,Never Gonna Let You Go,80s,lmd,F,minor,0.527,kk,74.0,2 tempo events (60.0-74.0); bpm = median beat,4/4,1.0,bass chord pad keys guitar lead seq drums
LATIN,BOSSA,Soweto,Antes De Dizer Adeus,?,lmd,F,major,0.954,kk,154.0,9 tempo events (148.0-156.0); bpm = median beat,4/4,1.0,bass pad keys guitar lead drums
LATIN,BOSSA,Soweto,Derê,?,lmd,C,major,0.822,kk,75.0,3 tempo events (72.0-75.0); bpm = median beat,4/4,1.0,bass chord pad keys guitar arp drums
LATIN,BOSSA,Sérgio Mendes Trio,Garota De Ipanema,?,lmd,C,mixolydian,0.783,kk,135.0,single tempo,4/4,1.0,bass pad guitar lead drums
LATIN,BOSSA,Só Pra Contrariar,Essa Tal Liberdade,90s,lmd,E,major,0.984,kk,109.0,single tempo,4/4,1.0,bass chord pad keys guitar drums
LATIN,BOSSA,Só Pra Contrariar,Interfone,new,lmd,D,major,0.915,kk,115.0,single tempo,1/4,0.969,bass pad keys guitar lead drums
LATIN,BOSSA,Terra Samba,No Ponto,?,lmd,G,minor,0.89,kk,118.0,single tempo,4/4,1.0,bass chord pad keys lead fx drums
LATIN,BOSSA,Toots Thielemans,Linda (Voce é Linda),80s,lmd,A,major,0.837,kk,95.0,single tempo,4/4,1.0,bass pad keys guitar lead drums
LATIN,BOSSA,Wanessa,Filme De Amor,?,lmd,C,major,0.887,kk,74.0,31 tempo events (64.0-74.0); bpm = median beat,4/4,1.0,bass pad keys guitar lead drums
LATIN,BOSSA,Zeca Baleiro,Brigitte Bardot,new,lmd,G,major,0.931,kk,129.0,single tempo,4/4,1.0,guitar lead drums
LATIN,BOSSA,Zélia Duncan,Me Revelar,new,lmd,F,major,0.902,kk,119.0,3 tempo events (91.2-119.0); bpm = median beat,4/4,1.0,bass pad keys guitar lead drums
LATIN,CUMBIA,Alfredo Gutierrez,Dos Mujeres,?,lmd,D,major,0.856,kk,96.0,single tempo,4/4,1.0,keys lead drums
LATIN,CUMBIA,Carlos Vives,El Amor De Mi Tierra,90s,lmd,G,major,0.896,kk,170.0,single tempo,4/4,1.0,bass chord pad keys guitar lead drums
LATIN,CUMBIA,Selena,Como La Flor,80s,lmd,Bb,major,0.966,kk,95.0,18 tempo events (67.0-95.0); bpm = median beat,4/4,1.0,bass pad keys guitar arp drums
LATIN,CUMBIA,Selena,Dreaming Of You,80s,lmd,Eb,mixolydian,0.804,kk,85.0,single tempo,4/4,0.945,bass pad keys guitar fx drums
LATIN,REGGAETON,A Fuego,a colegiala,?,lmd,G,minor,0.759,kk,110.0,single tempo,4/4,0.99,bass keys guitar lead seq drums
LATIN,REGGAETON,A Fuego,Cancion azul/te quiero de veras,?,lmd,A,major,0.795,kk,112.0,single tempo,4/4,1.0,bass chord pad keys guitar lead drums
LATIN,REGGAETON,A Fuego,"Let""s get loud",?,lmd,C,minor,0.644,kk,132.0,single tempo,4/4,1.0,bass chord pad keys guitar lead drums
LATIN,REGGAETON,A Fuego,She bangs,?,lmd,Gb,minor,0.801,kk,144.0,single tempo,4/4 (none),1.0,bass chord pad keys guitar lead drums
LATIN,REGGAETON,Aventura,Angelito,new,lmd,Eb,mixolydian,0.822,kk,130.0,37 tempo events (90.0-130.0); bpm = median beat,4/4,1.0,bass guitar lead fx drums
LATIN,REGGAETON,Aventura,Obsesion,new,lmd,Db,minor,0.956,kk,133.9,28 tempo events (120.0-135.0); bpm = median beat,4/4 (none),1.0,bass pad guitar lead seq drums
LATIN,REGGAETON,Daddy Yankee,La Despedida,new,lmd,C,mixolydian,0.724,kk,124.0,single tempo,4/4,1.0,bass chord pad lead drums
LATIN,REGGAETON,Don Omar,Dile,new,lmd,E,mixolydian,0.793,kk,93.0,single tempo,4/4,1.0,bass guitar lead drums
LATIN,REGGAETON,El cuero,Is This Over,new,lmd,G,major,0.933,kk,102.0,single tempo,4/4 (none),1.0,bass pad keys guitar lead drums
LATIN,REGGAETON,Funky,Raznocvetnoe Leto,90s,lmd,B,minor,0.887,kk,127.0,single tempo,4/4,1.0,bass pad keys lead seq drums
LATIN,REGGAETON,La Secta AllStar,Pedazos De Mí,?,lmd,G,major,0.936,kk,70.0,31 tempo events (40.0-76.0); bpm = median beat,4/4,1.0,bass pad keys guitar lead arp drums
LATIN,REGGAETON,Lucas Prata,I Think I'm Falling In Love (Pop Uptempo Mix) (Pop Uptempo Mix),?,lmd,Bb,major,0.976,kk,136.0,single tempo,4/4,1.0,bass chord pad keys lead fx drums
LATIN,REGGAETON,Lucas Prata,Jingle Bell Rock,?,lmd,C,major,0.957,kk,120.0,single tempo,4/4,1.0,bass chord keys guitar lead fx drums
LATIN,REGGAETON,Melendi,Loco (Remasterized),new,lmd,G,major,0.99,kk,116.0,single tempo,4/4,1.0,bass keys guitar lead drums
LATIN,REGGAETON,Melendi,Maldita Vida Loca,new,lmd,C,major,0.958,kk,72.0,single tempo,4/4,1.0,bass keys guitar lead arp drums
LATIN,REGGAETON,Melendi,Una Historia De Dos,new,lmd,G,mixolydian,0.867,kk,184.0,4 tempo events (181.9-194.1); bpm = median beat,3/4,0.993,bass keys lead seq drums
LATIN,REGGAETON,Omar Geles,Eres Mi Todo,?,lmd,G,major,0.856,kk,95.0,single tempo,4/4,1.0,bass chord guitar drums
LATIN,REGGAETON,Orishas,El Kilo,new,lmd,C,minor,0.798,kk,81.0,single tempo,4/4,1.0,bass pad lead drums
LATIN,REGGAETON,Shalim,Agua,?,lmd,G,major,0.905,kk,80.0,single tempo,4/4,1.0,bass keys guitar lead drums
LATIN,REGGAETON,T.O.K,Die For You (Album Version),?,lmd,G,mixolydian,0.789,kk,100.0,single tempo,4/4,1.0,bass pad keys guitar lead seq drums
LATIN,REGGAETON,Yaga y Mackie,Interlude (Skit),new,lmd,D,minor,0.931,kk,98.0,69 tempo events (30.0-98.0); bpm = median beat,4/4,1.0,bass pad guitar lead fx drums
LATIN,SALSA,Alesha Dixon,Let's Get Excited [Guéna LG Glam As You Club Mix],new,lmd,D,phrygian,0.87,kk,129.0,single tempo,4/4,1.0,bass pad keys guitar lead seq fx drums
LATIN,SALSA,Andy & Lucas,Las Manos Del Mundo,new,lmd,G,mixolydian,0.821,kk,131.0,single tempo,4/4,1.0,bass chord pad guitar seq drums
LATIN,SALSA,Apurimac,El cuarto de Tula,?,lmd,A,minor,0.836,kk,101.0,single tempo,4/4,1.0,bass chord keys guitar lead seq drums
LATIN,SALSA,Baute,ANGELITO,new,lmd,A,major,0.708,bass-relative,110.0,single tempo,4/4,1.0,bass pad keys guitar seq drums
LATIN,SALSA,Baute,MI MEDICINA,90s,lmd,Bb,minor,0.798,kk,108.0,single tempo,4/4,1.0,bass chord pad keys guitar lead arp drums
LATIN,SALSA,Bill Medley & Jennifer Warnes,(I've Had) The Time Of My Life,80s,lmd,E,mixolydian,0.854,kk,109.0,3 tempo events (108.0-109.0); bpm = median beat,4/4,1.0,bass pad keys guitar lead arp drums
LATIN,SALSA,Brenda K. Starr,Come On! (Club Dub),?,lmd,D,minor,0.893,kk,124.0,7 tempo events (19.0-124.0); bpm = median beat,4/4,0.994,bass chord pad guitar arp drums
LATIN,SALSA,Buena Vista Social Club,Amor de Loca Juventud,90s,lmd,Eb,major,0.806,kk,140.0,single tempo,4/4,1.0,bass guitar lead drums
LATIN,SALSA,Cachao,Lluvia_ Viento Y Cana,?,lmd,C,minor,0.848,kk,139.0,single tempo,4/4,1.0,bass pad lead seq drums
LATIN,SALSA,Cal Tjader,Walk On By,new,lmd,A,phrygian,0.832,kk,100.0,single tempo,4/4,1.0,bass pad keys guitar lead drums
LATIN,SALSA,Carlos Baute,Mentiras son mentiras,new,lmd,B,minor,0.887,kk,109.0,single tempo,4/4,1.0,bass pad guitar lead seq drums
LATIN,SALSA,Carlos Baute,Nada se compara a ti (con Franco de Vita),new,lmd,Db,mixolydian,0.913,kk,86.0,single tempo,4/4,1.0,bass pad keys guitar lead
LATIN,SALSA,Carlos Baute,Tu no sabes que tanto (con Alex Ubago Directo 09),new,lmd,C,major,0.844,kk,91.0,2 tempo events (91.0-120.0); bpm = median beat,4/4,0.987,bass chord pad keys lead fx drums
LATIN,SALSA,Carlos Baute,Urgentemente,new,lmd,C,major,0.943,kk,90.0,single tempo,4/4,1.0,bass pad guitar lead drums
LATIN,SALSA,Dany Brillant,Hier Encore,90s,lmd,D,minor,0.74,kk,88.0,single tempo,4/4,1.0,bass keys guitar arp drums
LATIN,SALSA,Dany Brillant,Une Fille Comme Ca,90s,lmd,G,minor,0.957,kk,192.0,single tempo,4/4,1.0,bass chord keys guitar lead drums
LATIN,SALSA,Danza Invisible,Sabor De Amor (Live 95),?,lmd,A,major,0.992,kk,134.0,single tempo,4/4,1.0,bass pad guitar lead drums
LATIN,SALSA,Eddy Herrera,Estoy Queriendola,new,lmd,F,minor,0.819,kk,134.0,single tempo,4/4,1.0,bass chord keys drums
LATIN,SALSA,Elvis Crespo,Yo Me Morire,90s,lmd,D,mixolydian,0.782,kk,128.0,single tempo,4/4,1.0,bass chord pad keys guitar drums
LATIN,SALSA,Elvis Crespo / Gisselle,Te Veo Triste,new,lmd,A,mixolydian,0.764,kk,130.0,single tempo,4/4,1.0,bass keys guitar lead drums
LATIN,SALSA,Frank Reyes,Tu Eres Ajena,new,lmd,C,minor,0.873,kk,130.0,single tempo,4/4,1.0,bass pad guitar lead drums
LATIN,SALSA,Fred Buscaglione,Love in portofino,new,lmd,A,minor,0.758,kk,82.0,single tempo,4/4,1.0,bass chord keys lead drums
LATIN,SALSA,Gilberto Santa Rosa,No Pense Enamorarme Otra Vez,new,lmd,E,minor,0.892,kk,80.0,39 tempo events (40.0-109.0); bpm = median beat,4/4,0.991,bass pad keys guitar lead drums
LATIN,SALSA,Gilberto Santa Rosa,Para Vivir,90s,lmd,C,major,0.835,kk,81.0,single tempo,4/4,1.0,bass pad keys lead drums
LATIN,SALSA,Gipsy Kings,Hit Mix '99,new,lmd,Gb,minor,0.917,kk,120.0,single tempo,4/4,1.0,bass guitar lead drums
LATIN,SALSA,HA-ASH,Already Home (A Dueto Con Brandi Carlile),new,lmd,Eb,major,0.961,kk,68.0,single tempo,4/4 (none),1.0,pad keys arp
LATIN,SALSA,Jarabe De Palo,Agua,90s,lmd,F,major,0.968,kk,146.5,single tempo,4/4,1.0,bass keys guitar lead drums
LATIN,SALSA,Jerry Rivera,Fingir,?,lmd,C,major,0.863,kk,81.0,60 tempo events (11.0-103.0); bpm = median beat,4/4,1.0,bass pad keys guitar lead drums
LATIN,SALSA,Jerry Rivera,Volveras,?,lmd,D,major,0.912,kk,135.0,3 tempo events (100.0-135.0); bpm = median beat,4/4,1.0,bass pad keys guitar lead arp drums
LATIN,SALSA,Jody Bernal,Dreams (All I Have To Do Is Dream),?,lmd,E,major,0.95,kk,87.0,single tempo,4/4,1.0,bass pad keys lead seq drums
LATIN,SALSA,Jose Luis Perales,Ella Y El,80s,lmd,D,major,0.963,kk,95.0,single tempo,4/4,1.0,bass chord pad keys guitar lead
LATIN,SALSA,Jossie Esteban Y La Patrulla,Me Gusta,?,lmd,G,major,0.948,kk,130.0,single tempo,4/4,1.0,keys lead drums
LATIN,SALSA,José Luis Rodríguez,Dímelo,?,lmd,Db,minor,0.833,kk,88.0,single tempo,4/4,1.0,bass pad keys guitar lead drums
LATIN,SALSA,Justin,Volar,?,lmd,G,minor,0.867,kk,116.0,single tempo,4/4,1.0,chord guitar drums
LATIN,SALSA,Kaoma,Dancando Lambada,80s,lmd,G,major,0.768,kk,123.0,single tempo,4/4,1.0,bass keys guitar lead arp drums
LATIN,SALSA,Karaoke,Lucky Man (Karaoke-Version) As Made Famous By: The Verve,?,lmd,A,mixolydian,0.866,kk,149.0,10 tempo events (137.0-149.0); bpm = median beat,4/4 (none),1.0,bass pad guitar lead seq drums
LATIN,SALSA,La Fouine,Feu Rouge,new,lmd,A,major,0.739,kk,89.0,single tempo,4/4,1.0,bass pad keys guitar lead seq drums
LATIN,SALSA,La Fouine;Shaheen,J'Roule,new,lmd,A,minor,0.981,kk,91.0,single tempo,4/4,1.0,bass keys lead seq drums
LATIN,SALSA,Los Titanes,Periodico De Ayer,?,lmd,C,minor,0.849,kk,94.0,single tempo,4/4,0.982,bass pad keys lead drums
LATIN,SALSA,Los Ángeles,Mañana_ Mañana,?,lmd,G,major,0.835,kk,108.0,single tempo,4/4,1.0,bass chord pad keys guitar lead drums
LATIN,SALSA,Mana,Celoso (LP Verions),?,lmd,G,major,0.939,kk,114.0,single tempo,4/4,1.0,bass chord keys guitar drums
LATIN,SALSA,Maná,En el muelle de San Blas,90s,lmd,D,major,0.931,kk,96.0,single tempo,4/4,1.0,bass keys guitar lead drums
LATIN,SALSA,Maná,Pobre Juan,new,lmd,Ab,minor,0.843,kk,146.0,single tempo,4/4,1.0,bass pad lead seq fx drums
LATIN,SALSA,Maná,Rayando el sol,80s,lmd,G,major,0.924,kk,120.0,single tempo,4/4,1.0,bass pad keys guitar lead drums
LATIN,SALSA,Maná,Vivir sin aire ( En Vivo ),new,lmd,G,major,0.963,kk,134.0,45 tempo events (90.0-134.0); bpm = median beat,4/4,1.0,bass pad keys lead drums
LATIN,SALSA,Marc Anthony,I Need To Know,90s,lmd,Bb,minor,0.66,kk,115.0,single tempo,4/4,1.0,pad keys lead drums
LATIN,SALSA,Marc Anthony,I Need You,new,lmd,C,major,0.933,kk,93.0,2 tempo events (93.0-100.0); bpm = median beat,4/4,1.0,bass pad guitar lead drums
LATIN,SALSA,Marc Anthony,My Baby You,90s,lmd,C,minor,0.866,kk,115.0,8 tempo events (60.0-115.0); bpm = median beat,4/4,1.0,bass chord pad keys guitar drums
LATIN,SALSA,Mariana,Me Rajé,?,lmd,D,major,0.892,kk,104.0,single tempo,4/4,1.0,bass pad keys guitar lead drums
LATIN,SALSA,Modern Romance featuring John Du Prez,"Cherry Pink And Apple Blossom White (7"" version)",new,lmd,Bb,mixolydian,0.8,bass-relative,130.0,single tempo,4/4 (none),1.0,bass keys guitar lead seq drums
LATIN,SALSA,Mongo Santamaria,Watermelon Man,80s,lmd,F,major,0.876,kk,123.7,9 tempo events (103.0-123.7); bpm = median beat,4/4,1.0,bass chord keys lead drums
LATIN,SALSA,Olga Tañon,Mentiras,new,lmd,E,major,0.889,kk,71.0,17 tempo events (48.0-135.0); bpm = median beat,4/4,1.0,bass chord pad keys guitar lead arp drums
LATIN,SALSA,Rhythms Del Mundo feat. The Killers / The Killers,Hotel California,?,lmd,B,minor,0.824,kk,75.0,single tempo,4/4,1.0,bass chord keys guitar seq drums
LATIN,SALSA,Richie Ray & Bobby Cruz,A Mi Manera,80s,lmd,F,major,0.933,kk,77.0,single tempo,4/4,1.0,bass pad keys guitar lead drums
LATIN,SALSA,Rodolfo Y Su Tipica Ra7,La Cologiala,90s,lmd,G,minor,0.851,kk,102.0,35 tempo events (96.0-110.0); bpm = median beat,4/4,0.981,bass chord pad keys guitar lead drums
LATIN,SALSA,Traditional,Cumbla mix,?,lmd,B,mixolydian,0.923,kk,95.0,single tempo,4/4,1.0,bass chord keys lead arp fx drums
LATIN,SALSA,Traditional,Traditional: Bonjour Claire,?,lmd,E,major,0.806,kk,83.0,single tempo,4/4 (none),1.0,bass pad keys guitar lead drums
LATIN,SALSA,Zacarias Ferreira,El Mal De Amor,?,lmd,G,major,0.869,kk,168.0,237 tempo events (31.5-252.0); bpm = median beat,4/4,1.0,bass pad lead seq drums
METAL,,Abydos,Radio Earth,new,lmd,G,major,0.92,kk,105.0,single tempo,4/4,1.0,bass keys guitar lead drums
METAL,,AGATHODAIMON,An angel's funeral,new,lmd,D,minor,0.898,kk,150.0,4 tempo events (150.0-200.0); bpm = median beat,4/4,1.0,bass guitar lead drums
METAL,,Alcatrazz,To Young To Die_ Too Drunk To Live,80s,lmd,D,major,0.824,kk,120.0,single tempo,4/4,0.991,bass keys guitar drums
METAL,,Amon Amarth,&And The World Will Cease To Be,new,lmd,E,minor,0.837,kk,140.0,4 tempo events (70.0-140.0); bpm = median beat,4/4,1.0,bass guitar drums
METAL,,Amorphis,Into Hiding,80s,lmd,Db,minor,0.778,kk,130.0,7 tempo events (90.0-135.0); bpm = median beat,4/4,1.0,bass pad keys guitar drums
METAL,,Anathema,Sleepless,?,lmd,B,minor,0.765,kk,140.0,2 tempo events (140.0-145.0); bpm = median beat,4/4,1.0,bass guitar drums
METAL,,Angeles del Infierno,Vives en un cuento,80s,lmd,G,major,0.89,kk,152.0,6 tempo events (40.0-152.0); bpm = median beat,4/4,1.0,bass chord pad guitar lead seq fx drums
METAL,,Apocalyptica,Harvester Of Sorrow,90s,lmd,E,phrygian,0.77,kk,84.0,single tempo,4/4,0.993,bass guitar lead drums
METAL,,Apocalyptica / Matthias Sayer,Hope Vol.2,?,lmd,D,phrygian,0.801,kk,110.0,single tempo,4/4,1.0,bass guitar lead seq
METAL,,Apocalyptica featuring Corey Taylor,I'm Not Jesus,new,lmd,D,minor,0.704,kk,130.0,single tempo,4/4,1.0,bass keys seq
METAL,,Arch Enemy,Intermezzo Liberté,new,lmd,F,minor,0.777,kk,92.0,single tempo,4/4,1.0,bass pad guitar lead seq drums
METAL,,Astarte,Genesis,new,lmd,E,minor,0.912,kk,140.0,7 tempo events (90.0-140.0); bpm = median beat,4/4,0.977,bass pad keys guitar drums
METAL,,At Vance,Logical Song,new,lmd,B,minor,0.858,kk,114.0,7 tempo events (108.0-114.0); bpm = median beat,4/4,1.0,bass pad keys guitar lead arp drums
METAL,,At Vance,Money_ Money,90s,lmd,A,minor,0.709,kk,120.0,single tempo,4/4,1.0,bass keys guitar arp drums
METAL,,At Vance,The Winner Takes It All,new,lmd,Db,major,0.802,kk,126.0,6 tempo events (100.0-126.0); bpm = median beat,4/4,1.0,bass guitar lead drums
METAL,,Avantasia,Lay All Your Love On Me,new,lmd,D,minor,0.9,kk,128.0,single tempo,4/4,1.0,bass chord pad guitar lead drums
METAL,,Avenged Sevenfold,Paranoid (Album Version),?,lmd,E,minor,0.603,kk,170.0,single tempo,4/4,1.0,bass guitar lead drums
METAL,,Ayreon,Dawn Of A Million Souls,new,lmd,Bb,major,0.757,kk,160.0,36 tempo events (100.0-160.0); bpm = median beat,2/4,0.993,bass pad keys guitar lead drums
METAL,,Bang Tango,Starry Eyes (Sheep On Drugs Remix),new,lmd,D,minor,0.825,kk,164.0,single tempo,4/4,1.0,bass guitar drums
METAL,,Beseech,Little Demonchild,new,lmd,G,major,0.912,kk,115.0,single tempo,4/4,1.0,bass chord pad keys guitar drums
METAL,,Between The Buried And Me,Bicycle Race (Album Version),new,lmd,Ab,mixolydian,0.636,kk,168.0,129 tempo events (18.0-173.0); bpm = median beat,4/4,0.795,bass pad keys guitar lead drums
METAL,,Black Sabbath,Iron Man,80s,lmd,Eb,dorian,0.691,kk,118.0,single tempo,4/4,1.0,bass guitar drums
METAL,,Blind Guardian,Spread Your Wings (Queen cover) (Remastered),?,lmd,D,major,0.912,kk,87.0,26 tempo events (86.0-120.0); bpm = median beat,4/4,1.0,bass keys guitar lead drums
METAL,,Bruce Dickinson,All The Young Dudes,?,lmd,A,mixolydian,0.884,kk,80.0,single tempo,4/4,1.0,bass pad guitar lead seq drums
METAL,,Caliban,All I Gave,new,lmd,B,dorian,0.756,kk,95.0,single tempo,4/4,0.972,bass guitar drums
METAL,,Carcass,Black Star,90s,lmd,B,minor,0.838,kk,106.0,2 tempo events (106.0-110.0); bpm = median beat,4/4,0.99,bass guitar drums
METAL,,Carcass,Polarized,90s,lmd,B,minor,0.951,kk,150.0,single tempo,4/4,1.0,bass guitar drums
METAL,,Carlo Siliotto,Erali's Dream,new,lmd,Bb,major,0.95,kk,69.0,86 tempo events (68.0-70.0); bpm = median beat,4/4,1.0,bass pad keys guitar arp drums
METAL,,Carpathian Forest,One With The Earth,new,lmd,E,lydian,0.676,kk,120.0,5 tempo events (110.0-120.0); bpm = median beat,2/4,0.989,bass guitar drums
METAL,,Children Of Bodom,Angels Don't Kill,new,lmd,C,minor,0.858,kk,94.0,4 tempo events (65.0-94.0); bpm = median beat,4/4,0.991,bass chord pad guitar lead arp drums
METAL,,Children Of Bodom,Chokehold (Cocked'N'Loaded),new,lmd,D,minor,0.899,kk,135.0,single tempo,4/4,1.0,bass chord pad guitar lead arp fx drums
METAL,,Children Of Bodom,Intro,90s,lmd,F,mixolydian,0.859,kk,96.0,2 tempo events (96.0-200.0); bpm = median beat,4/4,1.0,bass pad keys guitar lead seq drums
METAL,,Children Of Bodom,Taste Of My Scythe,new,lmd,D,minor,0.859,kk,99.0,single tempo,4/4,0.968,bass chord guitar seq drums
METAL,,Cinderella,Gypsy Road,?,lmd,E,mixolydian,0.843,kk,138.0,single tempo,4/4,1.0,bass guitar fx drums
METAL,,Cold,Back Home (Album Version),?,lmd,C,major,0.742,kk,82.0,single tempo,4/4,0.987,bass guitar drums
METAL,,Cradle Of Filth,Beauty Slept In Sodom,90s,lmd,D,minor,0.802,kk,122.0,single tempo,4/4,1.0,bass pad keys lead arp drums
METAL,,Cradle Of Filth,Dream Of Wolves in The Snow,80s,lmd,G,minor,0.687,bass-relative,120.0,5 tempo events (60.0-120.0); bpm = median beat,4/4,1.0,bass pad guitar lead fx drums
METAL,,Cradle Of Filth,One Final Graven Kiss,80s,lmd,C,minor,0.89,kk,100.0,single tempo,4/4,1.0,bass pad lead
METAL,,Cradle Of Filth,Sodomy & Lust,90s,lmd,D,lydian,0.528,kk,120.0,10 tempo events (50.0-120.0); bpm = median beat,4/4,0.992,bass pad guitar drums
METAL,,Cradle Of Filth,The Forest Whispers My Name,80s,lmd,D,phrygian,0.836,kk,120.0,5 tempo events (75.0-120.0); bpm = median beat,4/4,1.0,bass pad guitar fx drums
METAL,,CREMATORY,Waiting,?,lmd,D,minor,0.883,kk,140.0,single tempo,4/4,1.0,bass pad guitar lead drums
METAL,,Crossroads,A Greater Song,?,lmd,E,minor,0.917,kk,76.0,2 tempo events (68.0-76.0); bpm = median beat,2/4,0.989,bass pad guitar lead seq drums
METAL,,Danzig,Mother,80s,lmd,B,minor,0.79,kk,144.0,34 tempo events (128.0-160.0); bpm = median beat,1/4,0.992,bass guitar lead drums
METAL,,Dark Tranquillity,Feast Of Burden,new,lmd,Eb,minor,0.769,kk,103.0,single tempo,4/4,0.767,guitar lead arp drums
METAL,,David Lee Roth,Stand Up (Album Version),80s,lmd,D,minor,0.837,kk,137.0,single tempo,4/4,1.0,bass chord pad seq drums
METAL,,DEATH ANGEL,Thicker Than Blood,new,lmd,B,phrygian,0.813,kk,170.0,4 tempo events (150.0-170.0); bpm = median beat,4/4,1.0,bass guitar drums
METAL,,Derek Sherinian,Sweet lament,new,lmd,G,major,0.889,kk,80.0,single tempo,4/4,1.0,bass pad keys guitar drums
METAL,,Dimmu Borgir,Alt Lys Er Svunnet Hen,90s,lmd,E,minor,0.908,kk,75.0,single tempo,4/4,1.0,bass pad keys lead drums
METAL,,Dimmu Borgir,Broderskapets Ring,90s,lmd,E,minor,0.883,kk,78.0,single tempo,4/4,1.0,bass keys guitar drums
METAL,,Dimmu Borgir,Entrance,90s,lmd,A,minor,0.849,kk,135.0,15 tempo events (100.0-165.0); bpm = median beat,4/4,1.0,bass pad guitar seq drums
METAL,,Dimmu Borgir,Perfection Or Vanity-Outro,new,lmd,C,major,0.8,kk,60.0,single tempo,4/4,1.0,bass pad guitar lead drums
METAL,,Dokken,From The Beginning,80s,lmd,D,mixolydian,0.808,kk,131.0,16 tempo events (51.0-131.0); bpm = median beat,4/4,0.97,bass pad guitar lead drums
METAL,,Doro,I'll Be Holding On,80s,lmd,Eb,major,0.807,kk,138.0,single tempo,4/4,1.0,bass pad lead drums
METAL,,Doro,Tausend mal gelebt,90s,lmd,D,minor,0.815,kk,68.1,single tempo,4/4,1.0,bass chord pad keys guitar lead fx drums
METAL,,Doro Pesch,Love Me In Black - Album Version,?,lmd,G,major,0.936,kk,88.0,single tempo,4/4,1.0,bass pad guitar lead drums
METAL,,EDGUY,Babylon,90s,lmd,E,major,0.928,kk,162.0,173 tempo events (20.0-162.0); bpm = median beat,4/4,1.0,bass pad keys guitar lead drums
METAL,,Eisregen,Einklang (Demo 96),90s,lmd,A,minor,0.866,kk,104.0,147 tempo events (64.0-192.0); bpm = median beat,4/4,0.992,bass pad keys guitar lead drums
METAL,,Elevator To Hell,Mercyful Fate (Album),90s,lmd,A,minor,0.894,kk,90.0,single tempo,4/4,1.0,bass chord pad keys guitar lead arp seq fx drums
METAL,,Epica,Under The Sun,?,lmd,Db,mixolydian,0.742,kk,139.0,single tempo,4/4,1.0,bass chord pad guitar lead arp fx drums
METAL,,Evanescence,Whisper,new,lmd,D,minor,0.859,kk,91.0,single tempo,4/4,1.0,bass chord pad guitar lead drums
METAL,,Faster Pussycat,Nonstop To Nowhere (LP Version),80s,lmd,A,major,0.869,kk,129.0,single tempo,4/4,1.0,bass keys guitar lead drums
METAL,,Fates Warning,Closer To The Heart,90s,lmd,G,lydian,0.803,kk,140.0,6 tempo events (139.0-143.0); bpm = median beat,4/4,1.0,bass guitar lead drums
METAL,,Fireflight,Forever,new,lmd,Bb,major,0.808,kk,167.0,single tempo,4/4,1.0,keys fx drums
METAL,,Florian Silbereisen,Links a Madl_ rechts a Madl,90s,lmd,F,major,0.93,kk,105.0,single tempo,4/4,1.0,bass chord keys guitar lead seq drums
METAL,,Frameshift,La Mer (Album Version),new,lmd,D,major,0.896,kk,72.0,34 tempo events (19.0-72.0); bpm = median beat,4/4,1.0,bass chord pad keys guitar lead fx drums
METAL,,Grand Funk Railroad,We're An American Band (Live) (24-Bit Remastered 02) (2003 Digital Remaster),80s,lmd,G,major,0.678,kk,132.0,single tempo,4/4,1.0,bass keys guitar lead drums
METAL,,GRAVEWORM,Beauty Of Malice,new,lmd,G,minor,0.782,kk,130.0,6 tempo events (125.0-200.0); bpm = median beat,4/4,0.989,bass pad guitar seq drums
METAL,,Guns N' Roses,Don't Cry,80s,lmd,B,mixolydian,0.86,kk,68.0,6 tempo events (38.0-68.0); bpm = median beat,4/4,1.0,bass pad keys guitar lead drums
METAL,,Halestorm,It's Not You (Live),new,lmd,G,major,0.851,kk,120.0,single tempo,4/4,1.0,bass chord pad keys guitar lead drums
METAL,,HAMMERFALL,A legend reborn,new,lmd,Ab,minor,0.904,kk,120.0,single tempo,4/4,1.0,bass guitar lead
METAL,,HAMMERFALL,Born To Rule,new,lmd,Eb,minor,0.862,kk,120.0,single tempo,2/4,0.984,bass guitar drums
METAL,,HAMMERFALL,Glory to the brave,90s,lmd,D,minor,0.861,kk,120.0,single tempo,4/4,1.0,bass keys guitar drums
METAL,,HAMMERFALL,Heeding The Call,90s,lmd,Ab,minor,0.82,kk,138.0,single tempo,4/4,1.0,bass lead drums
METAL,,HAMMERFALL,On The Edge Of Honour,new,lmd,Ab,minor,0.905,kk,145.0,single tempo,4/4,1.0,bass guitar lead drums
METAL,,HEATHEN,DEATH ON TWO LEGS,new,lmd,D,major,0.856,kk,126.0,64 tempo events (42.0-131.0); bpm = median beat,4/4,0.973,bass pad keys guitar drums
METAL,,Heavenly,Gidea Park,80s,lmd,G,major,0.906,kk,127.0,single tempo,4/4,1.0,bass keys guitar lead drums
METAL,,Helloween,Dr. Stein,80s,lmd,G,major,0.873,kk,145.0,2 tempo events (45.0-145.0); bpm = median beat,2/4,0.982,bass keys guitar lead arp drums
METAL,,In Flames,Only For The Weak,new,lmd,C,minor,0.868,kk,105.0,single tempo,4/4,1.0,bass guitar lead drums
METAL,,In This Moment,All For You,new,lmd,E,minor,0.852,kk,144.0,single tempo,4/4,1.0,bass keys guitar lead drums
METAL,,Iron Maiden,Run To The Hills (1998 Digital Remaster),80s,lmd,G,mixolydian,0.832,kk,168.0,2 tempo events (136.0-168.0); bpm = median beat,4/4,1.0,bass guitar lead drums
METAL,,Iron Maiden,The Aftermath,80s,lmd,G,mixolydian,0.803,kk,75.0,10 tempo events (45.0-246.0); bpm = median beat,4/4,1.0,bass guitar lead drums
METAL,,J.B.O.,Wir ham 'ne Party,90s,lmd,Bb,minor,0.972,kk,108.0,2 tempo events (108.0-108.0); bpm = median beat,4/4,1.0,bass chord pad keys lead fx drums
METAL,,Jani Lane (formerly of Warrant),Photograph,new,lmd,E,minor,0.824,kk,123.5,single tempo,4/4,1.0,bass chord guitar seq drums
METAL,,Judas Priest,Breaking The Law,80s,lmd,A,minor,0.92,kk,163.0,single tempo,4/4,1.0,bass guitar lead drums
METAL,,Judas Priest,Grinder,80s,lmd,A,mixolydian,0.73,kk,147.0,single tempo,4/4,1.0,bass guitar lead drums
METAL,,Judas Priest,Locked In,80s,lmd,D,major,0.826,kk,165.0,single tempo,4/4,1.0,bass guitar lead drums
METAL,,Judas Priest,The Ripper,80s,lmd,A,minor,0.834,kk,157.0,single tempo,4/4,0.954,bass guitar lead drums
METAL,,Kabat,ZIZEN,?,lmd,E,mixolydian,0.702,kk,147.0,single tempo,4/4 (none),1.0,bass chord guitar
METAL,,Kalmah,Rust Never Sleeps,new,lmd,Db,minor,0.896,kk,128.0,3 tempo events (80.0-128.0); bpm = median beat,4/4 (none),1.0,bass pad keys lead seq drums
METAL,,Katra,Valkeus,new,lmd,Gb,lydian,0.78,kk,74.0,single tempo,4/4,1.0,bass chord pad lead
METAL,,Kidz Bop Kids,If I Were A Boy,new,lmd,Gb,major,0.955,kk,92.0,12 tempo events (74.6-92.2); bpm = median beat,4/4,1.0,bass pad keys guitar lead seq drums
METAL,,King Diamond,A Secret,?,lmd,D,mixolydian,0.587,kk,180.0,single tempo,4/4,1.0,bass guitar drums
METAL,,King Diamond,Abigail (Reissue) (Album Version),?,lmd,E,minor,0.857,kk,146.0,single tempo,4/4,0.989,bass guitar drums
METAL,,King Diamond,I'm Not A Stranger,?,lmd,Gb,minor,0.718,kk,116.0,single tempo,4/4,1.0,bass guitar drums
METAL,,King Diamond,The Poltergeist,?,lmd,E,mixolydian,0.749,kk,134.0,2 tempo events (41.0-134.0); bpm = median beat,4/4,1.0,bass guitar seq drums
METAL,,King Diamond,Voodoo,?,lmd,E,phrygian,0.847,kk,178.0,single tempo,4/4,1.0,bass guitar lead drums
METAL,,Korn,Shot Liver Medley,90s,lmd,E,minor,0.855,kk,154.0,2 tempo events (144.0-154.0); bpm = median beat,4/4,1.0,bass guitar lead drums
METAL,,Lacuna Coil,Heaven's A Lie,new,lmd,E,minor,0.924,kk,70.0,single tempo,4/4,0.976,bass keys guitar drums
METAL,,Linkin Park,Papercut [Recorded Live At BBC1],new,lmd,Db,minor,0.82,kk,150.0,single tempo,4/4,1.0,bass pad guitar lead drums
METAL,,Little Angels,The First Cut Is The Deepest,90s,lmd,C,major,0.866,kk,83.0,single tempo,4/4,1.0,bass pad keys guitar lead drums
METAL,,Lordi,Devil Is A Loser,new,lmd,C,minor,0.784,bass-relative,144.0,single tempo,1/8,0.992,bass keys guitar drums
METAL,,Lovehatehero,Intro,new,lmd,Ab,minor,0.708,kk,160.0,single tempo,4/4 (none),1.0,bass lead seq drums
METAL,,Machine Head,Desire To Fire (Album Version),?,lmd,B,lydian,0.627,kk,101.0,single tempo,4/4,1.0,bass pad drums
METAL,,Madder Mortem,Life_ Lust & Liberty,new,lmd,E,major,0.905,kk,120.0,single tempo,4/4,1.0,bass chord pad keys guitar lead drums
METAL,,Manowar,Thor (The Powerhead),80s,lmd,E,minor,0.836,kk,80.0,15 tempo events (50.0-150.0); bpm = median beat,4/4,1.0,pad keys guitar seq drums
METAL,,Megadeth,99 Ways To Die,80s,lmd,E,phrygian,0.659,kk,160.0,single tempo,4/4,0.994,bass guitar drums
METAL,,Mercyful Fate,Melissa (Album Version),80s,lmd,A,minor,0.781,kk,100.0,single tempo,4/4,1.0,bass guitar drums
METAL,,Metallica,Hit The Lights,80s,lmd,A,mixolydian,0.811,kk,160.0,single tempo,4/4,0.816,bass guitar drums
METAL,,Metallica,I Disappear,new,lmd,Eb,minor,0.909,kk,120.0,single tempo,4/4,1.0,bass guitar lead drums
METAL,,Metallica,No Leaf Clover,90s,lmd,Eb,minor,0.88,kk,78.0,23 tempo events (72.0-78.0); bpm = median beat,2/16,0.814,bass chord pad guitar lead drums
METAL,,Metallica,The Unforgiven II,90s,lmd,B,major,0.838,kk,130.0,314 tempo events (41.0-131.0); bpm = median beat,4/4,1.0,bass chord guitar drums
METAL,,Moonspell,Capricorn At Her Feet,new,lmd,E,minor,0.852,kk,123.0,36 tempo events (75.0-123.0); bpm = median beat,4/4,0.994,bass guitar fx drums
METAL,,Moonspell,Crystal Gazing,new,lmd,A,minor,0.791,kk,140.0,7 tempo events (70.0-140.0); bpm = median beat,4/4,1.0,bass guitar lead drums
METAL,,Moonspell,Mephisto,90s,lmd,A,minor,0.862,kk,60.0,single tempo,4/4,1.0,bass guitar lead drums
METAL,,Moonspell,Of Dream And Drama,90s,lmd,B,minor,0.803,kk,70.0,4 tempo events (70.0-120.0); bpm = median beat,4/4,0.985,bass keys guitar fx drums
METAL,,Morbid Angel,Place Of Many Deaths (Demo) (Bonus),new,lmd,D,minor,0.899,kk,67.0,single tempo,4/4,1.0,bass keys guitar lead drums
METAL,,Naer Mataron,As The Clouds Of War Gather,new,lmd,G,major,0.946,kk,140.0,single tempo,4/4,1.0,keys lead drums
METAL,,Nightwish,Deep Silent Complete,new,lmd,A,minor,0.907,kk,120.0,4 tempo events (70.0-125.0); bpm = median beat,4/4,1.0,bass pad guitar lead drums
METAL,,Nightwish,Etiäinen,90s,lmd,E,minor,0.902,kk,123.0,single tempo,4/4 (none),1.0,bass pad keys guitar lead drums
METAL,,Nightwish,Ever Dream,new,lmd,G,minor,0.809,kk,150.0,single tempo,4/4,1.0,bass chord pad keys guitar lead arp drums
METAL,,Nightwish,Swanheart,90s,lmd,D,major,0.988,kk,95.0,5 tempo events (60.0-95.0); bpm = median beat,4/4,1.0,bass pad keys guitar lead drums
METAL,,Nocturnal Rites,Afterlife,new,lmd,F,minor,0.803,kk,150.0,single tempo,4/4,1.0,bass guitar lead drums
METAL,,Norther,Omen,new,lmd,E,minor,0.721,kk,140.0,single tempo,4/4,1.0,bass pad lead arp
METAL,,Ozzy Osbourne,I Don't Know,80s,lmd,G,major,0.928,kk,140.0,33 tempo events (60.0-140.0); bpm = median beat,4/4,1.0,bass pad keys lead
METAL,,P.O.D.,Youth Of The Nation (2006 Remastered Album Version),?,lmd,C,minor,0.897,kk,98.0,single tempo,4/4,1.0,bass guitar fx drums
METAL,,Pantera,10's  (LP Version),90s,lmd,Eb,phrygian,0.493,kk,111.0,single tempo,4/4,1.0,bass guitar drums
METAL,,Pantera,Domination  (LP Version),80s,lmd,E,phrygian,0.713,kk,140.0,60 tempo events (82.0-280.0); bpm = median beat,4/4,1.0,bass guitar lead seq drums
METAL,,Pantera,Drag The Waters (LP Version),90s,lmd,Db,phrygian,0.681,kk,126.0,single tempo,4/4,0.962,bass guitar drums
METAL,,PRIMAL FEAR,Metal Gods,new,lmd,Gb,minor,0.653,kk,105.0,single tempo,4/4,1.0,bass guitar lead drums
METAL,,PUSH PUSH,Anytime,?,lmd,G,dorian,0.786,kk,128.0,single tempo,4/4,1.0,bass chord pad keys guitar fx drums
METAL,,Queensryche,Lady Jane,80s,lmd,D,minor,0.803,kk,68.0,74 tempo events (10.0-68.0); bpm = median beat,4/4,1.0,bass keys guitar lead arp drums
METAL,,Riot,Buried Alive (Tell Tale Heart),80s,lmd,G,major,0.94,kk,64.0,single tempo,4/4,1.0,bass pad keys guitar drums
METAL,,Rush,Working Man,?,lmd,E,minor,0.721,kk,150.0,single tempo,4/4,1.0,bass guitar lead drums
METAL,,Samael,Baphomet's Throne,80s,lmd,Db,minor,0.84,kk,170.0,single tempo,4/4,0.949,bass pad guitar lead drums
METAL,,Scorpions,White Dove,80s,lmd,C,major,0.852,kk,68.0,6 tempo events (38.0-70.0); bpm = median beat,4/4,1.0,bass pad guitar lead drums
METAL,,Sentenced,Aika Multaa Muistot (everything Is Nothing),new,lmd,D,minor,0.913,kk,100.0,single tempo,4/4,1.0,bass pad keys guitar lead fx drums
METAL,,Sentenced,Digging The Grave,90s,lmd,E,minor,0.683,kk,164.0,single tempo,4/4,1.0,bass guitar lead drums
METAL,,Slayer,Mandatory Suicide,80s,lmd,Eb,phrygian,0.677,kk,156.0,single tempo,4/4,0.903,guitar drums
METAL,,Spiritus Mortis,The Dawn,new,lmd,D,minor,0.783,kk,128.0,single tempo,4/4,1.0,bass pad keys lead arp drums
METAL,,Squealer,Rebel Yell,?,lmd,B,minor,0.905,kk,168.0,single tempo,4/4,1.0,bass pad keys guitar lead fx
METAL,,STRATOVARIUS,Hunting high and low,new,lmd,Db,minor,0.775,kk,189.0,10 tempo events (70.0-189.0); bpm = median beat,4/4,1.0,bass pad keys guitar lead drums
METAL,,Symphony X,The eyes of medusa,90s,lmd,Eb,minor,0.722,kk,120.0,single tempo,6/8,0.588,bass pad arp drums
METAL,,System of a Down,Aerials,new,lmd,C,minor,0.793,kk,160.0,5 tempo events (155.0-160.0); bpm = median beat,4/4,1.0,bass guitar drums
METAL,,System of a Down,B.Y.O.B.,new,lmd,Db,minor,0.781,kk,160.0,7 tempo events (107.0-160.0); bpm = median beat,4/4,0.868,bass chord guitar lead drums
METAL,,System of a Down,Ego Brain,new,lmd,D,phrygian,0.783,kk,130.0,2 tempo events (115.0-130.0); bpm = median beat,4/4,1.0,bass guitar lead arp drums
METAL,,System of a Down,Lost In Hollywood,new,lmd,Ab,minor,0.896,kk,150.0,single tempo,4/4,1.0,bass chord guitar seq drums
METAL,,System of a Down,Roulette,new,lmd,Ab,major,0.741,kk,125.0,17 tempo events (100.0-125.0); bpm = median beat,4/4,1.0,pad guitar
METAL,,Teräsbetoni,Metallisydän radio edit,?,lmd,F,major,0.968,kk,120.0,2 tempo events (80.0-120.0); bpm = median beat,4/4,1.0,bass pad lead
METAL,,The Beach Boys,Heroes And Villains (2001 Digital Remaster),new,lmd,Ab,mixolydian,0.886,kk,140.0,77 tempo events (51.0-140.0); bpm = median beat,4/4,1.0,bass pad keys guitar lead seq drums
METAL,,The Michael Schenker Group,Rock Will Never Die (Walk The Stage) (US Version) (2009 Digital Remaster),?,lmd,E,minor,0.78,kk,96.0,single tempo,4/4 (none),1.0,bass pad keys guitar lead seq drums
METAL,,The Musical Tribute to the Sims,Enter Sandman (Simlish Tribute to Metallica),?,lmd,E,major,0.8,kk,123.0,single tempo,1/8,0.994,bass guitar drums
METAL,,Theatre Of Tragedy,Intro / And When He Falleth,new,lmd,F,major,0.924,kk,118.0,single tempo,4/4,1.0,bass keys guitar drums
METAL,,THERION,Seven Secrets Of The Sphinx,new,lmd,E,phrygian,0.69,kk,100.0,single tempo,5/8,0.989,bass chord pad guitar arp drums
METAL,,THERION,Up to netzach,90s,lmd,C,major,0.954,kk,100.0,single tempo,4/4,1.0,bass pad keys guitar drums
METAL,,Tiamat,Love Is As Good As Soma,new,lmd,A,minor,0.891,kk,62.0,single tempo,4/4,0.955,bass chord pad keys guitar lead drums
METAL,,TO/DIE/FOR,(I Just) Died In Your Arms,new,lmd,A,mixolydian,0.809,kk,127.0,single tempo,4/4,1.0,bass chord pad guitar lead drums
METAL,,Trivium,Like Light To The Flies,new,lmd,D,minor,0.958,kk,107.0,3 tempo events (107.0-150.0); bpm = median beat,4/4,1.0,bass guitar lead drums
METAL,,Ugly Kid Joe,Everything About You,80s,lmd,Db,major,0.814,kk,120.0,3 tempo events (109.9-120.0); bpm = median beat,4/4,1.0,bass guitar lead drums
METAL,,Ultraspank,No_ Man My Hands Are Dirty,90s,lmd,A,minor,0.771,kk,70.0,65 tempo events (30.0-165.0); bpm = median beat,4/4,0.957,bass chord pad keys guitar lead seq drums
METAL,,Van Halen,Love Walks In (Live Version),80s,lmd,C,mixolydian,0.939,kk,88.0,single tempo,4/4,1.0,bass keys drums
METAL,,Vanden Plas,Georgia on my mind,90s,lmd,Db,minor,0.916,kk,87.0,4 tempo events (40.0-87.0); bpm = median beat,4/4,1.0,bass chord pad keys lead drums
METAL,,Venom,Firelight,?,lmd,Db,minor,0.717,kk,110.0,2 tempo events (110.0-120.0); bpm = median beat,4/4,0.993,bass guitar lead drums
METAL,,Warmen,Somebody's Watching Me,new,lmd,A,major,0.613,kk,122.0,2 tempo events (122.0-250.0); bpm = median beat,4/4,1.0,bass lead drums
METAL,,Within Temptation,Ice Queen [Acoustic],new,lmd,Ab,minor,0.821,kk,98.0,single tempo,4/4,1.0,bass chord pad keys guitar lead drums
METAL,,Within Temptation,Memories (Album Version),new,lmd,Db,major,0.915,kk,89.0,single tempo,4/4,1.0,bass pad keys lead drums
METAL,,Within Temptation,Stand My Ground - Live in Eindhoven 2008,new,lmd,F,minor,0.908,kk,88.0,single tempo,4/4,1.0,bass chord pad guitar lead arp seq drums
METAL,,XYZ,Maggy,?,lmd,C,major,0.882,kk,122.0,single tempo,4/4,1.0,bass keys guitar lead drums
METAL,,Yngwie Malmsteen's Rising Force,I Am A Viking,80s,lmd,Eb,minor,0.893,kk,72.2,single tempo,2/4,0.991,bass guitar lead drums
METAL,,Åsa Fång,Hur visar jag min kärlek? (I Dont Know How To Love Him),?,lmd,D,major,0.976,kk,68.0,single tempo,4/4,1.0,bass lead seq
NEW WAVE,,a flock of seagulls,,80s,lamd,A,minor,0.646,kk,144.0,single tempo,4/4,1.0,bass pad guitar lead drums
NEW WAVE,,a flock of seagulls,,80s,lamd,A,minor,0.68,kk,144.0,single tempo,4/4,1.0,bass pad guitar lead drums
NEW WAVE,,A Flock Of Seagulls,I Ran,80s,lmd,A,minor,0.796,kk,140.0,single tempo,4/4,1.0,bass guitar lead drums
NEW WAVE,,A Flock Of Seagulls,Modern Love Is Automatic,80s,lmd,B,mixolydian,0.898,kk,113.0,single tempo,4/4,1.0,bass pad guitar lead drums
NEW WAVE,,A Flock Of Seagulls,Wishing (If I Had A Photograph Of You),80s,lmd,Eb,minor,0.904,kk,120.0,single tempo,4/4,0.994,bass pad keys guitar lead drums
NEW WAVE,,After The Fire,Frozen Rivers,80s,lmd,F,major,0.967,kk,133.0,single tempo,4/4,1.0,bass pad keys lead drums
NEW WAVE,,Amilcar,Second Promise,?,lmd,C,major,0.963,kk,77.0,single tempo,4/4,1.0,bass pad keys guitar drums
NEW WAVE,,Animotion,Obsession,80s,lmd,G,mixolydian,0.838,kk,114.0,4 tempo events (114.0-115.0); bpm = median beat,4/4,1.0,bass chord pad guitar lead fx drums
NEW WAVE,,Any Trouble,Dimming Of The Light,80s,lmd,C,major,0.914,kk,88.0,7 tempo events (44.0-88.0); bpm = median beat,4/4,1.0,bass keys guitar lead seq drums
NEW WAVE,,Bananarama,Cruel Summer (Digital mix),new,lmd,Db,minor,0.859,kk,108.0,single tempo,4/4,1.0,bass keys guitar lead arp drums
NEW WAVE,,Berlin,Take My Breath Away,80s,lmd,Eb,mixolydian,0.793,kk,96.0,single tempo,4/4,1.0,bass pad keys guitar lead drums
NEW WAVE,,big country,,80s,lamd,E,major,0.933,kk,140.0,single tempo,4/4,1.0,bass pad keys guitar lead drums
NEW WAVE,,Billy Idol,White Wedding - Part 1 (Edit),80s,lmd,B,minor,0.828,kk,150.0,single tempo,4/4,1.0,bass pad guitar lead drums
NEW WAVE,,Biquini Cavadão,Impossivel,80s,lmd,A,major,0.905,kk,136.0,single tempo,4/4,1.0,bass keys guitar lead drums
NEW WAVE,,Blaine L. Reininger,One-Way Man,new,lmd,D,major,0.751,kk,74.0,8 tempo events (20.0-74.0); bpm = median beat,4/4,0.971,bass pad keys guitar lead arp drums
NEW WAVE,,Blondie,Dreaming,80s,lmd,D,major,0.949,kk,164.0,2 tempo events (120.0-164.0); bpm = median beat,4/4,0.992,bass pad keys guitar lead drums
NEW WAVE,,Blondie,One Way Or Another,80s,lmd,Gb,minor,0.781,kk,163.8,2 tempo events (120.0-163.8); bpm = median beat,4/4,0.967,bass pad keys guitar lead drums
NEW WAVE,,Blondie,Rapture (Us Disco Version) (1999 Digital Remaster),80s,lmd,E,minor,0.893,kk,108.0,single tempo,4/4,1.0,bass chord keys guitar lead drums
NEW WAVE,,Blondie,Sunday Girl (Live),80s,lmd,E,mixolydian,0.924,kk,144.8,2 tempo events (120.0-144.8); bpm = median beat,4/4,0.992,bass pad keys guitar lead drums
NEW WAVE,,Blue Orchids,Sleepy Town,new,lmd,A,major,0.855,kk,123.0,single tempo,4/4,1.0,bass pad keys guitar lead drums
NEW WAVE,,Bluvertigo,L'Assenzio (The Power Of Nothing),new,lmd,Ab,minor,0.812,kk,130.0,single tempo,4/4 (none),1.0,bass pad keys guitar lead seq drums
NEW WAVE,,Capital Inicial,De Musica Ligera,new,lmd,D,major,0.869,kk,106.0,single tempo,4/4,1.0,bass pad keys guitar lead arp seq drums
NEW WAVE,,Cheap Trick,Southern Girls,80s,lmd,E,major,0.932,kk,150.0,single tempo,4/4,1.0,bass guitar drums
NEW WAVE,,Climie Fisher,Precious Moments,80s,lmd,C,major,0.784,kk,74.0,single tempo,4/4 (none),1.0,bass pad keys guitar lead drums
NEW WAVE,,Cristina,Heidi,?,lmd,C,major,0.887,kk,115.0,single tempo,4/4,1.0,bass chord pad keys lead drums
NEW WAVE,,Culture Club,Do You Really Want To Hurt Me (Live),80s,lmd,G,major,0.872,kk,100.0,single tempo,4/4,1.0,bass chord pad guitar lead drums
NEW WAVE,,Cyndi Lauper,Girls Just Want To Have Fun,80s,lmd,Gb,major,0.954,kk,120.0,single tempo,4/4,1.0,bass chord pad keys lead seq drums
NEW WAVE,,D Day,D-Day [Rogers Raw Mix],?,lmd,Ab,mixolydian,0.838,kk,100.0,single tempo,4/4,1.0,bass chord guitar lead seq drums
NEW WAVE,,Devo,Whip It,80s,lmd,A,minor,0.662,kk,165.0,single tempo,4/4,1.0,bass keys lead drums
NEW WAVE,,Devo,Working In A Coal Mine,80s,lmd,C,mixolydian,0.826,kk,160.0,single tempo,4/4 (none),1.0,bass keys guitar lead drums
NEW WAVE,,Dexy's Midnight Runners,Keep It,80s,lmd,A,major,0.905,kk,101.0,3 tempo events (55.0-101.0); bpm = median beat,4/4,0.98,bass guitar lead drums
NEW WAVE,,Die Perlen,Who is to blame,new,lmd,D,dorian,0.77,kk,130.1,single tempo,4/2,0.994,bass pad lead arp seq fx drums
NEW WAVE,,Dinamita Pa Los Pollos,Flores Y Gasoil,?,lmd,E,major,0.942,kk,115.0,single tempo,4/4,1.0,bass pad guitar lead drums
NEW WAVE,,Divinyls,Boys In Town,80s,lmd,A,major,0.846,kk,155.0,single tempo,4/4,1.0,bass guitar lead drums
NEW WAVE,,Duran Duran,Hungry Like The Wolf (Live),new,lmd,C,major,0.774,kk,128.0,single tempo,4/4,1.0,bass chord pad guitar lead drums
NEW WAVE,,Duran Duran,I Believe (Medley),80s,lmd,G,major,0.859,kk,118.0,single tempo,4/4,1.0,bass keys guitar lead drums
NEW WAVE,,Duran Duran,Planet Earth,80s,lmd,D,dorian,0.8,kk,132.0,2 tempo events (120.0-132.0); bpm = median beat,4/4,0.993,bass chord guitar lead seq drums
NEW WAVE,,Duran Duran,Rio (Carnival Version) (1999 Digital Remaster),80s,lmd,E,mixolydian,0.8,kk,131.0,single tempo,4/4,1.0,bass chord pad guitar lead seq drums
NEW WAVE,,Duran Duran,Union Of The Snake (Live) (2004 Digital Remaster),80s,lmd,B,minor,0.916,kk,115.0,2 tempo events (115.0-120.0); bpm = median beat,4/4,0.992,bass pad keys guitar lead seq drums
NEW WAVE,,Döf,Codo,80s,lmd,G,major,0.959,kk,161.0,single tempo,4/4,1.0,bass chord pad guitar drums
NEW WAVE,,elvis costello,,80s,lamd,C,mixolydian,0.794,kk,80.0,single tempo,4/4,1.0,bass keys guitar seq
NEW WAVE,,Elvis Costello & The Attractions,Green Shirt,80s,lmd,F,major,0.875,kk,90.0,9 tempo events (82.0-90.0); bpm = median beat,4/4,1.0,bass pad keys guitar lead arp drums
NEW WAVE,,Eurogliders,Another Day In The Big World,80s,lmd,D,major,0.942,kk,120.0,single tempo,4/4,1.0,bass chord keys lead drums
NEW WAVE,,Falco,Ganz Wien,80s,lmd,C,major,0.972,kk,116.0,single tempo,4/4,1.0,bass pad guitar lead seq drums
NEW WAVE,,Falco,Jeanny_ Part 1 (Live Version),90s,lmd,A,minor,0.813,kk,106.0,single tempo,4/4,1.0,bass pad keys guitar lead drums
NEW WAVE,,Falco,No Answer (Hallo Deutschland),80s,lmd,A,minor,0.803,kk,120.0,single tempo,4/4,1.0,bass guitar arp drums
NEW WAVE,,Falco,Out Of The Dark,90s,lmd,A,minor,0.926,kk,71.0,single tempo,4/4,1.0,bass pad keys guitar seq drums
NEW WAVE,,Falco,Rock Me Amadeus (Ihn liebten alle Frauen...) - ( Live Version ),90s,lmd,A,mixolydian,0.755,kk,89.0,single tempo,4/4 (none),1.0,bass chord pad keys guitar arp seq drums
NEW WAVE,,Fischer-Z,So Long,80s,lmd,F,major,0.757,kk,136.0,single tempo,4/4 (none),1.0,bass chord keys guitar lead drums
NEW WAVE,,foster the people,,new,lamd,Eb,major,0.868,kk,125.0,single tempo,4/4,1.0,bass keys guitar lead drums
NEW WAVE,,Friendly Fires,Paris (Aeroplane Remix),new,lmd,E,major,0.932,kk,104.0,single tempo,4/4,1.0,bass pad keys guitar lead drums
NEW WAVE,,Frl.Menke,Traumboy,80s,lmd,E,major,0.941,kk,110.0,single tempo,4/4 (none),1.0,bass pad guitar lead drums
NEW WAVE,,gary numan,,80s,lamd,C,major,0.738,kk,145.0,single tempo,4/4,1.0,bass pad guitar lead drums
NEW WAVE,,gary numan,,80s,lamd,C,mixolydian,0.801,kk,92.0,single tempo,4/4,0.972,bass chord keys guitar lead arp drums
NEW WAVE,,Gary Numan,Bleed,80s,lmd,D,minor,0.932,kk,156.0,single tempo,4/4,1.0,bass lead arp fx drums
NEW WAVE,,Gary Numan,Cars (live 81),80s,lmd,D,major,0.676,kk,130.0,single tempo,4/4,1.0,bass lead seq drums
NEW WAVE,,Graham Parker,Back Door Love,90s,lmd,C,major,0.96,kk,128.0,single tempo,4/4,1.0,bass keys guitar lead seq drums
NEW WAVE,,Guadalcanal Diary,And Your Bird Can Sing (LP Version),80s,lmd,E,major,0.976,kk,120.0,single tempo,4/4,1.0,bass guitar lead drums
NEW WAVE,,Holiday With Maggie,Moments Of Goodbye,?,lmd,D,major,0.768,kk,120.0,single tempo,4/4,1.0,keys
NEW WAVE,,Hubert Kah,Rosemarie,80s,lmd,E,phrygian,0.819,kk,182.0,single tempo,4/4,1.0,bass chord pad keys guitar lead fx drums
NEW WAVE,,Hue And Cry,Looking For Linda (Gospel On The Track Mix),80s,lmd,C,major,0.975,kk,98.0,2 tempo events (98.0-200.0); bpm = median beat,4/4,1.0,bass pad keys guitar lead drums
NEW WAVE,,Human League,"Tell Me When (7"" Edit)",80s,lmd,Ab,major,0.931,kk,120.0,single tempo,4/4,1.0,bass pad keys lead seq drums
NEW WAVE,,Ian Gomm,Hearts On Fire,?,lmd,A,minor,0.733,kk,141.0,single tempo,4/4,1.0,bass guitar drums
NEW WAVE,,Ideal,Blaue Augen,?,lmd,Ab,major,0.877,kk,185.0,2 tempo events (106.0-185.0); bpm = median beat,4/4,1.0,bass chord keys guitar lead drums
NEW WAVE,,inxs,,80s,lamd,D,mixolydian,0.788,kk,123.0,single tempo,4/4,1.0,bass chord guitar lead drums
NEW WAVE,,IXI,Der Knutschfleck,80s,lmd,E,major,0.964,kk,131.0,single tempo,4/4,1.0,bass chord pad keys guitar lead seq drums
NEW WAVE,,Joe Cocker & Jennifer Warnes,Up Where We Belong,80s,lmd,D,mixolydian,0.767,kk,68.0,13 tempo events (32.0-68.0); bpm = median beat,4/4,1.0,bass pad keys guitar lead drums
NEW WAVE,,joe jackson,,80s,lamd,Gb,mixolydian,0.769,kk,158.0,single tempo,4/4,1.0,bass keys lead drums
NEW WAVE,,John Cooper Clarke,A Heart Disease Called Love,80s,lmd,C,major,0.958,kk,164.0,single tempo,4/4,1.0,bass pad guitar lead drums
NEW WAVE,,John Otway,Delilah,80s,lmd,G,minor,0.798,bass-relative,99.0,single tempo,4/4 (none),1.0,bass chord pad keys guitar lead arp seq drums
NEW WAVE,,Josie Cotton,Bye Bye Baby (LP Version),?,lmd,G,major,0.97,kk,130.0,single tempo,4/4,1.0,bass pad keys guitar lead fx drums
NEW WAVE,,Katrina & The Waves,Walking On Sunshine,80s,lmd,Eb,major,0.737,kk,109.0,single tempo,4/4,1.0,bass lead drums
NEW WAVE,,Katrina And The Waves,Walking On Sunshine,80s,lmd,Bb,major,0.848,kk,112.0,single tempo,4/4,1.0,bass chord pad keys drums
NEW WAVE,,Kirk Brandon,Prison Planet,?,lmd,G,major,0.819,kk,131.0,single tempo,4/4,1.0,bass pad guitar lead drums
NEW WAVE,,La Unión,Tren De Largo Recorrido,80s,lmd,D,minor,0.913,kk,123.0,34 tempo events (78.0-123.0); bpm = median beat,4/4,0.992,bass pad keys guitar lead seq drums
NEW WAVE,,Litfiba,Tex,80s,lmd,G,minor,0.899,kk,194.0,4 tempo events (97.0-194.0); bpm = median beat,4/4,1.0,bass pad guitar lead drums
NEW WAVE,,Living In A Box,Living In A Box (12'' Club Mix),80s,lmd,D,minor,0.919,kk,113.0,single tempo,4/4,1.0,bass chord keys guitar lead seq drums
NEW WAVE,,Madness,Baggy Trousers (Live At The Hammersmith Odeon),80s,lmd,F,major,0.756,kk,143.0,single tempo,4/4,0.937,bass keys guitar lead drums
NEW WAVE,,Mando Diao,Dance With Somebody,new,lmd,Gb,minor,0.795,kk,83.0,single tempo,4/4,1.0,bass chord keys guitar drums
NEW WAVE,,Marc Almond,Something's Gotten Hold Of My Heart,80s,lmd,Gb,minor,0.757,kk,98.0,single tempo,4/4,1.0,bass pad keys drums
NEW WAVE,,Martha And The Muffins,Echo Beach (2002 Digital Remaster),80s,lmd,A,minor,0.854,kk,162.0,single tempo,4/4,1.0,bass keys guitar lead drums
NEW WAVE,,Men Without Hats,The Safety Dance,80s,lmd,F,major,0.834,kk,100.0,2 tempo events (100.0-120.0); bpm = median beat,4/4,0.986,bass pad keys seq drums
NEW WAVE,,Metronomy,Heartbreaker [Kris Menace Remix],new,lmd,Ab,major,0.821,kk,126.0,2 tempo events (120.0-126.0); bpm = median beat,4/4,1.0,bass pad keys guitar lead seq drums
NEW WAVE,,Michael Been AKA The Call,Memory (Album Version),?,lmd,A,major,0.805,kk,70.0,single tempo,4/4,1.0,bass pad keys guitar lead drums
NEW WAVE,,Midge Ure,Fade To Grey,80s,lmd,A,minor,0.943,kk,112.0,3 tempo events (100.0-120.0); bpm = median beat,4/4,0.99,bass pad keys guitar lead drums
NEW WAVE,,MIDIFine Systems,Just Can't Get Enough,?,lmd,C,major,0.86,kk,130.0,single tempo,4/4,1.0,bass chord pad lead seq drums
NEW WAVE,,Modern English,It's Ok,80s,lmd,A,major,0.887,kk,140.0,single tempo,4/4,1.0,bass guitar drums
NEW WAVE,,Morten Harket,Spanish Steps (Album Version),80s,lmd,C,lydian,0.724,bass-relative,93.0,single tempo,1/2,0.922,bass pad guitar lead drums
NEW WAVE,,Morthem Vlade Art,Dor Mee Än - Finale,90s,lmd,F,minor,0.899,kk,64.0,single tempo,4/4,1.0,bass chord pad keys guitar lead seq drums
NEW WAVE,,Naked Eyes,Always Something There To Remind Me,80s,lmd,D,mixolydian,0.886,kk,148.0,single tempo,4/4,1.0,bass chord pad keys lead fx drums
NEW WAVE,,Nash The Slash,Masquerade (Bedside Companion),?,lmd,C,major,0.941,kk,124.0,single tempo,4/4,1.0,bass pad keys guitar lead arp drums
NEW WAVE,,Nena,Auf dich und mich,90s,lmd,Gb,minor,0.834,bass-relative,75.0,single tempo,4/4,1.0,bass pad keys guitar lead arp drums
NEW WAVE,,Nena,Du kennst die Liebe nicht,80s,lmd,D,major,0.917,kk,61.0,33 tempo events (40.0-61.0); bpm = median beat,2/4,0.811,bass pad keys guitar lead drums
NEW WAVE,,Nena,Us And Them,90s,lmd,D,major,0.909,kk,72.0,4 tempo events (43.7-140.0); bpm = median beat,4/4,0.993,bass keys guitar lead drums
NEW WAVE,,New London Fire,Gremlin In The Machine,new,lmd,Db,major,0.942,kk,72.0,7 tempo events (53.0-72.0); bpm = median beat,4/4,1.0,bass pad keys guitar lead seq drums
NEW WAVE,,Nick Heyward,Blue Hat For A Blue Day,80s,lmd,E,phrygian,0.876,kk,130.0,single tempo,4/4,1.0,bass pad keys guitar lead drums
NEW WAVE,,No More,Suicide Commando '86 live Oberhausen Old Daddy,?,lmd,Eb,major,0.902,kk,148.0,single tempo,4/4,1.0,bass keys guitar lead drums
NEW WAVE,,oingo boingo,,80s,lamd,B,minor,0.728,kk,194.0,single tempo,4/4,0.965,bass keys guitar lead fx drums
NEW WAVE,,Os Replicantes,Frankestein Bonito,90s,lmd,E,major,0.722,kk,164.0,3 tempo events (146.0-164.0); bpm = median beat,4/4,1.0,bass chord keys guitar lead drums
NEW WAVE,,Phoenix,Heatwave,new,lmd,Db,mixolydian,0.838,kk,132.0,single tempo,4/4 (none),1.0,bass pad keys guitar lead drums
NEW WAVE,,Planet P Project,Good Little Soldiers (Album Version),?,lmd,A,major,0.867,kk,80.0,single tempo,4/4,1.0,bass keys guitar lead drums
NEW WAVE,,Ric Ocasek,Hopped Up,80s,lmd,A,mixolydian,0.787,kk,180.0,single tempo,4/4 (none),1.0,bass pad keys guitar lead drums
NEW WAVE,,Ruth,I'm The One Who Wants To Be With You,?,lmd,E,mixolydian,0.926,kk,83.0,single tempo,4/4,1.0,bass keys guitar lead drums
NEW WAVE,,Shiny Toy Guns,Rainy Monday (Bimbo Jones Radio Edit),new,lmd,C,major,0.922,kk,125.0,single tempo,4/4,1.0,bass keys guitar lead drums
NEW WAVE,,Shitdisco,OK - Yuksek Remix,?,lmd,Db,mixolydian,0.655,kk,132.0,single tempo,4/4,1.0,pad guitar lead arp seq fx drums
NEW WAVE,,Sigue Sigue Sputnik,Dancerama (Saxy Remix),?,lmd,D,major,0.93,kk,84.0,single tempo,2/4,0.718,bass chord pad guitar drums
NEW WAVE,,Simple Minds,Alive And Kicking (Edit),new,lmd,G,mixolydian,0.875,kk,103.0,single tempo,4/4,0.993,bass pad keys guitar lead drums
NEW WAVE,,Skids,Arena,80s,lmd,C,minor,0.881,kk,120.0,single tempo,4/4,1.0,bass pad keys guitar lead drums
NEW WAVE,,Spandau Ballet,Gold (12'' Mix),80s,lmd,Bb,minor,0.82,bass-relative,143.0,single tempo,4/4,1.0,bass pad keys guitar lead seq fx drums
NEW WAVE,,Spandau Ballet,Through The Barricades,80s,lmd,G,major,0.945,kk,72.0,2 tempo events (66.0-72.0); bpm = median beat,4/4,1.0,bass pad keys guitar lead seq fx drums
NEW WAVE,,Spandau Ballet,True,80s,lmd,G,major,0.948,kk,100.0,3 tempo events (50.0-100.0); bpm = median beat,4/4,1.0,bass pad keys guitar lead arp fx drums
NEW WAVE,,split enz,,80s,lamd,D,major,0.903,kk,125.0,3 tempo events (100.0-125.0); bpm = median beat,4/4,0.991,bass pad keys guitar lead drums
NEW WAVE,,squeeze,,80s,lamd,G,major,0.825,kk,70.0,5 tempo events (55.0-70.0); bpm = median beat,4/4,1.0,pad keys lead
NEW WAVE,,squeeze,,80s,lamd,F,major,0.796,kk,110.0,single tempo,4/4,1.0,bass pad guitar lead drums
NEW WAVE,,squeeze,,80s,lamd,C,major,0.971,kk,117.0,6 tempo events (116.0-117.0); bpm = median beat,4/4,1.0,bass pad keys guitar lead seq fx
NEW WAVE,,Squeeze,Tempted,80s,lmd,B,mixolydian,0.804,kk,95.0,single tempo,4/4,1.0,bass keys guitar drums
NEW WAVE,,Stray Cats,Intro,?,lmd,A,minor,0.909,kk,83.0,single tempo,4/4,1.0,bass chord pad keys lead
NEW WAVE,,Suicide Booth,Spacemans Return,new,lmd,A,minor,0.648,kk,120.0,single tempo,4/4,1.0,bass lead drums
NEW WAVE,,Talking Heads,Burning Down The House (Remastered LP Version ),new,lmd,F,major,0.648,kk,101.0,single tempo,4/4,1.0,bass chord pad keys guitar lead
NEW WAVE,,Talking Heads,Psycho Killer (Acoustic),new,lmd,C,major,0.958,kk,123.0,3 tempo events (120.0-123.0); bpm = median beat,4/4,1.0,bass chord pad guitar lead drums
NEW WAVE,,Talking Heads,The Big Country (Remastered & Expanded Version),80s,lmd,E,mixolydian,0.754,kk,119.0,6 tempo events (108.0-119.0); bpm = median beat,4/4,1.0,bass pad keys guitar lead drums
NEW WAVE,,Talking Heads,The Girls Want To Be With The Girls (Remastered & Expanded Version),80s,lmd,G,major,0.87,kk,125.0,single tempo,4/4,1.0,bass pad guitar lead seq drums
NEW WAVE,,Tears For Fears,Last Days On Earth,new,lmd,E,mixolydian,0.881,kk,90.0,single tempo,4/4,1.0,bass pad keys guitar lead fx drums
NEW WAVE,,Tears For Fears,Mad World,80s,lmd,Gb,minor,0.75,bass-relative,101.0,single tempo,4/4,1.0,bass guitar drums
NEW WAVE,,Tears For Fears,Shout (live Parc Des Princes),new,lmd,C,mixolydian,0.707,kk,98.0,single tempo,4/4,1.0,bass pad keys guitar lead arp drums
NEW WAVE,,Terry Hall,From Dawn To Distraction,80s,lmd,D,major,0.791,kk,118.0,42 tempo events (59.0-118.0); bpm = median beat,4/4,1.0,bass pad keys guitar lead drums
NEW WAVE,,The B-52's,Wig,80s,lmd,G,mixolydian,0.853,kk,125.0,single tempo,4/4,1.0,bass chord pad keys lead seq fx drums
NEW WAVE,,The B-52s,Eyes Wide Open,new,lmd,F,major,0.678,kk,181.0,3 tempo events (181.0-211.0); bpm = median beat,4/4,1.0,bass guitar drums
NEW WAVE,,The B-52s,Juliet of the Spirits (Glenn Morrison & Bruce Aisher Mix),new,lmd,B,major,0.787,kk,126.0,single tempo,4/4,1.0,bass pad guitar lead seq drums
NEW WAVE,,The Bluebells,Young At Heart,80s,lmd,D,major,0.692,kk,120.0,single tempo,4/4,1.0,bass pad guitar lead drums
NEW WAVE,,The Bravery,An Honest Mistake,new,lmd,D,dorian,0.755,kk,140.0,single tempo,4/4,1.0,bass chord pad keys guitar lead drums
NEW WAVE,,The Bravery,Time Won't Let Me Go,new,lmd,C,major,0.865,kk,76.0,single tempo,4/4,1.0,bass keys guitar lead drums
NEW WAVE,,The Buggles,Video Killed The Radio Star,80s,lmd,Db,major,0.953,kk,130.0,9 tempo events (98.0-130.0); bpm = median beat,4/4,1.0,bass chord pad keys guitar lead arp seq drums
NEW WAVE,,The Call,Alone Tonight,?,lmd,Gb,phrygian,0.779,kk,147.0,2 tempo events (147.0-153.0); bpm = median beat,4/4,1.0,bass guitar drums
NEW WAVE,,The Cars,Good Times Roll (LP Version),80s,lmd,B,minor,0.869,kk,109.0,single tempo,4/4,1.0,guitar lead drums
NEW WAVE,,The Cars,Heartbeat City (LP Version),80s,lmd,A,minor,0.828,kk,140.0,single tempo,4/4,1.0,bass chord pad keys guitar drums
NEW WAVE,,The Cars,My Best Friend's Girl (LP Version),80s,lmd,F,major,0.889,kk,120.0,single tempo,4/4,1.0,bass pad keys guitar lead drums
NEW WAVE,,The Cars,Tonight She Comes (LP Version),80s,lmd,F,major,0.916,kk,145.0,192 tempo events (87.0-248.0); bpm = median beat,4/4,1.0,bass seq fx drums
NEW WAVE,,The Go-Go's,Insincere,80s,lmd,D,major,0.864,kk,127.0,single tempo,4/4,1.0,bass pad keys guitar lead drums
NEW WAVE,,The Killers,Bones,new,lmd,A,major,0.858,kk,140.0,single tempo,4/4,1.0,bass guitar lead drums
NEW WAVE,,The Killers,Human,new,lmd,Bb,major,0.955,kk,69.0,single tempo,4/4,1.0,bass guitar lead seq drums
NEW WAVE,,The Killers,Jenny Was A Friend Of Mine,new,lmd,Eb,minor,0.872,kk,115.0,single tempo,4/4,1.0,bass guitar lead drums
NEW WAVE,,The Killers,When You Were Young,new,lmd,Ab,minor,0.935,kk,132.0,single tempo,4/4 (none),1.0,bass pad keys guitar lead fx drums
NEW WAVE,,The Mission District,So Over You,new,lmd,F,major,0.931,kk,135.0,single tempo,4/4,1.0,bass chord pad guitar lead seq drums
NEW WAVE,,The Monroes,How Strong Is Your Love,80s,lmd,G,major,0.932,kk,85.0,single tempo,4/4,1.0,bass chord pad keys guitar lead drums
NEW WAVE,,The Motels,Sweet Dreams (Are Made Of This),80s,lmd,C,minor,0.921,kk,124.0,single tempo,4/4,1.0,bass pad keys lead drums
NEW WAVE,,The New Cars,Just What I Needed,new,lmd,E,major,0.868,kk,130.0,single tempo,4/4,0.976,bass guitar lead drums
NEW WAVE,,The Police,Bring On The Night,80s,lmd,E,minor,0.782,bass-relative,127.0,9 tempo events (127.0-136.0); bpm = median beat,4/4,1.0,bass pad keys guitar lead arp drums
NEW WAVE,,The Police,Don't Stand So Close To Me,80s,lmd,G,mixolydian,0.808,kk,130.0,4 tempo events (120.0-142.0); bpm = median beat,4/4,0.995,bass guitar lead drums
NEW WAVE,,The Police,Every Little Thing She Does Is Magic,80s,lmd,D,major,0.815,kk,82.0,single tempo,4/4,0.989,bass chord pad keys guitar lead arp drums
NEW WAVE,,The Police,Message In A Bottle,80s,lmd,Db,minor,0.844,kk,154.0,single tempo,4/4,1.0,bass guitar lead
NEW WAVE,,The Police,Roxanne,80s,lmd,G,minor,0.966,kk,135.0,single tempo,1/4,0.667,bass keys guitar drums
NEW WAVE,,The Poppees,Apache (Live),?,lmd,A,minor,0.917,kk,132.0,single tempo,4/4,1.0,bass guitar lead drums
NEW WAVE,,the pretenders,,80s,lamd,C,major,0.807,kk,160.0,16 tempo events (33.0-160.0); bpm = median beat,4/4,1.0,bass lead
NEW WAVE,,the pretenders,,80s,lamd,Ab,major,0.932,kk,94.0,single tempo,4/4,1.0,bass pad lead drums
NEW WAVE,,The Pretenders,I'll Stand by You,80s,lmd,D,mixolydian,0.945,kk,135.0,single tempo,4/4,1.0,bass pad keys guitar lead drums
NEW WAVE,,The Pretenders,Middle Of The Road (Re-mastered for 'Pirate Radio'),80s,lmd,C,major,0.807,kk,160.0,16 tempo events (33.0-160.0); bpm = median beat,4/4,1.0,bass lead
NEW WAVE,,The Robocop Kraus,Ease The pain,new,lmd,G,major,0.954,kk,110.0,single tempo,4/4,1.0,bass chord pad keys drums
NEW WAVE,,The Romantics,Talking In Your Sleep,80s,lmd,F,major,0.823,kk,130.0,single tempo,4/4,1.0,bass keys guitar seq fx drums
NEW WAVE,,The Style Council,Shout To The Top,80s,lmd,G,major,0.929,kk,145.0,single tempo,4/4,1.0,bass chord pad keys guitar lead drums
NEW WAVE,,The Vapors,Turning Japanese,80s,lmd,G,mixolydian,0.832,kk,87.0,single tempo,4/4,0.976,bass chord keys guitar lead drums
NEW WAVE,,The Wild Swans,Now And Forever (Album Version),?,lmd,E,major,0.983,kk,138.0,single tempo,4/4,1.0,bass pad guitar seq drums
NEW WAVE,,Thompson Twins,Kamikaze,80s,lmd,F,major,0.86,kk,135.0,single tempo,4/4 (none),1.0,bass pad guitar lead drums
NEW WAVE,,Tino Casal,Mañana,80s,lmd,E,major,0.936,kk,126.0,single tempo,4/4,1.0,bass chord keys guitar drums
NEW WAVE,,Tom Verlaine,Last Night (LP Version),80s,lmd,G,major,0.868,kk,63.0,single tempo,4/4,1.0,bass chord keys lead drums
NEW WAVE,,Trancendental,Omuzdaki El,90s,lmd,G,major,0.932,kk,114.0,single tempo,4/4,1.0,bass chord pad keys guitar lead drums
NEW WAVE,,Tuff Darts,(Your Love Is Like) Nuclear Waste (LP Version),?,lmd,E,major,0.865,kk,126.0,single tempo,4/4 (none),1.0,bass pad guitar lead drums
NEW WAVE,,Ultraje A Rigor,Rebelde Sem Causa,80s,lmd,C,major,0.943,kk,176.0,single tempo,4/4,1.0,bass guitar drums
NEW WAVE,,Wall Of Voodoo,Wrong Way To Hollywood (Live),?,lmd,B,minor,0.953,kk,120.0,single tempo,4/4,1.0,bass keys lead drums
NEW WAVE,,wang chung,,80s,lamd,G,mixolydian,0.745,kk,109.0,single tempo,4/4,1.0,bass pad keys lead
NEW WAVE,,Wang Chung,Dance Hall Days,80s,lmd,G,mixolydian,0.865,kk,103.0,single tempo,4/4,1.0,bass chord pad keys guitar lead drums
NEW WAVE,,Xutos & Pontapés,A Minha Casinha,90s,lmd,D,major,0.859,kk,163.0,single tempo,4/4,1.0,bass pad guitar lead drums
NEW WAVE,DARKWAVE,Anneli Drecker,It's All Here,new,lmd,Gb,minor,0.794,kk,122.0,9 tempo events (122.0-122.0); bpm = median beat,4/4,1.0,bass pad keys guitar lead arp drums
NEW WAVE,DARKWAVE,Artesia,La clairière des fées,new,lmd,C,major,0.869,kk,120.0,single tempo,4/4,1.0,keys lead
NEW WAVE,DARKWAVE,Artesia,Une ancienne légende,new,lmd,C,mixolydian,0.763,kk,88.0,single tempo,4/4,1.0,bass pad keys guitar fx drums
NEW WAVE,DARKWAVE,Artesia,Une nuit en Hilvern,new,lmd,F,major,0.662,kk,85.0,single tempo,4/4,1.0,pad keys guitar lead arp drums
NEW WAVE,DARKWAVE,ASP,Rain,new,lmd,G,mixolydian,0.745,kk,125.0,single tempo,4/4,1.0,bass guitar lead drums
NEW WAVE,DARKWAVE,Clan Of Xymox,Creature,90s,lmd,D,minor,0.747,kk,130.0,single tempo,4/4,1.0,bass chord pad seq drums
NEW WAVE,DARKWAVE,Cocteau Twins,For Phoebe Still A Baby,80s,lmd,C,major,0.927,kk,110.0,2 tempo events (110.0-110.0); bpm = median beat,4/4,1.0,bass pad keys guitar lead drums
NEW WAVE,DARKWAVE,dead can dance,,80s,lamd,Ab,minor,0.862,kk,160.0,single tempo,4/4,1.0,bass chord pad keys lead arp drums
NEW WAVE,DARKWAVE,Diorama,world of ice,new,lmd,C,major,0.787,kk,128.0,2 tempo events (75.0-128.0); bpm = median beat,4/4,1.0,bass chord pad keys guitar lead drums
NEW WAVE,DARKWAVE,IAMX,This Will Make You Love Again,new,lmd,Eb,dorian,0.814,kk,116.0,single tempo,4/4,1.0,bass pad keys guitar lead drums
NEW WAVE,DARKWAVE,Illuminate,Wer lieben will...,new,lmd,A,major,0.918,kk,66.0,single tempo,4/4,1.0,bass pad keys guitar lead drums
NEW WAVE,DARKWAVE,In Strict Confidence,Babylon (Clubmix),?,lmd,Bb,mixolydian,0.875,kk,123.0,single tempo,4/4,1.0,bass pad guitar lead drums
NEW WAVE,DARKWAVE,indochine,,80s,lamd,Ab,major,0.894,kk,145.0,single tempo,4/4,1.0,bass pad guitar lead drums
NEW WAVE,DARKWAVE,indochine,,80s,lamd,Ab,phrygian,0.803,kk,84.0,single tempo,4/4,1.0,bass chord pad keys guitar lead arp seq drums
NEW WAVE,DARKWAVE,Indochine,Bye Bye Valentine,new,lmd,Bb,mixolydian,0.802,kk,94.0,single tempo,4/4,1.0,keys
NEW WAVE,DARKWAVE,Indochine,La Chevauchée Des Champs De Blé,80s,lmd,Eb,minor,0.902,kk,138.0,single tempo,4/4,1.0,bass pad keys guitar lead drums
NEW WAVE,DARKWAVE,Indochine,Le Manoir,new,lmd,Bb,mixolydian,0.795,kk,110.0,single tempo,4/4,1.0,bass guitar lead drums
NEW WAVE,DARKWAVE,lacrimosa,,?,lamd,A,major,0.882,kk,60.0,3 tempo events (60.0-110.0); bpm = median beat,4/4,1.0,pad guitar drums
NEW WAVE,DARKWAVE,lacrimosa,,?,lamd,D,minor,0.881,kk,69.0,3 tempo events (69.0-120.0); bpm = median beat,4/4,1.0,keys lead
NEW WAVE,DARKWAVE,lacrimosa,,?,lamd,A,minor,0.875,kk,102.0,5 tempo events (100.0-143.0); bpm = median beat,4/4,1.0,bass pad keys guitar lead drums
NEW WAVE,DARKWAVE,lacrimosa,,?,lamd,A,minor,0.764,kk,140.0,single tempo,4/4,1.0,bass pad keys guitar lead drums
NEW WAVE,DARKWAVE,lacrimosa,,?,lamd,A,minor,0.849,kk,96.0,5 tempo events (90.0-110.0); bpm = median beat,4/4,1.0,bass pad keys guitar lead drums
NEW WAVE,DARKWAVE,Leandra,Noisy Awareness,new,lmd,E,minor,0.879,kk,76.0,single tempo,4/4,1.0,bass guitar
NEW WAVE,DARKWAVE,Litfiba,Istambul,80s,lmd,B,dorian,0.762,kk,122.0,single tempo,4/4,1.0,bass chord keys guitar lead drums
NEW WAVE,DARKWAVE,Miranda Sex Garden,Fear,80s,lmd,D,mixolydian,0.775,kk,145.0,single tempo,4/4,1.0,bass guitar lead drums
NEW WAVE,DARKWAVE,myl ne farmer,,80s,lamd,C,major,0.834,kk,63.0,2 tempo events (58.0-63.0); bpm = median beat,4/4,1.0,pad keys lead
NEW WAVE,DARKWAVE,mylene farmer,,80s,lamd,Eb,minor,0.614,kk,102.0,single tempo,4/4,1.0,bass pad guitar lead seq fx drums
NEW WAVE,DARKWAVE,mylene farmer,,80s,lamd,B,minor,0.742,kk,107.0,single tempo,4/4,1.0,bass pad keys lead arp seq drums
NEW WAVE,DARKWAVE,Mylène Farmer,Ainsi Soit Je,new,lmd,Bb,minor,0.806,kk,60.0,single tempo,4/4,1.0,bass pad keys seq
NEW WAVE,DARKWAVE,Mylène Farmer,L'Instant X,80s,lmd,F,minor,0.857,kk,100.0,single tempo,4/4,1.0,bass pad keys guitar lead drums
NEW WAVE,DARKWAVE,Mylène Farmer,Les Mots,new,lmd,F,minor,0.68,kk,62.0,4 tempo events (59.0-62.0); bpm = median beat,4/4,1.0,bass pad keys lead seq fx drums
NEW WAVE,DARKWAVE,Mylène Farmer,Que Mon Coeur Lâche (Radio),new,lmd,G,minor,0.772,kk,108.0,single tempo,4/4,1.0,bass pad keys guitar lead drums
NEW WAVE,DARKWAVE,Pink Turns Blue,Can Love Survive,new,lmd,G,major,0.91,kk,60.0,2 tempo events (30.0-60.0); bpm = median beat,4/4,1.0,bass keys guitar lead drums
NEW WAVE,DARKWAVE,Sopor Aeternus & The Ensemble Of Shadows,Model Est,80s,lmd,E,minor,0.882,kk,124.0,single tempo,4/4,1.0,bass pad keys lead arp drums
NEW WAVE,DARKWAVE,Sopor Aeternus & The Ensemble Of Shadows,Sopor Fratrem Mortis Est,80s,lmd,D,minor,0.735,kk,120.0,single tempo,4/4,1.0,bass keys lead drums
NEW WAVE,DARKWAVE,Trisomie 21,The Camp,new,lmd,C,major,0.86,kk,130.0,single tempo,4/4 (none),1.0,bass chord pad lead drums
NEW WAVE,GOTH,Bauhaus,a spy in the cab,80s,freemidi,A,minor,0.774,kk,110.0,single tempo,4/4,1.0,bass keys guitar drums
NEW WAVE,GOTH,Bauhaus,shes in parties,80s,freemidi,A,minor,0.86,kk,132.5,single tempo,4/4,1.0,bass guitar lead drums
NEW WAVE,GOTH,Christian Death,stairs uncertain journey,80s,freemidi,D,phrygian,0.707,kk,125.0,single tempo,4/4,1.0,bass keys lead drums
NEW WAVE,GOTH,Christian Death,this is heresy,80s,freemidi,F,minor,0.91,kk,120.0,single tempo,4/4,1.0,bass guitar drums
NEW WAVE,GOTH,Decima Victima,Es Solo El Comienzo,?,lmd,A,mixolydian,0.89,kk,125.0,single tempo,4/4,1.0,bass pad guitar lead drums
NEW WAVE,GOTH,Lords Of The New Church,Like A Virgin,80s,lmd,Eb,minor,0.804,kk,120.0,single tempo,4/4,1.0,bass pad guitar lead drums
NEW WAVE,GOTH,Love and Rockets,ball of confusion,80s,freemidi,C,mixolydian,0.81,kk,96.3,single tempo,4/4,1.0,bass chord pad keys guitar lead drums
NEW WAVE,GOTH,Mantus,Utopia,?,lmd,G,major,0.865,kk,72.0,single tempo,4/4,1.0,bass pad keys guitar lead fx drums
NEW WAVE,GOTH,rosetta stone,,80s,lamd,D,minor,0.811,kk,90.0,single tempo,4/4 (none),1.0,bass guitar arp seq drums
NEW WAVE,GOTH,siouxsie and the banshees,,80s,lamd,E,minor,0.824,kk,103.0,single tempo,4/4,1.0,bass chord guitar lead seq drums
NEW WAVE,GOTH,siouxsie and the banshees,,80s,lamd,C,minor,0.851,kk,100.0,16 tempo events (99.0-101.0); bpm = median beat,4/4,1.0,bass guitar lead drums
NEW WAVE,GOTH,Sisters Of Mercy,1959,80s,lmd,Ab,major,0.812,kk,72.0,single tempo,4/4,1.0,keys
NEW WAVE,GOTH,Sisters of Mercy,more,80s,freemidi,C,minor,0.823,kk,128.0,single tempo,4/4,1.0,bass keys lead drums
NEW WAVE,GOTH,Sisters Of Mercy,No Time To Cry,80s,lmd,Gb,minor,0.852,kk,136.0,single tempo,4/4,1.0,bass guitar lead drums
NEW WAVE,GOTH,the cult,,80s,lamd,G,mixolydian,0.744,kk,125.0,single tempo,4/4,1.0,bass chord guitar drums
NEW WAVE,GOTH,the cult,,80s,lamd,B,mixolydian,0.747,kk,135.0,2 tempo events (130.0-135.0); bpm = median beat,4/4,1.0,bass guitar lead drums
NEW WAVE,GOTH,the cult,,80s,lamd,G,major,0.867,kk,140.0,single tempo,4/4,1.0,bass guitar drums
NEW WAVE,GOTH,The Cult,Wild Hearted Son,80s,lmd,Gb,mixolydian,0.753,kk,135.0,3 tempo events (130.0-135.0); bpm = median beat,4/4,1.0,bass guitar lead drums
NEW WAVE,GOTH,The Ghost Of Lemora,Winter Bride,?,lmd,E,mixolydian,0.801,kk,131.0,single tempo,4/4 (none),1.0,bass pad keys guitar lead seq drums
NEW WAVE,GOTH,The Mission,Severina,80s,lmd,E,minor,0.874,kk,137.0,single tempo,4/4,1.0,bass guitar drums
NEW WAVE,GOTH,voltaire,,new,lamd,D,mixolydian,0.418,kk,118.0,single tempo,4/4,1.0,bass keys lead arp drums
NEW WAVE,GOTH,Zadera,The Narrow Shell,new,lmd,C,major,0.917,kk,80.0,2 tempo events (80.0-120.0); bpm = median beat,4/4,0.963,bass pad keys guitar lead drums
NEW WAVE,POSTPUNK,Arctic Monkeys,505,new,lmd,D,major,0.652,kk,142.0,single tempo,4/4,1.0,bass keys guitar lead drums
NEW WAVE,POSTPUNK,Arctic Monkeys,a certain romancelyrics,new,freemidi,B,major,0.956,kk,144.0,single tempo,4/4,1.0,bass guitar drums
NEW WAVE,POSTPUNK,Arctic Monkeys,Fake Tales Of San Francisco,new,lmd,B,minor,0.899,kk,130.0,single tempo,4/4,1.0,bass guitar drums
NEW WAVE,POSTPUNK,Arctic Monkeys,Fluorescent Adolescent,new,lmd,B,mixolydian,0.848,kk,115.0,single tempo,4/4,1.0,bass pad guitar lead drums
NEW WAVE,POSTPUNK,Arctic Monkeys,perhaps vampires is a bit strong but,new,freemidi,Gb,phrygian,0.784,kk,125.0,single tempo,4/4,1.0,bass guitar drums
NEW WAVE,POSTPUNK,Arctic Monkeys,the view from the afternoonlyrics,new,freemidi,A,minor,0.867,kk,145.0,single tempo,4/4,1.0,bass guitar drums
NEW WAVE,POSTPUNK,Bloc Party,banquet,new,freemidi,Bb,minor,0.956,kk,150.0,single tempo,4/4,1.0,bass guitar lead drums
NEW WAVE,POSTPUNK,Bloc Party,blue light,new,freemidi,D,major,0.9,kk,155.0,single tempo,4/4,1.0,bass guitar lead drums
NEW WAVE,POSTPUNK,Bloc Party,compliments,new,freemidi,E,major,0.732,kk,80.0,2 tempo events (62.0-80.0); bpm = median beat,4/4,1.0,bass pad keys guitar seq fx drums
NEW WAVE,POSTPUNK,Bloc Party,helicopter,new,freemidi,B,minor,0.928,kk,170.0,single tempo,4/4,1.0,bass guitar drums
NEW WAVE,POSTPUNK,Bloc Party,shes hearing voices,new,freemidi,D,minor,0.735,kk,152.0,single tempo,4/4,1.0,bass guitar drums
NEW WAVE,POSTPUNK,Bloc Party,so here we are,new,freemidi,A,major,0.822,kk,155.0,single tempo,4/4,1.0,bass guitar lead drums
NEW WAVE,POSTPUNK,Bloc Party,this modern love,new,freemidi,C,major,0.853,kk,80.0,single tempo,4/4,0.806,bass guitar drums
NEW WAVE,POSTPUNK,Bloc Party,Your Visits Are Getting Shorter,new,lmd,A,minor,0.963,kk,128.0,single tempo,4/4,1.0,bass pad guitar drums
NEW WAVE,POSTPUNK,Echo And The Bunnymen,It's All Over Now_ Baby Blue (Live_ 1985),80s,lmd,D,major,0.934,kk,133.0,single tempo,4/4,1.0,bass chord pad keys lead fx drums
NEW WAVE,POSTPUNK,Fad Gadget,The Box,80s,lmd,Ab,major,0.898,kk,126.0,single tempo,4/4,1.0,bass pad keys guitar lead seq drums
NEW WAVE,POSTPUNK,Franz Ferdinand,40,new,freemidi,C,minor,0.83,kk,115.0,single tempo,4/4,1.0,bass guitar lead drums
NEW WAVE,POSTPUNK,Franz Ferdinand,auf achse,new,freemidi,A,minor,0.953,kk,125.0,single tempo,4/4,1.0,bass keys guitar lead drums
NEW WAVE,POSTPUNK,Franz Ferdinand,cheating on you,new,freemidi,G,minor,0.836,kk,157.0,single tempo,4/4,1.0,bass guitar drums
NEW WAVE,POSTPUNK,Franz Ferdinand,cheating on you 2,new,freemidi,G,minor,0.884,kk,150.0,single tempo,4/4,1.0,bass guitar drums
NEW WAVE,POSTPUNK,Franz Ferdinand,come on home,new,freemidi,A,minor,0.905,kk,116.0,single tempo,4/4,1.0,bass keys guitar drums
NEW WAVE,POSTPUNK,Franz Ferdinand,dark of the matinee,new,freemidi,Gb,minor,0.836,kk,115.0,3 tempo events (80.0-115.0); bpm = median beat,4/4,0.895,bass guitar drums
NEW WAVE,POSTPUNK,Franz Ferdinand,darts of pleasure,new,freemidi,E,minor,0.878,kk,153.0,3 tempo events (133.0-153.0); bpm = median beat,4/4,1.0,bass guitar drums
NEW WAVE,POSTPUNK,Franz Ferdinand,Do You Want To,new,lmd,C,mixolydian,0.733,kk,125.0,single tempo,1/4,0.991,bass guitar drums
NEW WAVE,POSTPUNK,Ian McCulloch,I Know You Well,80s,lmd,A,major,0.969,kk,72.0,single tempo,4/4,1.0,bass chord pad keys lead arp drums
NEW WAVE,POSTPUNK,Interpol,NYC (Demo Version),new,lmd,F,major,0.984,kk,132.0,2 tempo events (70.0-132.0); bpm = median beat,4/4,1.0,bass pad keys guitar lead arp drums
NEW WAVE,POSTPUNK,Kaiser Chiefs,I Predict A Riot,new,lmd,C,minor,0.87,kk,156.0,single tempo,4/4,1.0,bass pad keys guitar lead seq drums
NEW WAVE,POSTPUNK,Kaiser Chiefs,Modern Way,new,lmd,E,major,0.839,kk,150.0,single tempo,4/4,1.0,bass guitar lead drums
NEW WAVE,POSTPUNK,Kaiser Chiefs,Na Na Na Na Naa,new,lmd,E,major,0.882,kk,162.0,single tempo,4/4,1.0,bass keys guitar lead seq drums
NEW WAVE,POSTPUNK,kasabian,,new,lamd,C,minor,0.821,kk,120.0,single tempo,4/4,1.0,bass keys lead seq drums
NEW WAVE,POSTPUNK,Legião Urbana,Índios,80s,lmd,G,major,0.899,kk,78.0,single tempo,4/4,1.0,bass pad guitar drums
NEW WAVE,POSTPUNK,Liars,Mimic The Hurricano,new,lmd,G,major,0.732,kk,136.0,single tempo,4/4,1.0,bass pad lead drums
NEW WAVE,POSTPUNK,New Order,"Blue Monday '88 Dub [12"" Version]",80s,lmd,D,minor,0.757,kk,133.0,single tempo,4/4,1.0,bass guitar lead fx drums
NEW WAVE,POSTPUNK,New Order,Blue Monday [88],80s,lmd,D,minor,0.757,kk,133.0,single tempo,4/4,1.0,bass guitar lead drums
NEW WAVE,POSTPUNK,New Order,Regret (New Order Mix),80s,lmd,C,major,0.964,kk,130.0,single tempo,4/4,1.0,bass pad guitar seq drums
NEW WAVE,POSTPUNK,New Order,Sub-culture,80s,lmd,D,dorian,0.717,kk,132.0,single tempo,4/4,1.0,bass pad keys guitar lead drums
NEW WAVE,POSTPUNK,New Order,True Faith (Album Version),80s,lmd,C,mixolydian,0.787,kk,117.0,2 tempo events (117.0-120.0); bpm = median beat,4/4,0.993,bass pad keys guitar lead seq drums
NEW WAVE,POSTPUNK,New Order,Turn,new,lmd,Gb,major,0.857,kk,135.0,single tempo,4/4,1.0,bass guitar lead drums
NEW WAVE,POSTPUNK,New Order,World [Price Of Love],80s,lmd,D,minor,0.963,kk,127.0,2 tempo events (120.0-127.0); bpm = median beat,4/4,0.993,bass chord pad keys guitar lead drums
NEW WAVE,POSTPUNK,New Young Pony Club,We Want To,new,lmd,A,minor,0.704,kk,142.0,single tempo,4/4,1.0,bass guitar lead arp drums
NEW WAVE,POSTPUNK,Omni,Electric Music,new,lmd,C,mixolydian,0.757,kk,122.0,9 tempo events (78.0-122.0); bpm = median beat,4/4,0.993,bass pad keys guitar lead drums
NEW WAVE,POSTPUNK,ought,,new,lamd,C,major,0.85,kk,138.0,single tempo,4/4,1.0,keys lead
NEW WAVE,POSTPUNK,placebo,,new,lamd,Gb,major,0.652,kk,178.0,single tempo,4/4 (none),1.0,guitar lead
NEW WAVE,POSTPUNK,placebo,,new,lamd,Eb,major,0.736,kk,81.0,single tempo,4/4,1.0,bass guitar lead seq fx drums
NEW WAVE,POSTPUNK,Placebo,burger queen,new,freemidi,Eb,major,0.856,kk,80.0,single tempo,4/4 (none),1.0,chord guitar lead fx drums
NEW WAVE,POSTPUNK,Placebo,nancy boy,new,freemidi,F,major,0.682,kk,84.0,single tempo,4/4 (none),1.0,bass chord guitar lead drums
NEW WAVE,POSTPUNK,Placebo,teen angst,new,freemidi,Bb,major,0.949,kk,120.0,13 tempo events (95.0-120.0); bpm = median beat,4/4,1.0,bass pad guitar lead drums
NEW WAVE,POSTPUNK,Placebo,Wouldn't It Be Good,new,lmd,D,minor,0.842,kk,106.0,single tempo,4/4,1.0,bass pad keys guitar lead drums
NEW WAVE,POSTPUNK,Psychedelic Furs,love my way,80s,freemidi,G,major,0.614,kk,126.0,single tempo,4/4,1.0,bass pad keys guitar lead fx drums
NEW WAVE,POSTPUNK,Stockholm Monsters,National Pastime,80s,lmd,A,major,0.871,kk,145.0,single tempo,4/4,1.0,bass pad lead fx drums
NEW WAVE,POSTPUNK,The Church,The Disillusionist,80s,lmd,F,major,0.892,kk,81.0,single tempo,4/4,1.0,bass pad guitar lead drums
NEW WAVE,POSTPUNK,The Cure,A Chain Of Flowers,80s,lmd,E,minor,0.833,kk,98.0,single tempo,4/4,0.975,bass pad keys guitar lead drums
NEW WAVE,POSTPUNK,The Cure,A Strange Day,80s,lmd,G,mixolydian,0.676,kk,120.0,single tempo,4/4,1.0,bass pad guitar lead drums
NEW WAVE,POSTPUNK,The Cure,All I Want,80s,lmd,D,minor,0.798,kk,126.0,single tempo,4/4,1.0,bass chord pad keys guitar lead drums
NEW WAVE,POSTPUNK,The Cure,Boys Don't Cry,80s,lmd,A,major,0.842,kk,168.0,4 tempo events (90.0-168.0); bpm = median beat,4/4,1.0,bass guitar lead drums
NEW WAVE,POSTPUNK,The Cure,Just Like Heaven,80s,lmd,D,major,0.81,kk,150.0,single tempo,4/4,1.0,bass guitar lead drums
NEW WAVE,POSTPUNK,The Cure,Love Song,90s,lmd,A,minor,0.715,bass-relative,144.0,single tempo,4/4,1.0,bass keys guitar lead drums
NEW WAVE,POSTPUNK,The Cure,Lullaby,80s,lmd,Db,minor,0.764,kk,93.6,single tempo,4/4,1.0,bass guitar lead seq drums
NEW WAVE,POSTPUNK,The Cure,Mint Car,90s,lmd,D,major,0.875,kk,147.6,single tempo,4/4,1.0,bass keys guitar lead drums
NEW WAVE,POSTPUNK,The Pop Group,Vacanze Romane,80s,lmd,A,major,0.926,kk,110.0,single tempo,4/4,1.0,bass pad keys guitar lead fx drums
NEW WAVE,POSTPUNK,The Psychedelic Furs,Love My Way,80s,lmd,G,major,0.678,kk,125.7,single tempo,4/4,1.0,bass pad keys guitar lead fx drums
NEW WAVE,POSTPUNK,the smiths,,80s,lamd,G,major,0.916,kk,105.0,single tempo,4/4,1.0,bass guitar arp drums
NEW WAVE,POSTPUNK,the smiths,,80s,lamd,Db,minor,0.894,kk,132.0,single tempo,4/4,1.0,bass pad guitar lead drums
NEW WAVE,POSTPUNK,the smiths,,80s,lamd,Gb,minor,0.873,kk,95.0,single tempo,4/4,1.0,bass guitar lead fx drums
NEW WAVE,POSTPUNK,The Smiths,Bigmouth Strikes Again,80s,lmd,Db,minor,0.918,kk,134.0,single tempo,4/4 (none),1.0,bass keys guitar lead drums
NEW WAVE,POSTPUNK,The Smiths,There Is A Light That Never Goes Out,80s,lmd,Db,minor,0.776,bass-relative,132.0,single tempo,4/4,1.0,bass pad guitar lead drums
NEW WAVE,POSTPUNK,The Sound,Hand Of Love,80s,lmd,C,major,0.912,kk,122.0,single tempo,4/4,1.0,bass chord pad keys guitar seq drums
NEW WAVE,POSTPUNK,The Stranglers,All Day And All Of The Night,80s,lmd,F,major,0.861,kk,136.0,single tempo,4/4,1.0,bass guitar lead drums
NEW WAVE,POSTPUNK,The Stranglers,Always The Sun (Sunny Side Up Mix),90s,lmd,D,major,0.847,kk,131.0,single tempo,4/4,1.0,bass pad keys guitar lead drums
NEW WAVE,POSTPUNK,The Stranglers,bear cage,80s,freemidi,D,major,0.689,kk,142.0,single tempo,4/4,1.0,bass pad keys guitar lead drums
NEW WAVE,POSTPUNK,The Stranglers,big in america,80s,freemidi,D,major,0.807,kk,105.0,single tempo,4/4 (none),1.0,bass chord pad keys guitar seq drums
NEW WAVE,POSTPUNK,The Stranglers,big thing coming,80s,freemidi,E,mixolydian,0.88,kk,160.0,single tempo,4/4,1.0,bass keys guitar arp drums
NEW WAVE,POSTPUNK,The Stranglers,bitching,80s,freemidi,A,mixolydian,0.949,kk,145.0,single tempo,4/4,1.0,bass keys guitar arp drums
NEW WAVE,POSTPUNK,The Stranglers,dagenham dave,80s,freemidi,E,mixolydian,0.89,kk,154.0,6 tempo events (144.0-155.0); bpm = median beat,4/4,1.0,bass keys guitar lead arp drums
NEW WAVE,POSTPUNK,The Strokes,12:51,new,lmd,E,major,0.922,kk,150.0,single tempo,4/4,1.0,bass guitar lead drums
NEW WAVE,POSTPUNK,The Strokes,Alone_ Together,new,lmd,A,dorian,0.85,kk,146.0,single tempo,4/4,1.0,bass guitar lead drums
NEW WAVE,POSTPUNK,The Strokes,Hard To Explain,new,lmd,G,major,0.914,kk,165.0,single tempo,4/4,1.0,bass keys guitar drums
NEW WAVE,POSTPUNK,The Strokes,Juicebox,new,lmd,D,minor,0.782,kk,156.0,single tempo,4/4,1.0,bass guitar drums
NEW WAVE,POSTPUNK,The Strokes,Last Nite,new,lmd,C,major,0.9,kk,110.0,single tempo,4/4,1.0,bass guitar drums
NEW WAVE,POSTPUNK,The Teardrop Explodes,Reward,80s,lmd,D,minor,0.687,kk,157.0,single tempo,4/4,1.0,bass chord keys lead drums
NEW WAVE,POSTPUNK,U2,Elevation,new,lmd,A,major,0.8,kk,110.0,2 tempo events (110.0-150.0); bpm = median beat,4/4,1.0,bass chord pad guitar lead seq fx drums
NEW WAVE,POSTPUNK,U2,I Still Haven't Found What I'm Looking For,80s,lmd,Db,major,0.907,kk,102.0,6 tempo events (60.0-102.0); bpm = median beat,4/4,1.0,bass pad keys guitar fx drums
NEW WAVE,POSTPUNK,U2,October,80s,lmd,G,mixolydian,0.758,kk,120.0,single tempo,4/4,1.0,keys lead
NEW WAVE,POSTPUNK,U2,Pride (In The Name Of Love),80s,lmd,E,major,0.831,kk,108.0,single tempo,4/4,1.0,bass guitar lead drums
NEW WAVE,POSTPUNK,U2,Sometimes You Can't Make It On Your Own,new,lmd,A,major,0.926,kk,96.0,2 tempo events (96.0-100.0); bpm = median beat,4/4,1.0,bass pad guitar lead drums
NEW WAVE,POSTPUNK,U2,Sweetest Thing,80s,lmd,C,major,0.964,kk,72.0,single tempo,4/4,1.0,bass keys arp fx
NEW WAVE,POSTPUNK,U2,The Unforgettable Fire,80s,lmd,D,minor,0.778,bass-relative,136.0,12 tempo events (86.0-136.0); bpm = median beat,4/4,1.0,bass chord pad keys guitar lead fx drums
NEW WAVE,POSTPUNK,white lies,,new,lamd,Eb,major,0.969,kk,82.0,4 tempo events (70.0-82.0); bpm = median beat,4/4,0.958,bass pad guitar lead drums
NEW WAVE,POSTPUNK,white lies,,new,lamd,Bb,major,0.98,kk,116.0,single tempo,4/4,1.0,bass keys guitar lead drums
NEW WAVE,POSTPUNK,white lies,,new,lamd,Gb,major,0.833,kk,106.0,single tempo,4/4,1.0,guitar lead arp drums
NEW WAVE,POSTPUNK,X-Wife,Ping-Pong,new,lmd,Gb,major,0.879,kk,143.0,single tempo,4/4,1.0,bass chord pad guitar lead seq drums
NEW WAVE,POSTPUNK,Yeah Yeah Yeahs,Skeletons,new,lmd,G,major,0.823,kk,90.0,46 tempo events (45.0-90.0); bpm = median beat,4/4,1.0,bass pad keys guitar lead drums
NEW WAVE,SYNTHWAVE,Chromatics,I Want Your Love,new,lmd,E,minor,0.882,kk,120.0,single tempo,4/4,1.0,bass pad keys lead seq drums
NEW WAVE,SYNTHWAVE,harold faltermeyer,,80s,lamd,Gb,minor,0.773,kk,130.0,single tempo,4/4,1.0,bass pad keys arp drums
NEW WAVE,SYNTHWAVE,harold faltermeyer,,80s,lamd,E,mixolydian,0.794,kk,172.0,single tempo,4/4,1.0,bass keys guitar lead drums
NEW WAVE,SYNTHWAVE,harold faltermeyer,,80s,lamd,D,mixolydian,0.88,kk,151.0,2 tempo events (128.0-151.0); bpm = median beat,4/4,0.993,bass pad keys guitar lead seq drums
NEW WAVE,SYNTHWAVE,harold faltermeyer,,80s,lamd,C,minor,0.932,kk,83.0,single tempo,4/4,1.0,bass pad keys guitar lead drums
NEW WAVE,SYNTHWAVE,Harold Faltermeyer,Axel F,80s,lmd,F,minor,0.793,kk,120.0,single tempo,4/4,1.0,bass lead seq drums
NEW WAVE,SYNTHWAVE,jan hammer,,80s,lamd,E,major,0.909,kk,93.0,2 tempo events (93.0-120.0); bpm = median beat,4/4,0.989,bass pad keys guitar lead fx drums
NEW WAVE,SYNTHWAVE,jan hammer,,80s,lamd,B,minor,0.727,kk,125.0,10 tempo events (62.0-240.0); bpm = median beat,4/4,1.0,bass chord keys guitar drums
NEW WAVE,SYNTHWAVE,Jan Hammer,Tubbs And Valerie,80s,lmd,D,minor,0.879,kk,90.0,single tempo,4/4,1.0,bass pad guitar drums
NEW WAVE,SYNTHWAVE,Tesla Boy,Neon Love,new,lmd,A,minor,0.809,kk,120.0,3 tempo events (8.4-120.0); bpm = median beat,4/4,1.0,bass pad keys lead drums
NEW WAVE,SYNTHWAVE,the weeknd,,new,lamd,Eb,major,0.767,kk,120.0,single tempo,4/4,1.0,bass lead drums
NEW WAVE,SYNTHWAVE,the weeknd,,new,lamd,A,minor,0.819,kk,94.0,single tempo,4/4,1.0,bass keys lead seq drums
POP,,2 Brothers On The 4th Floor,Christmas Time,90s,lmd,B,major,0.978,kk,87.5,single tempo,4/4,1.0,bass chord pad keys lead seq drums
POP,,883,Innamorare Tanto,90s,lmd,G,mixolydian,0.901,kk,127.0,single tempo,4/4,1.0,bass pad guitar lead arp seq drums
POP,,Akcent,Feel Me,new,lmd,B,minor,0.894,kk,134.0,single tempo,4/4 (none),1.0,bass pad keys lead arp fx drums
POP,,Alejandro Sanz,Y solo se me ocurre amarte (Unplugged),new,lmd,B,minor,0.84,kk,75.0,single tempo,4/4,1.0,bass pad keys guitar lead arp seq fx drums
POP,,Alex Baroni,Male Che Fa Male,90s,lmd,D,major,0.859,kk,78.0,single tempo,4/4,1.0,bass pad keys guitar lead drums
POP,,Alizée,Eden Eden,new,lmd,C,major,0.88,kk,64.0,8 tempo events (50.0-64.0); bpm = median beat,4/4,1.0,bass pad keys guitar lead drums
POP,,All Saints,Black Coffee,new,lmd,A,major,0.882,kk,116.0,single tempo,4/4,1.0,bass chord keys guitar lead arp drums
POP,,Andy Abraham,Don't Leave Me This Way,new,lmd,G,minor,0.777,kk,120.0,single tempo,4/4,1.0,bass chord pad keys guitar lead
POP,,Aqua,Barbie Girl,?,lmd,B,mixolydian,0.811,kk,126.0,single tempo,4/4,1.0,bass pad guitar lead drums
POP,,Aqua,Cartoon Heroes,?,lmd,Ab,major,0.927,kk,134.0,single tempo,4/4,1.0,bass chord pad keys lead drums
POP,,Aqua,Doctor Jones,?,lmd,Eb,major,0.949,kk,139.0,single tempo,4/4,1.0,bass chord pad keys guitar lead drums
POP,,Aqua,My Oh My,?,lmd,F,major,0.845,kk,132.0,single tempo,4/4,1.0,bass pad keys lead arp seq drums
POP,,Aqua,Turn Back Time,?,lmd,C,minor,0.69,kk,102.0,single tempo,4/4,1.0,bass pad keys guitar lead seq fx drums
POP,,Atomic Kitten,Bye Now,new,lmd,G,major,0.966,kk,89.0,single tempo,4/4,1.0,bass pad keys guitar lead drums
POP,,Backstreet Boys,Don't Want You Back,90s,lmd,Gb,minor,0.927,kk,106.0,single tempo,4/4,1.0,bass chord pad keys lead arp drums
POP,,Bic Runga,Winning Arrow,new,lmd,C,major,0.866,kk,106.0,single tempo,4/4,1.0,bass keys lead drums
POP,,Big Fun,Blame It On The Boogie,80s,lmd,C,mixolydian,0.779,kk,117.0,single tempo,4/4,1.0,bass chord pad keys guitar drums
POP,,Boyzone,No Matter What,90s,lmd,A,minor,0.807,kk,100.0,38 tempo events (60.0-101.0); bpm = median beat,4/4,1.0,bass pad guitar lead drums
POP,,Breathe,Does She Love That Man?,80s,lmd,C,mixolydian,0.922,kk,118.0,single tempo,4/4,1.0,bass pad keys guitar lead drums
POP,,Brett Anderson,Dust And Rain,?,lmd,E,minor,0.694,kk,90.0,single tempo,4/4,1.0,bass guitar drums
POP,,Britney Spears,...Baby One More Time,90s,lmd,C,minor,0.925,kk,190.0,single tempo,4/4,1.0,bass chord pad keys lead drums
POP,,Britney Spears,If U Seek Amy,new,lmd,A,minor,0.894,kk,130.0,single tempo,4/4,1.0,bass chord pad keys guitar lead arp seq drums
POP,,Britney Spears,Toxic,new,lmd,C,minor,0.948,kk,143.0,single tempo,4/4,1.0,bass chord pad guitar lead arp drums
POP,,Brooke Fraser,*Epilogue*,new,lmd,G,mixolydian,0.719,kk,168.0,single tempo,4/4,1.0,bass pad keys lead arp seq fx drums
POP,,Calogero,Je Vis Où Tu M'As Laissé,new,lmd,D,mixolydian,0.846,kk,97.0,single tempo,4/4,1.0,bass pad guitar lead arp seq drums
POP,,Captain Hollywood Project,Find Another Way,80s,lmd,C,major,0.921,kk,158.0,single tempo,4/4,1.0,bass chord pad keys lead seq drums
POP,,Captain Hollywood Project,Impossible,80s,lmd,D,minor,0.733,kk,130.0,single tempo,4/4 (none),1.0,bass pad lead seq drums
POP,,Captain Hollywood Project,More And More,80s,lmd,A,minor,0.958,kk,126.0,single tempo,4/4,1.0,chord pad keys guitar lead arp seq drums
POP,,Captain Hollywood Project,Only With You,80s,lmd,Ab,minor,0.876,kk,129.1,single tempo,4/4,1.0,bass pad keys lead seq drums
POP,,Captain Hollywood Project,Sea Of Dreams,80s,lmd,C,major,0.767,kk,140.0,single tempo,4/4,1.0,bass pad lead arp drums
POP,,Cardio Workout Crew,Wavin' Flag (Made Famous by K'naan),?,lmd,C,major,0.934,kk,160.0,single tempo,4/4,1.0,bass pad guitar lead drums
POP,,Cheryl Cole,Fight For This Love,new,lmd,G,major,0.868,kk,123.0,single tempo,4/4,1.0,bass chord pad lead arp drums
POP,,Cheryl Cole / will.i.am,3 Words,?,lmd,Db,minor,0.871,kk,130.0,single tempo,4/4,1.0,bass keys guitar lead seq drums
POP,,CoCo Lee,My Wings,?,lmd,C,major,0.943,kk,131.0,51 tempo events (76.0-131.0); bpm = median beat,2/4,0.993,bass pad keys guitar lead fx drums
POP,,Corona,I Don't Wanna be A Star,?,lmd,D,minor,0.758,kk,134.0,single tempo,4/4,1.0,bass pad lead seq fx drums
POP,,David Civera,De Lo Que Hiciste Por Mi,new,lmd,G,major,0.892,kk,132.1,single tempo,4/4,1.0,bass keys guitar lead drums
POP,,Despistaos,El silencio (version acustica),new,lmd,E,minor,0.872,kk,140.0,single tempo,4/4,1.0,bass keys guitar lead drums
POP,,Die Prinzen,(Du mußt ein) Schwein sein,80s,lmd,Gb,minor,0.878,kk,134.0,single tempo,4/4,1.0,bass chord pad keys lead drums
POP,,Edelweiss,Starship (Raumschiff) Edelweiss,80s,lmd,Bb,mixolydian,0.774,kk,128.0,2 tempo events (120.0-128.0); bpm = median beat,4/4,1.0,bass chord pad keys lead drums
POP,,Elisa,So Delicate So Pure,?,lmd,D,major,0.977,kk,93.8,single tempo,4/4,1.0,bass pad guitar lead drums
POP,,Emilia,Big Big World,?,lmd,G,mixolydian,0.858,kk,88.0,single tempo,4/4,1.0,bass keys lead seq drums
POP,,Eros Ramazzotti,Amore Contro,80s,lmd,C,major,0.832,kk,70.0,single tempo,4/4,0.975,bass pad keys guitar lead drums
POP,,Espen Lind,Life Is Good,new,lmd,G,major,0.9,kk,69.0,9 tempo events (55.0-100.0); bpm = median beat,4/4,1.0,bass pad keys guitar lead drums
POP,,Frisco / Alexia,Me & You,?,lmd,B,minor,0.809,kk,140.0,single tempo,4/4,1.0,bass pad keys lead seq fx drums
POP,,Gareth Gates,Listen To My Heart,new,lmd,D,major,0.939,kk,68.0,2 tempo events (67.0-68.0); bpm = median beat,4/4,1.0,bass keys lead seq fx drums
POP,,Gareth Gates,Suspicious Minds,new,lmd,G,major,0.929,kk,114.0,50 tempo events (68.0-118.0); bpm = median beat,4/4,0.888,bass chord pad keys guitar lead seq drums
POP,,Gareth Gates,Unchained Melody,new,lmd,Bb,major,0.954,kk,94.0,8 tempo events (68.0-188.0); bpm = median beat,4/4 (none),1.0,bass pad guitar lead drums
POP,,Gareth Gates,What My Heart Wants To Say,new,lmd,A,major,0.949,kk,77.0,24 tempo events (36.0-83.0); bpm = median beat,4/4,1.0,bass pad keys guitar lead drums
POP,,Geri Halliwell,Look At Me,90s,lmd,A,minor,0.867,kk,145.0,63 tempo events (142.4-146.2); bpm = median beat,4/4,1.0,bass pad keys guitar lead seq drums
POP,,Hipsway,Keepin' It Together,?,lmd,B,minor,0.931,kk,120.0,single tempo,4/4,1.0,bass keys guitar drums
POP,,Holly Valance,Naughty Girl (single version),new,lmd,A,mixolydian,0.895,kk,109.0,single tempo,4/4,1.0,bass pad lead drums
POP,,Illuminate,"Outro: ""Alles_ Was Blieb",new,lmd,C,major,0.954,kk,99.0,single tempo,4/4,1.0,bass pad keys guitar lead
POP,,Irene Grandi,T.Q.M.,80s,lmd,E,mixolydian,0.766,kk,107.0,single tempo,4/4,1.0,bass pad keys guitar seq drums
POP,,Janus,Waterloo,?,lmd,A,major,0.951,kk,146.0,single tempo,4/4,1.0,bass chord pad keys guitar lead drums
POP,,Jean-Jacques Goldman,Le Rapt,80s,lmd,A,minor,0.846,kk,150.5,59 tempo events (150.5-162.0); bpm = median beat,4/4,0.995,bass pad keys guitar lead drums
POP,,Jennifer Brown,Tuesday Afternoon,90s,lmd,B,minor,0.858,kk,112.0,3 tempo events (105.0-112.0); bpm = median beat,4/4,1.0,bass chord pad keys guitar lead drums
POP,,Jennifer Warnes,I'm Dreaming,80s,lmd,D,major,0.871,kk,67.0,single tempo,2/4,0.949,bass chord pad keys lead drums
POP,,Jordin Sparks,S.O.S. (Let The Music Play),new,lmd,C,minor,0.956,kk,131.0,single tempo,4/4,1.0,bass pad keys lead arp drums
POP,,José Carreras And Sarah Brightman,Amigos Para Siempre - Friends For Life,?,lmd,F,major,0.957,kk,104.0,32 tempo events (53.0-104.0); bpm = median beat,4/4,1.0,bass chord pad keys lead seq fx drums
POP,,Jürgen von der Lippe,Ein Jüngling liebt ein Mädchen,90s,lmd,G,major,0.809,bass-relative,117.0,single tempo,4/4,1.0,bass pad keys guitar lead fx drums
POP,,Lady GaGa,Bad Romance,new,lmd,A,minor,0.963,kk,119.0,single tempo,4/4,1.0,bass chord pad keys lead seq drums
POP,,Lara Fabian,To Love Again (Si Tu M'Aimes),80s,lmd,D,minor,0.926,kk,62.0,30 tempo events (20.0-62.0); bpm = median beat,4/4,1.0,bass pad keys guitar arp fx drums
POP,,Laura Branigan,How Am I Supposed To Live Without You  (LP Version),80s,lmd,F,major,0.876,kk,70.0,14 tempo events (57.0-70.0); bpm = median beat,4/4,0.94,bass pad keys guitar lead drums
POP,,Laura Pausini,Strani Amori,80s,lmd,G,major,0.737,kk,69.0,single tempo,4/4,1.0,bass chord pad keys guitar lead fx drums
POP,,Little Eva,Breaking Up Is Hard To Do,80s,lmd,C,major,0.758,kk,120.0,single tempo,4/4,1.0,bass keys guitar lead drums
POP,,LMC vs U2,Take Me To The Clouds Above,new,lmd,B,major,0.753,kk,144.0,single tempo,4/4,1.0,bass chord pad keys lead seq fx drums
POP,,Londonbeat,No Woman No Cry,80s,lmd,Db,major,0.93,kk,93.0,single tempo,4/4,1.0,bass chord pad keys guitar lead drums
POP,,Lorie,Je Serai (Ta Meilleure Amie),new,lmd,Db,minor,0.863,kk,108.0,single tempo,4/4,1.0,bass pad keys guitar lead drums
POP,,Love Of Lesbian,Segundo asalto,new,lmd,Gb,minor,0.8,kk,120.0,single tempo,4/4,1.0,bass guitar lead drums
POP,,Magic Affair,In The Middle Of The Night,80s,lmd,C,minor,0.955,kk,141.0,single tempo,4/4 (none),1.0,bass chord pad lead arp seq drums
POP,,Mariah Carey,I'll Be There,80s,lmd,F,major,0.954,kk,94.0,4 tempo events (90.0-94.0); bpm = median beat,4/4,1.0,bass chord pad keys guitar lead drums
POP,,Mariah Carey feat. Boyz II Men,One Sweet Day,80s,lmd,Ab,mixolydian,0.755,kk,66.0,single tempo,4/4,1.0,bass pad lead drums
POP,,Mark Medlock,Summer Love,new,lmd,Eb,major,0.919,kk,120.0,single tempo,4/4,1.0,bass chord pad keys guitar lead arp drums
POP,,Mark Medlock & Dieter Bohlen,Unbelievable,new,lmd,A,major,0.855,kk,65.0,single tempo,4/4,1.0,bass pad keys lead drums
POP,,Marquess,You And Not Tokio (Radio Edit),new,lmd,G,major,0.923,kk,71.0,single tempo,4/4,0.968,bass pad keys guitar lead drums
POP,,Masterboy,Baby Let It Be,80s,lmd,C,minor,0.758,kk,135.0,single tempo,4/4 (none),1.0,bass keys seq drums
POP,,Melanie C,Better Alone,new,lmd,A,major,0.929,kk,69.0,2 tempo events (69.0-241.0); bpm = median beat,4/4,0.983,bass chord keys guitar lead drums
POP,,Melanie C,First Day Of My Life,new,lmd,Db,major,0.876,kk,76.0,7 tempo events (70.0-76.0); bpm = median beat,4/4,1.0,bass pad keys guitar lead seq drums
POP,,Melanie C,I Turn To You (Hex Hector Radio Mix),new,lmd,Eb,minor,0.891,kk,138.0,single tempo,4/4,1.0,bass pad keys lead arp seq drums
POP,,Melanie C,Northern Star,90s,lmd,C,mixolydian,0.895,kk,101.0,single tempo,4/4,1.0,bass pad guitar lead drums
POP,,Melanie C,On The Horizon,new,lmd,E,major,0.918,kk,116.0,3 tempo events (108.0-116.0); bpm = median beat,4/4 (none),1.0,bass chord pad keys guitar lead drums
POP,,Melanie Thornton,Heartbeat,new,lmd,D,minor,0.838,kk,125.0,single tempo,4/4,1.0,bass pad keys guitar lead fx drums
POP,,Miley Cyrus,7 Things,new,lmd,Db,minor,0.88,kk,127.0,single tempo,4/4,1.0,bass chord pad lead arp seq drums
POP,,Mo-do,Eins Zwei Polizei,90s,lmd,E,minor,0.856,kk,144.0,single tempo,4/4,1.0,bass chord lead seq drums
POP,,Nana,Festa D'Helena,?,lmd,A,major,0.911,kk,105.0,single tempo,4/4,1.0,bass pad keys guitar lead seq drums
POP,,Natalia,Risin,?,lmd,C,minor,0.837,kk,129.0,single tempo,4/4,1.0,keys drums
POP,,Natasha Bedingfield,Unwritten,new,lmd,F,major,0.846,kk,100.0,single tempo,4/4 (none),1.0,bass pad keys guitar lead seq fx drums
POP,,Nathalie Tineo,Die Zeit des Glücks,new,lmd,F,major,0.891,kk,96.0,single tempo,4/4,1.0,bass keys lead seq fx drums
POP,,Olaf Henning,Herzdame,?,lmd,A,major,0.855,kk,132.0,single tempo,4/4,1.0,bass chord pad keys lead seq fx drums
POP,,OTT,Always,?,lmd,Ab,major,0.898,kk,67.0,single tempo,4/4,1.0,keys
POP,,P.J. Proby,Heartbeat,?,lmd,A,major,0.889,kk,150.0,3 tempo events (68.0-200.0); bpm = median beat,4/4,1.0,bass keys guitar lead drums
POP,,Paola Turci,Sai Che E' Un Attimo,new,lmd,Db,major,0.911,kk,110.0,single tempo,4/4,1.0,bass chord pad keys lead drums
POP,,Paris Hilton,Do Ya Think I'm Sexy (Album Version),new,lmd,D,minor,0.862,kk,112.0,single tempo,4/4,1.0,bass guitar lead arp drums
POP,,Patrick Nuo,Beautiful (Jost & Fleps Radio Version),new,lmd,Ab,major,0.952,kk,120.0,2 tempo events (101.0-120.0); bpm = median beat,4/4,1.0,bass pad keys guitar lead drums
POP,,Patrick Nuo,Nothing Until I Got You,new,lmd,B,major,0.881,kk,84.0,single tempo,2/4,0.986,bass chord pad guitar fx drums
POP,,Patrick Nuo,Radio Sun,new,lmd,F,major,0.886,kk,77.0,single tempo,4/4,1.0,bass pad guitar lead drums
POP,,Patrick Nuo,She's Like The Wind,new,lmd,E,minor,0.923,kk,125.0,single tempo,4/4,1.0,bass keys guitar lead arp drums
POP,,Richard Clayderman,The Way We Were,80s,lmd,A,major,0.922,kk,65.0,4 tempo events (56.0-68.0); bpm = median beat,4/4,0.983,bass chord pad keys guitar lead drums
POP,,Robin Gibb,I've Gotta Get A Message To You,?,lmd,C,mixolydian,0.852,kk,100.0,single tempo,4/4,1.0,bass pad guitar lead drums
POP,,Robin Gibb,Love Hurts,?,lmd,A,minor,0.895,kk,87.0,single tempo,4/4,1.0,bass pad keys guitar drums
POP,,Robin Gibb,To Love Somebody,?,lmd,A,major,0.943,kk,92.0,single tempo,4/4,1.0,bass chord pad guitar lead drums
POP,,Rogue Traders,Better In The Dark,new,lmd,A,phrygian,0.358,kk,126.0,single tempo,4/4,1.0,bass lead drums
POP,,Ronan Keating,It's Only Christmas,new,lmd,G,major,0.906,kk,75.0,single tempo,4/4,1.0,bass guitar lead drums
POP,,Ronan Keating,Life Is A Rollercoaster,new,lmd,C,major,0.862,kk,119.0,single tempo,4/4,1.0,bass chord pad keys guitar drums
POP,,Ronan Keating,Suspicious Minds,new,lmd,G,major,0.964,kk,120.0,8 tempo events (109.0-120.0); bpm = median beat,4/4,1.0,bass chord pad keys guitar lead drums
POP,,Ronan Keating / Bryan Adams,The Way You Make Me Feel,new,lmd,A,mixolydian,0.824,kk,79.0,single tempo,4/4,1.0,bass chord pad keys guitar lead drums
POP,,Rosana,Hoy,new,lmd,Ab,major,0.886,kk,90.0,single tempo,4/4,1.0,bass pad keys guitar lead drums
POP,,Rupaul,Let's Turn the Night (Matt Moss' Vidon Remix),new,lmd,C,major,0.92,kk,133.0,single tempo,4/4,1.0,bass pad keys guitar lead drums
POP,,S Club 7,Don't Stop Movin',new,lmd,G,minor,0.904,kk,117.0,single tempo,4/4,1.0,bass pad keys guitar lead drums
POP,,S Club 7,Have You Ever,new,lmd,C,mixolydian,0.87,kk,69.0,12 tempo events (53.0-69.0); bpm = median beat,4/4,0.984,bass chord pad keys guitar lead arp drums
POP,,S Club 7,Natural,new,lmd,D,minor,0.864,kk,97.4,single tempo,4/4,1.0,bass pad keys guitar lead arp seq drums
POP,,S Club 7,Reach,new,lmd,G,major,0.875,kk,167.0,single tempo,4/4,1.0,bass chord pad keys guitar lead seq drums
POP,,S.O.A.P.,Romeo & Juliet,90s,lmd,D,minor,0.743,bass-relative,133.0,single tempo,4/4,1.0,bass pad keys lead seq drums
POP,,Samantha Fox,Out Of Our Hands,80s,lmd,C,major,0.795,kk,104.0,single tempo,2/4,0.991,bass pad guitar drums
POP,,Samantha Fox,Touch Me (I Want Your Body) ?09,80s,lmd,G,minor,0.825,kk,132.0,single tempo,4/4,1.0,bass chord pad keys guitar lead drums
POP,,Samantha Fox,Touch Me 2009 (DJ Pete Martine's Summer Anthem Mix),80s,lmd,G,minor,0.664,kk,144.0,single tempo,4/4 (none),1.0,bass lead arp drums
POP,,Samantha Fox,True Devotion,80s,lmd,C,major,0.851,kk,91.0,single tempo,4/4,1.0,bass pad guitar lead arp drums
POP,,Sarah Slean,Please Be Good To Me,new,lmd,E,minor,0.943,kk,78.0,single tempo,4/4,1.0,bass pad keys guitar lead drums
POP,,Sasha,Rooftop (New Radio Version),?,lmd,A,major,0.942,kk,126.0,single tempo,4/4,1.0,bass pad keys lead drums
POP,,Shayne Ward,Hit The Ground Running,new,lmd,Bb,major,0.895,kk,100.0,single tempo,4/4,1.0,bass pad keys guitar lead drums
POP,,Shayne Ward,Until You,new,lmd,Bb,major,0.972,kk,90.5,single tempo,4/4,1.0,bass pad keys guitar drums
POP,,Son Of A Plumber,Waltz For Woody,new,lmd,C,major,0.911,kk,138.0,single tempo,4/4,1.0,bass pad keys guitar lead arp drums
POP,,Sophie Ellis-Bextor,Groovejet (If This Ain't Love),new,lmd,A,minor,0.978,kk,123.0,2 tempo events (115.0-123.0); bpm = median beat,4/4,1.0,bass chord pad keys guitar lead drums
POP,,Sophie Monk,Inside Outside,new,lmd,F,major,0.793,kk,140.0,single tempo,4/4,1.0,bass keys guitar lead drums
POP,,Soraya,(I'll Never Be) Maria Magdalena,?,lmd,A,mixolydian,0.798,kk,103.0,single tempo,4/4,1.0,bass chord pad keys lead fx drums
POP,,Spice Girls,Love Thing,90s,lmd,D,minor,0.754,kk,109.0,single tempo,4/4,1.0,bass chord keys guitar lead drums
POP,,Spice Girls,Mama (Radio Version),90s,lmd,Ab,major,0.926,kk,96.0,single tempo,4/4,1.0,bass chord pad keys guitar lead seq drums
POP,,Spice Girls,Never Give Up On The Good Times,90s,lmd,F,major,0.842,kk,117.0,single tempo,4/4,1.0,bass chord pad keys guitar arp seq fx drums
POP,,Steps,Last Thing On My Mind,90s,lmd,A,major,0.921,kk,130.0,single tempo,4/4,1.0,bass chord pad lead seq drums
POP,,T-Spoon,Mercedes Benz,80s,lmd,G,major,0.942,kk,99.0,25 tempo events (75.0-99.0); bpm = median beat,4/4,1.0,bass keys guitar lead drums
POP,,Technicolour,Leave It All Behind,?,lmd,C,major,0.849,kk,87.0,single tempo,4/4,1.0,bass pad keys guitar lead drums
POP,,The Fourmost,Here There And Everywhere,new,lmd,G,major,0.903,kk,102.0,2 tempo events (102.0-110.0); bpm = median beat,4/4,1.0,bass pad keys guitar drums
POP,,The Ventures,(They Long To Be) Close To You,80s,lmd,C,minor,0.884,kk,86.0,single tempo,4/4,0.988,bass pad keys fx drums
POP,,Valerio Scanu,Credi In Me,new,lmd,C,major,0.981,kk,79.0,2 tempo events (79.0-81.0); bpm = median beat,4/4,1.0,bass keys guitar lead drums
POP,,Vonda Shepard,Searchin' My Soul,80s,lmd,Bb,major,0.924,kk,128.0,2 tempo events (120.0-128.0); bpm = median beat,4/4,1.0,bass keys guitar lead drums
POP,,Wanessa,Eu Posso Te Sentir (Breathe),?,lmd,G,major,0.902,kk,137.0,single tempo,4/4,1.0,bass guitar lead drums
POP,,Westlife,If I Let You Go,90s,lmd,C,major,0.757,kk,91.0,34 tempo events (75.0-93.0); bpm = median beat,4/4,0.989,bass chord pad keys guitar lead drums
POP,,Westlife,My Love,new,lmd,G,major,0.843,kk,150.0,single tempo,4/4,1.0,bass pad keys guitar lead drums
POP,,Westlife,Obvious,new,lmd,E,major,0.914,kk,164.0,163 tempo events (89.6-166.3); bpm = median beat,4/4,1.0,bass pad keys guitar lead seq drums
POP,,Westlife with Diana Ross,When You Tell Me That You Love Me,new,lmd,Gb,major,0.779,kk,155.0,4 tempo events (141.0-155.0); bpm = median beat,4/4 (none),1.0,bass pad keys guitar lead drums
POP,,Wim Soutaer,Voor Altijd,?,lmd,E,phrygian,0.793,kk,128.0,4 tempo events (100.0-128.0); bpm = median beat,4/4,1.0,bass pad guitar lead drums
POP,JPOP,D'espairs Ray,Angeldust,new,lmd,B,phrygian,0.721,kk,140.0,single tempo,4/4,1.0,bass guitar lead
POP,JPOP,D'espairs Ray,Hollow,new,lmd,D,minor,0.827,bass-relative,185.0,single tempo,4/4,1.0,bass pad guitar lead arp drums
POP,JPOP,D'espairs Ray,KOGOERU YORU NI SAITA HANA,new,lmd,Db,minor,0.954,kk,150.0,single tempo,4/4,1.0,bass chord pad guitar lead arp fx drums
POP,JPOP,D'espairs Ray,SCREEN,new,lmd,D,minor,0.91,kk,100.0,single tempo,4/4,1.0,bass chord keys guitar lead drums
POP,JPOP,D'espairs Ray,Squall,new,lmd,B,major,0.919,kk,170.0,41 tempo events (130.0-170.0); bpm = median beat,4/4,1.0,bass pad guitar lead drums
POP,SYNTHPOP,2raumwohnung,Wenn Du Bei Mir Liegst,new,lmd,C,major,0.826,kk,75.0,single tempo,2/4,0.987,bass pad keys lead drums
POP,SYNTHPOP,A-Ha,Crying In The Rain - Live,new,lmd,D,major,0.937,kk,92.0,single tempo,4/4,1.0,bass pad keys guitar lead drums
POP,SYNTHPOP,A-Ha,Minor Earth Major Sky - Atb Club Remix,new,lmd,A,mixolydian,0.901,kk,123.0,single tempo,4/4,0.99,bass keys guitar lead drums
POP,SYNTHPOP,A-Ha,Take On Me (Remastered Album Version),new,lmd,A,major,0.929,kk,170.0,single tempo,4/4,1.0,bass chord pad keys guitar lead drums
POP,SYNTHPOP,A-Ha,There's Never A Forever Thing (Album Version),80s,lmd,C,mixolydian,0.8,kk,100.0,58 tempo events (72.0-103.0); bpm = median beat,4/4,1.0,bass pad keys lead drums
POP,SYNTHPOP,A-Ha,Train Of Thought (Remix) (Remastered Version),new,lmd,A,major,0.758,kk,140.0,single tempo,4/4,1.0,bass pad keys guitar lead seq drums
POP,SYNTHPOP,After The Fire,Der Kommissar,80s,lmd,A,dorian,0.767,kk,117.0,single tempo,4/4 (none),1.0,bass chord pad keys guitar lead drums
POP,SYNTHPOP,Alphaville,Ariana,80s,lmd,Db,major,0.92,kk,180.0,single tempo,4/4,1.0,bass pad keys guitar lead drums
POP,SYNTHPOP,Alphaville,Big in Japan (Demo Remix),90s,lmd,D,minor,0.787,kk,109.0,single tempo,4/4,1.0,bass keys lead seq drums
POP,SYNTHPOP,Alphaville,Dance With Me,80s,lmd,C,major,0.877,kk,141.0,single tempo,4/4,1.0,bass lead drums
POP,SYNTHPOP,Alphaville,Danger in your Paradise (Demo),80s,lmd,Eb,major,0.932,kk,123.0,single tempo,4/4,1.0,bass chord pad keys guitar lead drums
POP,SYNTHPOP,Alphaville,Forever Young (Demo Remix),90s,lmd,C,major,0.864,kk,135.0,single tempo,4/4,1.0,bass chord pad keys lead arp seq drums
POP,SYNTHPOP,Arcadia,Making Love Out Of Nothing At All,?,lmd,G,major,0.926,kk,65.0,single tempo,4/4,1.0,bass pad keys guitar drums
POP,SYNTHPOP,Art Of Noise,Love,80s,lmd,Ab,minor,0.833,kk,68.0,2 tempo events (62.0-68.0); bpm = median beat,4/4,1.0,bass pad keys lead drums
POP,SYNTHPOP,Atomic Kitten,Someone Like Me (Minus Blue Mix),new,lmd,Bb,mixolydian,0.929,kk,130.0,single tempo,4/4,1.0,bass pad guitar seq fx drums
POP,SYNTHPOP,Au Revoir Simone,Dark Halls,new,lmd,Db,major,0.953,kk,130.0,9 tempo events (98.0-130.0); bpm = median beat,4/4,1.0,bass chord pad keys guitar lead arp seq drums
POP,SYNTHPOP,Basshunter,DotA (Radio Edit),new,lmd,C,major,0.772,kk,135.0,single tempo,4/4,1.0,bass guitar lead fx drums
POP,SYNTHPOP,Blancmange,I've Seen The Word,80s,lmd,G,major,0.866,kk,131.0,7 tempo events (41.0-131.0); bpm = median beat,4/4,1.0,bass pad keys guitar lead drums
POP,SYNTHPOP,Blutengel,Seelenschmerz 2007 (Reworked by Eminence of Darkness),new,lmd,F,major,0.875,kk,138.0,single tempo,4/4,1.0,bass keys guitar drums
POP,SYNTHPOP,Bobby,So Many Scars [extended Dynamikk Version],new,lmd,C,major,0.968,kk,138.0,single tempo,4/4,1.0,bass pad lead drums
POP,SYNTHPOP,Britney Spears featuring Madonna,Me Against The Music,new,lmd,Gb,minor,0.956,kk,120.0,single tempo,4/4,1.0,bass chord pad keys guitar lead seq drums
POP,SYNTHPOP,Bronski Beat,Smalltown Boy,80s,lmd,C,minor,0.81,kk,134.0,single tempo,4/4,1.0,bass pad keys guitar lead drums
POP,SYNTHPOP,camouflage,,80s,lamd,Eb,minor,0.805,kk,64.0,2 tempo events (64.0-100.0); bpm = median beat,4/4,1.0,bass chord pad keys arp seq fx drums
POP,SYNTHPOP,Christina Aguilera,Genie 2.0,new,lmd,C,minor,0.758,kk,120.0,single tempo,4/4,1.0,bass keys seq drums
POP,SYNTHPOP,Cicada,Edge,?,lmd,C,major,0.856,kk,120.0,single tempo,4/4 (none),1.0,bass chord pad keys lead arp fx drums
POP,SYNTHPOP,Clowns und Helden,Ich liebe Dich,?,lmd,G,phrygian,0.757,kk,142.0,single tempo,4/4,1.0,bass chord pad keys guitar lead seq drums
POP,SYNTHPOP,Cut Copy,Far Away,new,lmd,F,minor,0.872,kk,130.0,single tempo,4/4,1.0,bass pad keys guitar lead drums
POP,SYNTHPOP,David Grant & Jaki Graham,Could It Be I'm Falling In Love,80s,lmd,G,major,0.923,kk,104.0,single tempo,4/4,1.0,bass chord pad keys guitar lead drums
POP,SYNTHPOP,dead or alive,,80s,lamd,Gb,minor,0.882,kk,128.0,single tempo,4/4,1.0,bass chord pad keys lead arp seq drums
POP,SYNTHPOP,dead or alive,,80s,lamd,G,mixolydian,0.844,kk,75.0,42 tempo events (47.0-110.0); bpm = median beat,4/4,0.99,bass pad guitar lead fx drums
POP,SYNTHPOP,Dead Or Alive,Even Better Than The Real Thing,90s,lmd,A,phrygian,0.934,kk,128.0,3 tempo events (100.0-128.0); bpm = median beat,4/4,0.992,bass chord pad keys seq fx drums
POP,SYNTHPOP,Dead Or Alive,You Spin Me Round (Like A Record) (2009 Version),80s,lmd,Gb,minor,0.837,kk,124.0,single tempo,4/4,1.0,bass chord pad keys guitar arp seq drums
POP,SYNTHPOP,Depeche Mode,Suffer Well (Single Version),new,lmd,E,minor,0.833,kk,131.0,2 tempo events (120.0-131.0); bpm = median beat,4/4,0.989,bass chord pad keys guitar lead seq fx drums
POP,SYNTHPOP,Don Juan Dracula,Take Me Home (The Muffles Hastwerk Remix),?,lmd,G,major,0.899,kk,129.0,2 tempo events (129.0-130.0); bpm = median beat,4/4,1.0,bass keys guitar lead drums
POP,SYNTHPOP,Electronic,Twisted Tenderness,90s,lmd,E,minor,0.941,kk,135.0,2 tempo events (120.0-135.0); bpm = median beat,4/4,0.995,bass pad keys guitar lead seq fx drums
POP,SYNTHPOP,ellie goulding,,new,lamd,Ab,major,0.878,kk,96.0,single tempo,4/4,1.0,pad lead seq fx drums
POP,SYNTHPOP,empire of the sun,,new,lamd,A,major,0.823,kk,127.0,2 tempo events (100.0-127.0); bpm = median beat,4/4,1.0,bass keys guitar lead drums
POP,SYNTHPOP,Empire Of The Sun,We Are The People (The Golden Filter Remix - UK Edit),new,lmd,E,phrygian,0.837,kk,125.0,single tempo,4/4,0.988,bass keys guitar lead drums
POP,SYNTHPOP,Erasure,Drama! (Dogmatix Dramatical Dub),80s,lmd,D,mixolydian,0.859,kk,124.0,single tempo,4/4,1.0,bass chord pad keys lead drums
POP,SYNTHPOP,Erasure,Man In The Moon,80s,lmd,F,major,0.825,kk,125.0,3 tempo events (100.0-125.0); bpm = median beat,4/4,1.0,bass guitar drums
POP,SYNTHPOP,Erasure,Star (2009 Digital Remaster),80s,lmd,Gb,major,0.808,kk,123.0,2 tempo events (120.0-123.0); bpm = median beat,4/4,1.0,bass chord pad keys guitar lead arp seq drums
POP,SYNTHPOP,Erasure,Take Me Back,80s,lmd,C,major,0.881,kk,98.0,34 tempo events (65.0-98.0); bpm = median beat,4/4,1.0,bass pad keys lead seq fx drums
POP,SYNTHPOP,Estatuas De Sol,Caer,new,lmd,C,minor,0.952,kk,133.1,single tempo,4/4,1.0,bass chord pad keys fx drums
POP,SYNTHPOP,Eurythmics,I Saved The World Today,90s,lmd,C,major,0.74,kk,120.0,86 tempo events (79.0-120.0); bpm = median beat,4/4,1.0,bass keys guitar lead drums
POP,SYNTHPOP,Eurythmics,Love Is A Stranger,80s,lmd,F,major,0.856,kk,124.0,single tempo,4/4,1.0,bass chord keys lead arp seq drums
POP,SYNTHPOP,Eurythmics,Miracle Of Love,80s,lmd,D,major,0.756,kk,106.0,single tempo,4/4,1.0,bass chord pad keys lead arp fx drums
POP,SYNTHPOP,Eurythmics,Sweet Dreams (Are Made Of This),80s,lmd,C,minor,0.855,kk,124.0,single tempo,4/4,1.0,bass pad guitar lead drums
POP,SYNTHPOP,Fairlight Children,New Age,new,lmd,A,minor,0.516,kk,129.0,single tempo,4/4,1.0,bass chord keys lead drums
POP,SYNTHPOP,Fey,Media Naranja,80s,lmd,A,minor,0.781,kk,130.0,single tempo,1/4,0.992,bass pad guitar seq drums
POP,SYNTHPOP,Fiction Factory,(Feels Like) Heaven,?,lmd,D,major,0.913,kk,120.0,single tempo,4/4,1.0,bass pad keys guitar seq fx drums
POP,SYNTHPOP,Fous De La Mer,Watersong,new,lmd,D,minor,0.767,kk,108.0,single tempo,4/4 (none),1.0,bass lead arp drums
POP,SYNTHPOP,Frankie Goes To Hollywood,Power of Love '93,80s,lmd,Ab,major,0.885,kk,123.0,single tempo,4/4,1.0,bass pad keys guitar drums
POP,SYNTHPOP,Freezepop,Frontload [DJ Mathew Grim Remix] (Album Version),new,lmd,E,minor,0.779,kk,135.0,single tempo,4/4 (none),1.0,bass pad lead drums
POP,SYNTHPOP,Freur,Doot Doot,80s,lmd,G,major,0.984,kk,83.0,28 tempo events (30.0-120.0); bpm = median beat,4/4,0.992,bass pad keys guitar lead fx drums
POP,SYNTHPOP,Garbage,Push It (Re-mastered 2007),new,lmd,E,minor,0.865,kk,124.0,single tempo,4/4,1.0,bass pad keys guitar seq drums
POP,SYNTHPOP,Go West,We Close Our Eyes (Total Overhang Club Mix),80s,lmd,Gb,mixolydian,0.873,kk,130.0,2 tempo events (130.0-200.0); bpm = median beat,4/4,1.0,bass chord pad guitar lead fx drums
POP,SYNTHPOP,Goombay Dance Band,Christmas At Sea,90s,lmd,C,major,0.9,kk,123.0,single tempo,4/4 (none),1.0,bass pad guitar lead drums
POP,SYNTHPOP,Hanna Hais,[Je ne veux plus être] Ta Reine [Jamie Lewis Late Night Mix],new,lmd,C,major,0.953,kk,120.0,single tempo,4/4,1.0,keys guitar arp drums
POP,SYNTHPOP,Hot Chip,(Just Like We) Breakdown (Booka Shade Vocal Mix),new,lmd,Db,major,0.479,kk,120.0,single tempo,4/4 (none),1.0,chord drums
POP,SYNTHPOP,Hot Chip,Boy From School (Cosmic Sandwich Remix),new,lmd,Db,minor,0.815,bass-relative,124.0,2 tempo events (118.0-124.0); bpm = median beat,4/4 (none),1.0,bass pad keys guitar lead seq drums
POP,SYNTHPOP,Hot Chip,Don't Dance,new,lmd,F,major,0.848,kk,130.0,single tempo,4/4,1.0,bass chord pad guitar lead arp drums
POP,SYNTHPOP,Hot Chip,Over And Over (Mock And Toof Dub),new,lmd,G,major,0.782,kk,86.0,single tempo,4/4,1.0,bass pad keys guitar lead seq drums
POP,SYNTHPOP,Howard Jones,No One Is To Blame,80s,lmd,A,major,0.892,kk,94.0,single tempo,4/4,1.0,bass pad keys drums
POP,SYNTHPOP,hurts,,new,lamd,C,major,0.835,kk,68.0,single tempo,4/4,1.0,keys lead
POP,SYNTHPOP,Ian Cussick_ Heiko Effertz_ Max Cohen,Carry That Weight,?,lmd,G,mixolydian,0.865,kk,100.0,single tempo,4/4,1.0,bass chord pad keys guitar lead drums
POP,SYNTHPOP,Japan,The Tenant,80s,lmd,C,major,0.783,kk,100.0,single tempo,4/4,1.0,pad guitar drums
POP,SYNTHPOP,Jason Lytle,Brand New Sun,new,lmd,E,minor,0.918,kk,125.0,single tempo,4/4,1.0,bass keys guitar lead drums
POP,SYNTHPOP,Jermaine Jackson & Pia Zadora,When The Rain Begins To Fall,80s,lmd,C,minor,0.85,kk,150.0,single tempo,4/4 (none),1.0,bass chord pad lead seq drums
POP,SYNTHPOP,la roux,,new,lamd,Eb,minor,0.941,kk,122.0,single tempo,4/4,1.0,bass guitar lead drums
POP,SYNTHPOP,Lady GaGa / Colby O'Donis,Just Dance,new,lmd,A,major,0.613,kk,122.0,2 tempo events (122.0-122.0); bpm = median beat,4/4,1.0,bass lead fx drums
POP,SYNTHPOP,ladytron,,new,lamd,G,minor,0.789,kk,120.0,single tempo,4/4,1.0,bass pad keys lead seq drums
POP,SYNTHPOP,Ladytron,Mu-Tron,new,lmd,Db,mixolydian,0.689,kk,86.0,single tempo,4/4,1.0,bass guitar lead drums
POP,SYNTHPOP,Laura Pausini,Emergencia De Amor,90s,lmd,F,major,0.86,kk,104.0,single tempo,4/4,1.0,bass keys lead arp drums
POP,SYNTHPOP,Le sport,Tell no one about tonight,new,lmd,C,major,0.864,kk,124.0,single tempo,4/4,1.0,bass chord pad keys guitar lead seq drums
POP,SYNTHPOP,Little Boots,Remedy [Kaskade Club Remix],new,lmd,A,major,0.838,kk,133.0,single tempo,4/4 (none),1.0,pad guitar lead drums
POP,SYNTHPOP,Los Concorde,Rompecabezas,?,lmd,A,minor,0.621,kk,118.0,single tempo,4/4,1.0,bass chord pad lead drums
POP,SYNTHPOP,m83,,new,lamd,G,major,0.802,kk,105.0,single tempo,4/4,1.0,bass pad lead seq drums
POP,SYNTHPOP,M83,Sister (Part 1),new,lmd,G,major,0.888,kk,60.0,49 tempo events (60.0-108.0); bpm = median beat,4/4,0.673,bass chord pad lead seq drums
POP,SYNTHPOP,Maria Daniela Y Su Sonido Lasser,Duri Duri (Versión Acústica),?,lmd,D,minor,0.87,kk,144.0,single tempo,4/4,1.0,bass chord pad lead seq drums
POP,SYNTHPOP,Marina And The Diamonds,Hollywood (Album Version),new,lmd,C,major,0.849,kk,123.0,single tempo,4/4,1.0,bass chord pad keys lead seq drums
POP,SYNTHPOP,Marina And The Diamonds,Shampain (album version),new,lmd,C,mixolydian,0.917,kk,116.0,single tempo,4/4,1.0,bass chord pad keys guitar lead arp fx drums
POP,SYNTHPOP,Melody Club,Golden Day,new,lmd,G,mixolydian,0.907,kk,105.0,single tempo,4/4 (none),1.0,pad keys arp drums
POP,SYNTHPOP,Miami Horror,Bellevue,new,lmd,G,major,0.905,kk,135.0,single tempo,4/4,1.0,keys guitar lead drums
POP,SYNTHPOP,Miike Snow,Black & Blue,new,lmd,F,major,0.91,kk,112.0,7 tempo events (86.0-112.0); bpm = median beat,4/4 (none),1.0,bass pad keys guitar lead seq drums
POP,SYNTHPOP,Miranda!,Imán,new,lmd,A,minor,0.863,kk,82.0,single tempo,4/4,1.0,bass chord keys lead drums
POP,SYNTHPOP,Monocordio,Amar es Combatir,?,lmd,G,major,0.81,kk,105.0,single tempo,4/4,1.0,bass chord pad keys guitar lead drums
POP,SYNTHPOP,MPHO,Box N Locks,new,lmd,A,minor,0.788,kk,162.0,single tempo,4/4,1.0,bass pad guitar lead fx drums
POP,SYNTHPOP,Nancys Rubias,Abre tu mente,?,lmd,A,phrygian,0.777,kk,131.0,single tempo,4/4,1.0,bass chord pad lead seq fx drums
POP,SYNTHPOP,Nik Kershaw,I Won't Let The Sun Go Down On Me,80s,lmd,A,major,0.859,kk,108.0,single tempo,4/4,1.0,bass chord pad keys guitar lead seq drums
POP,SYNTHPOP,Obk,Yo Sé Que No (Demo),new,lmd,F,major,0.888,kk,87.0,single tempo,4/4,1.0,bass pad lead seq drums
POP,SYNTHPOP,Ole Erling,Last Christmas,?,lmd,D,major,0.894,kk,108.0,2 tempo events (92.0-108.0); bpm = median beat,4/4,1.0,bass pad keys guitar lead drums
POP,SYNTHPOP,OMD,Enola Gay,80s,lmd,F,major,0.934,kk,144.0,single tempo,4/4,1.0,bass pad keys lead fx drums
POP,SYNTHPOP,Owl City,Fireflies,new,lmd,Eb,major,0.951,kk,90.0,2 tempo events (50.0-90.0); bpm = median beat,4/4,1.0,bass pad keys lead drums
POP,SYNTHPOP,Owl City,Rainbow Veins,new,lmd,C,major,0.877,kk,138.0,single tempo,4/4,1.0,bass pad lead seq drums
POP,SYNTHPOP,Owl City,This Is The Future,new,lmd,Db,minor,0.902,kk,118.0,single tempo,4/4,1.0,bass chord pad keys guitar lead seq drums
POP,SYNTHPOP,Owl City,Vanilla Twilight,new,lmd,Gb,mixolydian,0.841,kk,83.0,single tempo,4/4,1.0,bass pad keys lead arp drums
POP,SYNTHPOP,parallels,,new,lamd,A,minor,0.912,kk,64.0,2 tempo events (64.0-120.0); bpm = median beat,4/4,0.5,bass seq drums
POP,SYNTHPOP,Passion Pit,Sleepyhead,new,lmd,Ab,major,0.843,kk,115.0,single tempo,4/4,1.0,bass pad keys lead drums
POP,SYNTHPOP,Paul van Dyk / Peter Heppner,Wir sind Wir,new,lmd,A,major,0.778,kk,138.0,single tempo,4/4,1.0,bass chord keys drums
POP,SYNTHPOP,Pet Shop Boys,Did you see me coming?,new,lmd,Eb,major,0.902,kk,127.0,single tempo,4/4,1.0,bass chord pad keys guitar lead drums
POP,SYNTHPOP,Pet Shop Boys,Generic Jingle (2001 Digital Remaster),80s,lmd,G,major,0.756,kk,66.0,26 tempo events (45.0-95.0); bpm = median beat,4/4,0.986,bass pad keys guitar drums
POP,SYNTHPOP,Pet Shop Boys,Heart (2001 Digital Remaster),80s,lmd,A,minor,0.765,kk,126.0,single tempo,4/4,1.0,bass pad guitar lead drums
POP,SYNTHPOP,Pet Shop Boys,Integral (Dave Spoon Mix),new,lmd,D,minor,0.798,bass-relative,112.0,single tempo,4/4,1.0,bass pad keys guitar lead drums
POP,SYNTHPOP,Pet Shop Boys,So Hard (2001 Digital Remaster),80s,lmd,C,major,0.881,kk,124.0,single tempo,4/4,1.0,bass pad lead seq drums
POP,SYNTHPOP,Peter Schilling,Fehler im System,80s,lmd,A,minor,0.971,kk,142.0,single tempo,4/4 (none),1.0,bass chord pad lead drums
POP,SYNTHPOP,Propaganda,Duel,80s,lmd,Db,lydian,0.817,kk,145.0,single tempo,4/4,1.0,bass chord pad keys lead drums
POP,SYNTHPOP,Real Life,Blue Monday,80s,lmd,D,minor,0.757,kk,133.0,single tempo,4/4,1.0,bass guitar lead drums
POP,SYNTHPOP,Real Life,Cars,80s,lmd,D,major,0.771,kk,131.0,single tempo,4/4,1.0,bass lead drums
POP,SYNTHPOP,Real Life,Everything Counts,80s,lmd,A,minor,0.851,kk,108.0,single tempo,4/4,1.0,bass pad lead drums
POP,SYNTHPOP,Real Life,Shout,80s,lmd,G,minor,0.711,kk,95.0,single tempo,4/4,1.0,bass chord pad keys guitar lead seq drums
POP,SYNTHPOP,Real Life,Sweet Dreams (Are Made Of This),80s,lmd,C,minor,0.968,kk,125.0,single tempo,4/4,1.0,bass pad keys lead arp seq fx drums
POP,SYNTHPOP,Rex The Dog,The Knife: Heartbeats (Rex The Dog Remix),new,lmd,Eb,major,0.918,kk,120.0,single tempo,4/4,1.0,guitar lead drums
POP,SYNTHPOP,robyn,,new,lamd,Eb,minor,0.765,kk,102.0,single tempo,4/4,1.0,bass chord pad keys guitar lead drums
POP,SYNTHPOP,Roxy Music,Take A Chance With Me (1999 Digital Remaster),80s,lmd,F,minor,0.866,kk,124.0,single tempo,4/4,1.0,bass guitar lead seq drums
POP,SYNTHPOP,Róisín Murphy,Primitive,new,lmd,E,phrygian,0.807,kk,110.0,single tempo,4/4,1.0,bass keys guitar lead fx drums
POP,SYNTHPOP,Röyksopp,This Must Be It,new,lmd,A,minor,0.592,kk,120.0,2 tempo events (80.0-120.0); bpm = median beat,4/4,1.0,bass guitar seq fx drums
POP,SYNTHPOP,Samantha Fox,Touch Me,80s,lmd,G,minor,0.572,kk,133.0,single tempo,4/4 (none),1.0,bass pad lead drums
POP,SYNTHPOP,Secret Service,When The Night Closes In,80s,lmd,C,major,0.903,kk,101.0,single tempo,4/4,1.0,bass chord pad keys lead drums
POP,SYNTHPOP,Shakespears Sister,Twist The Knife,80s,lmd,C,minor,0.57,kk,120.0,single tempo,4/4,1.0,bass chord pad keys lead seq drums
POP,SYNTHPOP,Simian Mobile Disco,Cruel Intentions,new,lmd,D,minor,0.836,kk,129.0,single tempo,4/4,1.0,bass pad keys guitar lead drums
POP,SYNTHPOP,Soft Cell,Insecure Me,80s,lmd,Eb,minor,0.841,kk,142.0,single tempo,4/4,0.992,bass chord pad keys guitar lead seq fx drums
POP,SYNTHPOP,Soft Cell,Tainted Dub / Where Did Our Love Go?,80s,lmd,G,minor,0.901,kk,143.0,single tempo,4/4,1.0,bass pad lead drums
POP,SYNTHPOP,Soft Cell,Tainted Love,80s,lmd,G,minor,0.844,kk,143.0,3 tempo events (143.0-200.0); bpm = median beat,4/4,1.0,bass chord pad lead seq drums
POP,SYNTHPOP,Soft Cell,Tainted Love '91,80s,lmd,G,minor,0.929,kk,140.0,single tempo,4/4,1.0,bass chord keys lead drums
POP,SYNTHPOP,Soft Cell,You Only Live Twice,80s,lmd,F,major,0.911,kk,80.0,17 tempo events (20.0-80.0); bpm = median beat,4/4,1.0,bass keys lead drums
POP,SYNTHPOP,Talk Talk,Dum Dum Girl (12'' Mix),80s,lmd,D,minor,0.754,kk,122.0,single tempo,4/4,1.0,bass keys lead drums
POP,SYNTHPOP,The Beloved,Sweet Harmony,80s,lmd,Eb,mixolydian,0.734,kk,102.0,2 tempo events (102.0-120.0); bpm = median beat,4/4 (none),1.0,bass pad lead arp seq drums
POP,SYNTHPOP,The Communards,Never Can Say Goodbye,80s,lmd,C,mixolydian,0.97,kk,134.0,single tempo,4/4,1.0,bass chord keys lead drums
POP,SYNTHPOP,the knife,,new,lamd,B,major,0.761,bass-relative,145.0,2 tempo events (120.0-145.0); bpm = median beat,4/4,0.988,bass keys lead drums
POP,SYNTHPOP,The Synthesizer,Chariots  Of Fire,?,lmd,Db,major,0.937,kk,138.0,single tempo,4/4,1.0,keys lead arp drums
POP,SYNTHPOP,Thermostatic,Far Away,new,lmd,Bb,mixolydian,0.811,kk,120.0,single tempo,4/4,1.0,bass chord pad keys lead seq drums
POP,SYNTHPOP,Thomas Dolby,She Blinded Me With Science (Extended Version),80s,lmd,E,minor,0.751,kk,129.0,single tempo,4/4,1.0,bass chord pad keys guitar lead drums
POP,SYNTHPOP,Tony Evans & His Orchestra,Shadow Of Your Smile / From Russia With Love (Big Band),?,lmd,E,minor,0.896,kk,100.0,single tempo,4/4,1.0,guitar drums
POP,SYNTHPOP,Ultraviolet,The speed of love,?,lmd,C,major,0.705,bass-relative,100.0,single tempo,4/4,1.0,bass pad keys lead arp drums
POP,SYNTHPOP,Ultravox,A Friend I Call Desire (Work In Progress Mix),80s,lmd,G,major,0.809,kk,143.0,single tempo,4/4,1.0,bass pad guitar lead seq drums
POP,SYNTHPOP,Ultravox,Astradyne (Live At The Roundhouse),80s,lmd,A,minor,0.729,kk,140.0,single tempo,4/4,0.995,bass pad keys guitar lead arp fx drums
POP,SYNTHPOP,Ultravox,Hymn,80s,lmd,E,minor,0.773,kk,132.0,single tempo,4/4,1.0,bass chord pad keys guitar lead drums
POP,SYNTHPOP,Ultravox,Vienna (Live At The Roundhouse),80s,lmd,F,major,0.957,kk,80.0,19 tempo events (59.0-80.0); bpm = median beat,4/4,1.0,bass pad keys lead drums
POP,SYNTHPOP,Un pinguino en mi ascensor,Jota_ Jota,80s,lmd,C,major,0.924,kk,120.0,single tempo,4/4 (none),1.0,bass pad keys guitar lead drums
POP,SYNTHPOP,Vacuum,I Breathe,?,lmd,Eb,minor,0.844,kk,85.0,single tempo,4/4,1.0,bass chord pad keys guitar lead drums
POP,SYNTHPOP,Villa Nah,Way Of The Future,new,lmd,Eb,minor,0.806,kk,82.0,single tempo,4/4,1.0,bass pad guitar drums
POP,SYNTHPOP,Visage,Beat Boy,80s,lmd,F,major,0.958,kk,123.0,2 tempo events (100.0-123.0); bpm = median beat,4/4,1.0,bass chord pad keys guitar drums
POP,SYNTHPOP,Visage,In The Year 2525,80s,lmd,E,minor,0.919,kk,120.0,single tempo,4/4,1.0,bass pad guitar lead drums
POP,SYNTHPOP,We Are Terrorists,Ground Zero,new,lmd,G,minor,0.733,kk,131.0,single tempo,4/4,1.0,bass chord pad drums
POP,SYNTHPOP,yaz,,80s,lamd,B,minor,0.755,kk,132.0,single tempo,4/4,1.0,bass pad guitar lead seq drums
POP,SYNTHPOP,Yazoo,Mr Blue,80s,lmd,A,major,0.86,kk,96.0,single tempo,4/4,1.0,bass keys guitar lead seq drums
POP,SYNTHPOP,Yazoo,Nobody's Diary (Andy Bell & JC Remix),80s,lmd,A,major,0.958,kk,130.0,single tempo,4/4,1.0,bass pad keys guitar seq drums
POP,SYNTHPOP,Yelle,Ce Jeu (The Twelves Remix),new,lmd,Gb,minor,0.844,kk,60.0,single tempo,4/4,1.0,guitar drums
POP,SYNTHPOP,Ysa Ferrer,Welcome to My Lovarium,new,lmd,Ab,major,0.909,kk,112.0,single tempo,4/4,1.0,bass pad keys guitar lead drums
PUNK,,Against Me!,Bitter Divisions,new,lmd,A,minor,0.741,kk,136.0,single tempo,4/4,1.0,bass chord pad keys guitar lead fx drums
PUNK,,American Hi-Fi,The Everlasting Fall (Album Version),new,lmd,D,minor,0.873,kk,97.0,single tempo,4/4,1.0,bass pad keys lead arp seq drums
PUNK,,Armor For Sleep,Today (Armor for Sleep),?,lmd,Eb,major,0.902,kk,84.0,single tempo,1/4,0.986,bass guitar
PUNK,,Audio Karate,Halfway Decent,new,lmd,C,major,0.971,kk,120.0,single tempo,4/4,1.0,bass pad keys guitar lead drums
PUNK,,Bad Astronaut,Clear Cutting,new,lmd,G,major,0.816,kk,136.0,13 tempo events (69.0-143.0); bpm = median beat,4/4,1.0,bass pad keys guitar lead drums
PUNK,,bad religion,,?,lamd,Db,minor,0.755,kk,152.0,2 tempo events (114.0-152.0); bpm = median beat,4/4,1.0,bass guitar lead drums
PUNK,,bad religion,,?,lamd,D,mixolydian,0.741,kk,167.0,single tempo,4/4,1.0,bass guitar lead drums
PUNK,,bad religion,,?,lamd,F,mixolydian,0.75,kk,155.0,single tempo,4/4,1.0,bass guitar lead drums
PUNK,,Bad Religion,1000 More Fools (Album Version),80s,lmd,C,major,0.869,kk,145.0,single tempo,4/4,1.0,bass guitar lead drums
PUNK,,Bad Religion,The Answer (Album Version),80s,lmd,E,minor,0.765,bass-relative,135.0,single tempo,4/4,1.0,bass guitar lead drums
PUNK,,Benito Kamelas,*Intro,?,lmd,D,minor,0.914,kk,125.0,single tempo,4/4,1.0,chord pad lead
PUNK,,Billy Talent,Surrender (Album Version),new,lmd,A,minor,0.88,kk,116.0,single tempo,4/4,1.0,bass chord keys guitar lead drums
PUNK,,Bitch Alert,City Lights,new,lmd,E,minor,0.914,kk,121.0,single tempo,4/4,1.0,bass pad guitar lead drums
PUNK,,Brian Setzer,Summertime Blues,80s,lmd,E,major,0.912,kk,155.0,single tempo,4/4,0.976,bass guitar drums
PUNK,,Clit 45,Stab Your Back (Damned Cover),?,lmd,C,major,0.852,kk,70.0,13 tempo events (40.0-106.0); bpm = median beat,4/4,1.0,bass guitar lead drums
PUNK,,Corrupted Ideals,Outro,?,lmd,D,minor,0.848,kk,160.0,single tempo,4/4,1.0,guitar
PUNK,,Demi Lovato,Remember December,new,lmd,Db,lydian,0.767,kk,88.0,single tempo,4/4,1.0,bass chord pad lead seq fx drums
PUNK,,die toten hosen,,?,lamd,Ab,minor,0.865,kk,100.0,single tempo,4/4,1.0,bass guitar lead drums
PUNK,,Elliot Minor,Lucky Star,new,lmd,E,major,0.909,kk,110.0,3 tempo events (103.0-110.0); bpm = median beat,4/4,1.0,bass keys guitar lead drums
PUNK,,Every Avenue,The Story Left Untold,new,lmd,D,major,0.964,kk,78.0,69 tempo events (56.0-79.0); bpm = median beat,4/4,1.0,bass pad keys guitar lead arp drums
PUNK,,Everyday Sunday,Don't Leave,new,lmd,D,major,0.837,kk,104.0,single tempo,4/4,1.0,bass pad keys guitar lead seq drums
PUNK,,Everyday Sunday,Live For You Tonight,new,lmd,G,mixolydian,0.774,kk,150.0,single tempo,4/4,1.0,bass keys guitar lead drums
PUNK,,face to face,,?,lamd,E,major,0.806,kk,101.2,281 tempo events (57.3-114.8); bpm = median beat,4/4,1.0,keys guitar lead drums
PUNK,,face to face,,?,lamd,A,mixolydian,0.882,kk,97.2,2 tempo events (97.2-98.2); bpm = median beat,4/4,1.0,bass pad keys guitar lead fx drums
PUNK,,face to face,,?,lamd,Eb,major,0.894,kk,180.0,single tempo,4/4,1.0,bass keys lead drums
PUNK,,face to face,,?,lamd,Db,major,0.967,kk,108.0,single tempo,4/4,1.0,bass pad keys guitar lead drums
PUNK,,Fall Out Boy,"A Little Less Sixteen Candles_ A Little More ""Touch Me",new,lmd,D,major,0.831,kk,133.0,single tempo,4/4,1.0,guitar lead drums
PUNK,,Fall Out Boy,Sugar_ We're Goin Down,new,lmd,D,major,0.863,kk,82.0,single tempo,4/4,0.973,bass guitar lead drums
PUNK,,Fall Out Boy,The (After) Life Of The Party,new,lmd,F,major,0.847,bass-relative,71.0,single tempo,4/4,1.0,bass pad guitar lead fx drums
PUNK,,Fall Out Boy,The Take Over_ The Breaks Over,new,lmd,E,major,0.907,kk,76.0,single tempo,4/4,1.0,bass guitar drums
PUNK,,Fall Out Boy,Thnks fr th Mmrs,new,lmd,Bb,minor,0.713,kk,142.0,2 tempo events (120.0-142.0); bpm = median beat,4/4,1.0,bass pad lead seq drums
PUNK,,Fastbacks,Rocket Man (remix),new,lmd,Bb,major,0.965,kk,70.0,single tempo,4/4,1.0,bass pad keys guitar lead arp drums
PUNK,,FM Static,Take Me As I Am,?,lmd,C,major,0.942,kk,127.0,single tempo,4/4,1.0,bass pad keys guitar lead drums
PUNK,,Funeral Dress,Punx Back In Town,?,lmd,D,major,0.957,kk,153.0,3 tempo events (120.0-153.0); bpm = median beat,4/4,0.987,bass guitar lead drums
PUNK,,generation x,,80s,lamd,E,minor,0.954,kk,75.0,single tempo,4/4,1.0,bass keys guitar seq drums
PUNK,,generation x,,80s,lamd,G,minor,0.879,kk,69.0,single tempo,4/4,1.0,bass pad keys lead arp seq drums
PUNK,,generation x,,80s,lamd,E,minor,0.957,kk,80.0,single tempo,4/4,1.0,bass keys guitar lead seq drums
PUNK,,Generation X,Dancing With Myself,80s,lmd,E,major,0.9,kk,176.0,single tempo,4/4,1.0,bass keys guitar lead drums
PUNK,,Goldfinger,99 Red Balloons (Album Version),?,lmd,E,major,0.899,kk,193.0,7 tempo events (72.0-193.0); bpm = median beat,4/4,0.992,bass pad guitar lead drums
PUNK,,good charlotte,,new,lamd,Ab,minor,0.698,kk,138.0,single tempo,4/4,1.0,bass chord pad keys guitar lead drums
PUNK,,Good Charlotte,Girls & Boys,new,lmd,Eb,major,0.748,kk,140.0,single tempo,4/4,1.0,bass guitar lead seq drums
PUNK,,Good Charlotte,I Just Wanna Live,new,lmd,Gb,major,0.646,kk,110.0,single tempo,4/4,1.0,bass pad guitar lead drums
PUNK,,Good Charlotte,The Anthem,new,lmd,Bb,minor,0.849,kk,136.0,single tempo,4/4,1.0,bass pad guitar lead seq drums
PUNK,,Goodluck,Mister Bummbastisch (Boombastic),?,lmd,D,mixolydian,0.784,kk,79.0,single tempo,4/4,1.0,bass chord keys seq drums
PUNK,,Green Day,Basket Case (Live),new,lmd,Eb,major,0.894,kk,180.0,single tempo,4/4,1.0,bass guitar lead drums
PUNK,,Green Day,Chump (Album Version),80s,lmd,Bb,major,0.765,kk,176.0,2 tempo events (176.0-220.0); bpm = median beat,1/4,0.992,bass guitar lead drums
PUNK,,Green Day,King For A Day/Shout (Live),new,lmd,E,major,0.886,kk,146.0,single tempo,4/4,1.0,bass guitar lead seq drums
PUNK,,Green Day,Know Your Enemy [Comcast.net & Comcast On Demand Live Exclusive],new,lmd,B,major,0.866,kk,130.0,single tempo,4/4,1.0,bass guitar lead drums
PUNK,,Green Day,When I Come Around (Album Version),80s,lmd,Gb,major,0.817,kk,98.0,single tempo,2/16,0.959,bass guitar lead drums
PUNK,,Green Day Can You Rock Instructional,Good Riddance - Time Of Your Life (Guitar Removed),?,lmd,G,major,0.97,kk,95.0,11 tempo events (85.0-95.0); bpm = median beat,1/4,0.984,pad guitar lead
PUNK,,Heroes & Zeros,Two More Weeks,new,lmd,C,mixolydian,0.663,kk,129.0,single tempo,4/4,1.0,bass drums
PUNK,,Hoobastank,Disappear,new,lmd,G,mixolydian,0.888,kk,76.0,single tempo,4/4 (none),1.0,bass pad guitar lead
PUNK,,Iggy Pop,Five Foot One,80s,lmd,B,minor,0.679,kk,152.0,single tempo,4/4,1.0,keys
PUNK,,Jimmy Eat World,Bleed American,new,lmd,Gb,minor,0.869,kk,155.0,single tempo,4/4,1.0,bass guitar lead drums
PUNK,,Jimmy Eat World,Futures,new,lmd,Eb,major,0.88,kk,162.0,single tempo,4/4,1.0,bass guitar lead seq drums
PUNK,,Jimmy Eat World,Hear You Me,new,lmd,E,major,0.914,kk,140.0,single tempo,4/4,1.0,bass guitar lead drums
PUNK,,Jimmy Eat World,Kill (Album Version),new,lmd,Bb,major,0.898,kk,129.0,78 tempo events (123.0-129.0); bpm = median beat,2/4,0.991,bass pad keys guitar lead drums
PUNK,,Jimmy Eat World,The Middle,new,lmd,D,major,0.886,kk,160.0,single tempo,4/4,1.0,bass guitar lead seq drums
PUNK,,Kid Down,Red Lights (Album Version),new,lmd,B,major,0.937,kk,122.0,single tempo,4/4,1.0,bass chord pad keys guitar lead drums
PUNK,,Layla Milou,Be My Baby,?,lmd,E,major,0.939,kk,127.0,single tempo,4/4,1.0,bass pad keys guitar lead drums
PUNK,,Lit,My Own Worst Enemy,90s,lmd,E,major,0.892,kk,105.0,single tempo,4/4,1.0,bass guitar lead drums
PUNK,,Love Potion,All For Love,?,lmd,D,major,0.992,kk,75.0,6 tempo events (60.0-75.0); bpm = median beat,4/4,1.0,bass chord pad keys guitar fx drums
PUNK,,Love Potion,Have I Told You Lately That I Love You,?,lmd,Bb,major,0.903,kk,71.2,4 tempo events (64.4-120.0); bpm = median beat,4/4,0.986,bass pad keys guitar lead drums
PUNK,,Love Potion,Hero,?,lmd,E,mixolydian,0.824,kk,66.0,single tempo,4/4,1.0,bass pad keys guitar lead drums
PUNK,,McFly,Don't Stop Me Now,new,lmd,F,major,0.786,kk,156.0,3 tempo events (95.0-156.0); bpm = median beat,4/4,1.0,bass keys lead
PUNK,,McFly,Lonely,new,lmd,Ab,major,0.771,kk,128.0,single tempo,4/4,1.0,bass chord pad keys guitar lead drums
PUNK,,McFly,Pinball Wizard,new,lmd,B,minor,0.855,kk,118.0,single tempo,4/4,1.0,bass pad guitar lead drums
PUNK,,McFly,Unsaid Things,new,lmd,E,minor,0.802,kk,73.0,3 tempo events (69.0-73.0); bpm = median beat,4/4 (none),1.0,bass pad keys guitar lead drums
PUNK,,Mest,Mother's Prayer (Album Version),new,lmd,A,major,0.832,kk,115.0,single tempo,4/4,1.0,bass pad keys guitar lead seq drums
PUNK,,Millencolin,Knowledge (Album Version),90s,lmd,F,major,0.775,kk,194.0,single tempo,4/4,1.0,bass guitar lead drums
PUNK,,misfits,,80s,lamd,Bb,minor,0.857,kk,180.0,single tempo,4/4,1.0,bass chord guitar lead drums
PUNK,,MxPx,Bad Hair Day,80s,lmd,C,major,0.832,kk,136.0,11 tempo events (90.0-138.0); bpm = median beat,4/4,1.0,bass guitar lead drums
PUNK,,My Chemical Romance,I Don't Love You [Live In Mexico],new,lmd,C,major,0.975,kk,80.0,single tempo,4/4,1.0,bass guitar lead drums
PUNK,,My Chemical Romance,Our Lady Of Sorrows,new,lmd,Db,minor,0.83,kk,145.0,single tempo,4/4,1.0,bass guitar drums
PUNK,,My Chemical Romance,Song 2,new,lmd,A,phrygian,0.636,kk,132.0,single tempo,4/4,1.0,bass guitar drums
PUNK,,nofx,,?,lamd,C,major,0.913,kk,90.0,single tempo,4/4,0.957,bass guitar lead drums
PUNK,,nofx,,?,lamd,A,major,0.854,kk,194.0,2 tempo events (160.0-194.0); bpm = median beat,2/4,0.992,bass guitar lead drums
PUNK,,nofx,,?,lamd,G,major,0.94,kk,150.0,single tempo,4/4,1.0,bass chord keys guitar lead drums
PUNK,,NOFX,Happy Guy,80s,lmd,C,major,0.918,kk,114.0,single tempo,4/4,1.0,bass chord guitar drums
PUNK,,offspring,,new,lamd,B,minor,0.795,kk,158.0,single tempo,1/4,0.992,bass guitar drums
PUNK,,offspring,,new,lamd,B,minor,0.819,kk,142.0,single tempo,4/4,1.0,bass pad guitar lead drums
PUNK,,offspring,,new,lamd,B,minor,0.825,kk,142.0,single tempo,4/4,1.0,bass chord guitar lead drums
PUNK,,offspring,,new,lamd,E,minor,0.869,kk,145.0,single tempo,4/4,1.0,bass pad guitar lead drums
PUNK,,offspring,,new,lamd,B,minor,0.818,kk,142.0,single tempo,4/4,1.0,bass pad guitar lead seq drums
PUNK,,On File,Ode To Oi!,?,lmd,B,major,0.871,kk,136.0,single tempo,4/4,1.0,bass guitar lead seq drums
PUNK,,Operation Ivy,Bad Town,80s,lmd,F,major,0.909,kk,137.0,single tempo,4/4,1.0,bass guitar lead drums
PUNK,,Panic! At The Disco,I Write Sins Not Tragedies (Album Version),new,lmd,D,dorian,0.838,kk,168.0,single tempo,4/4,1.0,bass guitar lead arp seq drums
PUNK,,Panic! At The Disco,This Is Halloween,new,lmd,G,major,0.632,kk,86.0,single tempo,4/4,1.0,bass chord pad keys lead arp seq drums
PUNK,,Paramore,crushcrushcrush (Album Version),?,lmd,B,mixolydian,0.746,kk,135.0,single tempo,4/4,1.0,bass guitar lead drums
PUNK,,Paramore,Hallelujah (Album Version),?,lmd,B,major,0.943,kk,145.0,single tempo,4/4,1.0,bass guitar lead drums
PUNK,,Paramore,Pressure (Album Version),?,lmd,D,major,0.858,kk,170.0,single tempo,4/4,1.0,bass guitar lead drums
PUNK,,Paramore,When It Rains (Album Version),?,lmd,Eb,major,0.9,kk,115.0,single tempo,4/4,1.0,bass guitar lead drums
PUNK,,pennywise,,?,lamd,A,minor,0.929,kk,94.0,single tempo,4/4,1.0,bass keys guitar drums
PUNK,,Pennywise,Perfect People,80s,lmd,A,minor,0.734,kk,175.0,8 tempo events (165.0-175.0); bpm = median beat,4/4,1.0,bass guitar lead drums
PUNK,,Pennywise,What If I (Album Version),80s,lmd,A,minor,0.942,kk,94.0,single tempo,4/4,1.0,bass guitar seq drums
PUNK,,Pignoise,Perdido En La Oscuridad,new,lmd,Gb,major,0.846,kk,130.0,single tempo,4/4,1.0,bass chord pad keys guitar lead seq drums
PUNK,,Plain White T S,Losing Myself,new,lmd,E,major,0.788,kk,121.0,60 tempo events (100.0-121.0); bpm = median beat,4/4,1.0,bass pad keys guitar lead drums
PUNK,,Plastiscines,I Am Down Tonight,new,lmd,Eb,major,0.935,kk,119.0,11 tempo events (111.0-119.0); bpm = median beat,4/4,1.0,bass pad keys guitar lead drums
PUNK,,Poncho K,El Ultimo Sol,?,lmd,D,major,0.959,kk,136.0,single tempo,4/4 (none),1.0,bass pad keys guitar drums
PUNK,,Racetrack Babies,The Storm,?,lmd,A,minor,0.801,kk,108.0,single tempo,4/4 (none),1.0,bass pad guitar lead drums
PUNK,,Raimundos,I Saw You Saying ( That You Say That You Saw ),80s,lmd,Gb,minor,0.881,kk,120.0,single tempo,4/4,1.0,bass guitar drums
PUNK,,ramones,,80s,lamd,B,minor,0.725,kk,187.0,single tempo,4/4,0.898,bass guitar drums
PUNK,,ramones,,80s,lamd,Ab,major,0.936,kk,109.0,single tempo,4/4,1.0,bass pad keys guitar lead drums
PUNK,,ramones,,80s,lamd,B,mixolydian,0.843,kk,165.0,single tempo,4/4,1.0,bass guitar lead drums
PUNK,,ramones,,80s,lamd,A,major,0.878,kk,190.0,single tempo,4/4,1.0,bass guitar lead drums
PUNK,,Ramones,I Wanna Be Your Boyfriend (Demo Version ),80s,lmd,D,major,0.96,kk,127.0,single tempo,4/4,1.0,bass keys guitar drums
PUNK,,Rancid,Ruby Soho (Album Version),?,lmd,G,major,0.952,kk,88.0,single tempo,4/4,1.0,bass guitar seq drums
PUNK,,Razorlight,In The Morning,new,lmd,E,minor,0.95,kk,124.5,15 tempo events (66.6-125.8); bpm = median beat,4/4,1.0,keys lead arp drums
PUNK,,Razzia,Eisbär,?,lmd,Gb,minor,0.822,kk,129.0,single tempo,4/4,1.0,bass chord guitar lead seq drums
PUNK,,Rise Against,1000 Good Intentions,new,lmd,E,minor,0.86,kk,155.0,3 tempo events (155.0-160.0); bpm = median beat,4/4,1.0,bass guitar drums
PUNK,,Sex Pistols,Silly Thing (1993 Digital Remaster),new,lmd,D,major,0.891,kk,150.0,single tempo,4/4 (none),1.0,bass guitar lead drums
PUNK,,Shellshag,Gary's Note,?,lmd,C,major,0.947,kk,74.0,single tempo,4/4,1.0,bass keys guitar lead drums
PUNK,,Silencio Absoluto,Mare Mia,new,lmd,E,minor,0.791,kk,143.0,single tempo,4/4,1.0,bass chord pad lead drums
PUNK,,Simple Plan,I'm Just A Kid (MTV Hard Rock Live Version),new,lmd,Db,major,0.865,kk,112.0,single tempo,4/4,1.0,bass guitar lead drums
PUNK,,Simple Plan,Untitled (How Could This Happen To Me?) (MTV Hard Rock Live Version),new,lmd,Db,minor,0.799,kk,95.0,single tempo,4/4,1.0,bass pad keys guitar lead drums
PUNK,,Simple Plan,Your Love Is A Lie (Explicit Album Version),new,lmd,Ab,major,0.905,kk,167.0,single tempo,4/4,1.0,bass keys guitar lead drums
PUNK,,Simply Red,Angel (Explicit Soundtrack LP Version),80s,lmd,C,minor,0.828,kk,83.0,2 tempo events (60.0-83.0); bpm = median beat,4/4,1.0,bass pad keys guitar lead drums
PUNK,,Sloppy Seconds,The Pop My Dick Song,80s,lmd,B,phrygian,0.664,bass-relative,131.0,single tempo,4/4,1.0,bass pad keys guitar lead drums
PUNK,,Stalingrad Cowgirls,I Remember,?,lmd,A,mixolydian,0.862,kk,86.0,5 tempo events (50.0-86.0); bpm = median beat,4/4,1.0,bass pad keys guitar seq drums
PUNK,,Stalingrad Cowgirls,Ride With Me,?,lmd,D,mixolydian,0.811,kk,80.0,single tempo,4/4,1.0,bass keys guitar drums
PUNK,,Stellar Kart,Hold On (Album Version),new,lmd,Bb,mixolydian,0.79,kk,95.0,single tempo,4/4,1.0,bass pad guitar lead drums
PUNK,,sum 41,,new,lamd,A,major,0.795,kk,120.0,single tempo,4/4,1.0,bass guitar lead drums
PUNK,,sum 41,,new,lamd,Bb,major,0.771,kk,195.0,single tempo,4/4,1.0,bass guitar lead drums
PUNK,,Sum 41,Fat Lip,new,lmd,E,major,0.687,kk,158.5,8 tempo events (99.0-198.0); bpm = median beat,4/4,0.988,bass guitar lead drums
PUNK,,Sum 41,In Too Deep,new,lmd,E,mixolydian,0.793,kk,116.0,99 tempo events (80.0-128.5); bpm = median beat,4/4,1.0,bass guitar lead drums
PUNK,,T.S.O.L.,All Along The Watchtower (Album Version),?,lmd,A,minor,0.793,kk,128.0,single tempo,4/4,1.0,bass chord guitar lead drums
PUNK,,The All-American Rejects,Dirty Little Secret,new,lmd,Bb,mixolydian,0.875,kk,75.0,single tempo,4/4,0.982,bass guitar lead drums
PUNK,,The Ataris,so long_ astoria,?,lmd,B,minor,0.81,kk,92.0,single tempo,4/4,1.0,bass pad keys lead arp drums
PUNK,,the clash,,80s,lamd,A,minor,0.852,kk,130.0,single tempo,4/4,1.0,chord guitar lead drums
PUNK,,the clash,,80s,lamd,D,major,0.898,kk,115.0,single tempo,4/4,1.0,bass chord keys guitar lead drums
PUNK,,The Cootees,I'm OK_ You're OK,90s,lmd,F,major,0.813,kk,172.0,single tempo,4/4,1.0,bass guitar lead drums
PUNK,,the exploited,,80s,lamd,C,minor,0.777,kk,120.0,single tempo,4/4,1.0,bass guitar drums
PUNK,,The First Class,Dreams Are Ten a Penny,?,lmd,C,major,0.958,kk,110.0,single tempo,4/4 (none),1.0,bass guitar lead drums
PUNK,,The Friday Night Boys,She's Finding Me Out (Album Version),new,lmd,Ab,major,0.927,kk,94.0,single tempo,4/4,1.0,bass pad guitar lead seq drums
PUNK,,The Lillingtons,Vaporize My Brain,new,lmd,C,major,0.829,kk,190.0,2 tempo events (104.0-190.0); bpm = median beat,4/4,1.0,bass guitar lead drums
PUNK,,The Maine,Into Your Arms,new,lmd,G,major,0.959,kk,90.0,4 tempo events (60.0-90.0); bpm = median beat,4/4 (none),1.0,bass pad guitar lead drums
PUNK,,The Misfits,Braineaters,80s,lmd,A,minor,0.861,kk,120.0,7 tempo events (60.0-190.0); bpm = median beat,4/4,0.858,pad guitar lead arp drums
PUNK,,The Misfits,Dig Up Her Bones,90s,lmd,Bb,minor,0.629,bass-relative,111.0,single tempo,4/4,1.0,bass guitar drums
PUNK,,The Musical Tribute to the Sims,All the Small Things (Simlish Tribute to Blink-182),?,lmd,C,major,0.817,kk,150.0,single tempo,4/4,1.0,guitar drums
PUNK,,The Offspring,Amazed (Album version),90s,lmd,G,major,0.787,kk,142.0,single tempo,4/4,1.0,bass guitar lead drums
PUNK,,The Offspring,Come Out and Play (Album Version),80s,lmd,B,minor,0.792,kk,158.0,single tempo,1/4,0.992,bass guitar drums
PUNK,,The Offspring,Cool To Hate (Album version),90s,lmd,Eb,mixolydian,0.792,kk,170.0,6 tempo events (143.0-173.0); bpm = median beat,4/4,1.0,bass guitar lead drums
PUNK,,The Offspring,I Choose (Album version),90s,lmd,D,minor,0.845,kk,123.0,4 tempo events (45.0-123.0); bpm = median beat,4/4,1.0,bass guitar lead drums
PUNK,,The Offspring,Next to you,new,lmd,E,mixolydian,0.799,kk,175.0,single tempo,4/4,1.0,bass guitar lead drums
PUNK,,The Presidents of the United States of America,Lump,80s,lmd,Db,minor,0.715,kk,142.0,single tempo,4/4,1.0,bass guitar drums
PUNK,,the ramones,,80s,lamd,E,major,0.749,kk,165.0,single tempo,4/4,1.0,bass keys guitar lead drums
PUNK,,the ramones,,80s,lamd,A,major,0.881,kk,170.0,single tempo,4/4,1.0,bass guitar lead drums
PUNK,,The Red Hot Valentines,Pocket Full Of Secrets (LP Version),new,lmd,E,major,0.945,kk,137.0,single tempo,4/4,1.0,bass pad guitar drums
PUNK,,The Red Jumpsuit Apparatus,Represent,new,lmd,A,minor,0.771,bass-relative,108.0,single tempo,4/4,1.0,bass chord keys guitar lead drums
PUNK,,The Starlite Orchestra feat. Champs United,Hero,?,lmd,E,major,0.948,kk,72.0,single tempo,4/4,1.0,bass pad keys guitar drums
PUNK,,The Supersuckers,Hey Ya!,?,lmd,E,minor,0.965,kk,159.0,single tempo,4/4,0.839,bass pad keys guitar lead drums
PUNK,,the vandals,,?,lamd,A,mixolydian,0.802,kk,150.0,single tempo,4/4 (none),1.0,bass guitar drums
PUNK,,The Wombats,Moving To New York [Paul van Dyk remix],new,lmd,D,mixolydian,0.873,kk,75.0,11 tempo events (75.0-85.0); bpm = median beat,1/4,0.989,bass guitar lead drums
PUNK,,Tiefighter,You're The New Metalcore,?,lmd,A,major,0.611,kk,130.0,21 tempo events (110.0-130.0); bpm = median beat,4/4,1.0,bass guitar lead drums
PUNK,,title fight,,new,lamd,A,mixolydian,0.842,kk,100.0,single tempo,4/4,1.0,chord pad arp drums
PUNK,,Tom Petty And The Heartbreakers / Stevie Nicks,Needles And Pins,?,lmd,A,major,0.892,kk,118.0,15 tempo events (35.0-125.0); bpm = median beat,4/4,1.0,bass pad keys guitar lead seq drums
PUNK,,Travoltas,Major Tom,?,lmd,G,mixolydian,0.796,kk,166.0,single tempo,4/4 (none),1.0,bass chord pad keys guitar lead seq drums
PUNK,,Undeclinable Ambuscade,Magic Hairspray (Album version),90s,lmd,E,mixolydian,0.889,kk,158.0,single tempo,4/4,1.0,bass guitar lead drums
PUNK,,Unwritten Law,Rest Of My Life,new,lmd,E,minor,0.802,bass-relative,96.0,5 tempo events (60.0-96.0); bpm = median beat,4/4,1.0,bass pad keys guitar lead drums
PUNK,,Vypsana Fixa,Otuzilci,?,lmd,E,minor,0.795,kk,138.0,single tempo,4/4,1.0,bass chord pad lead seq drums
PUNK,,Weezer,Tired Of Sex,90s,lmd,Gb,major,0.91,kk,134.0,10 tempo events (91.0-134.0); bpm = median beat,4/4,0.99,bass guitar lead drums
REGGAE,,3Rd Alley,Solitary Man,new,lmd,G,major,0.796,kk,152.0,single tempo,4/4,1.0,bass pad keys guitar lead seq drums
REGGAE,,Abijah,Bound In Zion,new,lmd,G,major,0.824,kk,100.0,single tempo,4/4,1.0,bass guitar lead
REGGAE,,Aswad,Don't Turn Around,80s,lmd,B,major,0.931,kk,98.0,3 tempo events (49.0-200.0); bpm = median beat,4/4,1.0,bass pad keys guitar lead drums
REGGAE,,Aswad,Shine,80s,lmd,G,minor,0.883,kk,110.0,single tempo,4/4,1.0,bass chord pad keys guitar lead drums
REGGAE,,Attack Formation,City Boy Syndicate,?,lmd,C,minor,0.925,kk,66.0,single tempo,4/4 (none),1.0,bass pad keys guitar lead seq drums
REGGAE,,Billie The Vision & The Dancers,Good And Bad,new,lmd,F,major,0.972,kk,70.0,10 tempo events (62.0-120.0); bpm = median beat,4/4,0.967,bass pad keys guitar lead drums
REGGAE,,Billie The Vision & The Dancers,So You Want Me to Bleed,new,lmd,G,mixolydian,0.883,kk,75.0,23 tempo events (55.1-75.8); bpm = median beat,2/4,0.987,bass pad keys guitar lead drums
REGGAE,,Bitty McLean,It Keeps Rainin',80s,lmd,Gb,major,0.972,kk,128.0,single tempo,4/4,1.0,bass keys guitar seq drums
REGGAE,,Black Uhuru,Android Rebellion,80s,lmd,Bb,dorian,0.59,bass-relative,120.0,single tempo,4/4,1.0,bass chord pad guitar lead drums
REGGAE,,Black Uhuru,Somebody's Watching You,80s,lmd,E,phrygian,0.448,kk,100.0,single tempo,4/4,1.0,pad lead drums
REGGAE,,bob marley,,?,lamd,Db,major,0.963,kk,78.0,7 tempo events (42.0-78.0); bpm = median beat,4/4,1.0,bass keys guitar drums
REGGAE,,bob marley,,?,lamd,A,major,0.958,kk,146.0,single tempo,4/4,1.0,bass keys drums
REGGAE,,bob marley,,?,lamd,G,minor,0.867,kk,100.0,single tempo,4/4,1.0,bass keys drums
REGGAE,,bob marley,,?,lamd,E,minor,0.96,kk,94.0,single tempo,4/4,1.0,bass keys guitar lead seq drums
REGGAE,,Bob Marley & The Wailers,Could You Be Loved,80s,lmd,B,minor,0.967,kk,105.0,single tempo,4/4,1.0,bass chord pad keys guitar arp drums
REGGAE,,Bob Marley & The Wailers,Exodus,new,lmd,A,minor,0.85,kk,129.0,single tempo,4/4,1.0,bass pad keys guitar seq drums
REGGAE,,Bob Marley & The Wailers,Keep On Moving,80s,lmd,A,major,0.953,kk,146.0,2 tempo events (134.0-146.0); bpm = median beat,4/4,1.0,pad keys guitar lead drums
REGGAE,,Bob Marley & The Wailers,One Love / People Get Ready,new,lmd,Bb,major,0.958,kk,77.0,single tempo,4/4,1.0,bass pad keys guitar lead drums
REGGAE,,Boris Gardiner,Phoenix,?,lmd,Bb,mixolydian,0.789,kk,85.0,18 tempo events (60.0-85.0); bpm = median beat,4/4,1.0,bass pad guitar lead arp drums
REGGAE,,Brusco,Musica Che... (feat. Lady Flavia),?,lmd,C,minor,0.586,kk,100.0,single tempo,4/4 (none),1.0,bass keys guitar drums
REGGAE,,C.J. Lewis,Sweets For My Sweet,80s,lmd,Bb,major,0.907,kk,114.0,single tempo,4/4,1.0,bass chord pad keys guitar lead drums
REGGAE,,Cimarons,You Can Get It If You Really Want - Original,?,lmd,Db,major,0.965,kk,128.0,single tempo,4/4,1.0,bass chord pad keys guitar lead drums
REGGAE,,Clint Eastwood,Flag Raising,new,lmd,C,major,0.893,kk,100.0,single tempo,4/4,1.0,bass pad keys lead
REGGAE,,dennis brown,,?,lamd,A,major,0.887,kk,86.0,single tempo,4/4,1.0,bass keys guitar drums
REGGAE,,dennis brown,,?,lamd,D,minor,0.804,kk,137.0,single tempo,4/4,1.0,bass keys guitar lead seq drums
REGGAE,,Dobby Dobson,This Is My Story,?,lmd,G,major,0.876,kk,112.0,single tempo,4/4,1.0,bass keys guitar lead drums
REGGAE,,Edson Gomes,Malandrinha,new,lmd,C,major,0.963,kk,108.0,single tempo,4/4,1.0,guitar lead drums
REGGAE,,Erykah Badu,Bag Lady,new,lmd,G,minor,0.65,kk,82.0,single tempo,4/4 (none),1.0,bass guitar drums
REGGAE,,Fiona,Victoria Cross (Album Version),80s,lmd,A,minor,0.811,kk,67.0,62 tempo events (44.0-88.0); bpm = median beat,4/4,0.986,bass pad guitar lead arp seq
REGGAE,,Floetry,Waiting In Vain,new,lmd,Ab,major,0.905,kk,78.0,single tempo,4/4,1.0,bass chord keys guitar lead drums
REGGAE,,Garland Jeffreys,Matador,80s,lmd,Ab,major,0.852,kk,85.0,single tempo,4/4 (none),1.0,bass chord keys guitar lead fx drums
REGGAE,,Gigi,Ku Ingin,?,lmd,C,major,0.83,kk,64.0,31 tempo events (30.0-64.0); bpm = median beat,4/4,0.974,bass pad keys lead seq drums
REGGAE,,Goombay Dance Band,Sun Of Jamaica,80s,lmd,G,major,0.882,kk,130.0,single tempo,4/4,1.0,bass chord pad keys guitar lead fx drums
REGGAE,,Gyptian,Anything You Want,new,lmd,C,major,0.878,kk,70.0,26 tempo events (30.0-70.0); bpm = median beat,4/4,0.984,pad keys guitar lead drums
REGGAE,,Gyptian,Love Against the Wall,new,lmd,Gb,major,0.773,kk,104.0,single tempo,4/4,1.0,bass pad keys drums
REGGAE,,Gyptian,World Is Caving In,new,lmd,B,mixolydian,0.774,kk,87.0,2 tempo events (75.0-87.0); bpm = median beat,4/4,1.0,bass pad guitar lead drums
REGGAE,,Hopeton Lewis,This Is What Heaven Means To Me,?,lmd,Bb,major,0.913,kk,82.0,49 tempo events (76.0-114.0); bpm = median beat,4/4,1.0,bass pad keys guitar lead drums
REGGAE,,inner circle,,?,lamd,C,major,0.79,bass-relative,168.0,single tempo,6/4,0.974,bass keys guitar lead drums
REGGAE,,Inner Circle,Big Tings A Gwaan,?,lmd,F,major,0.951,kk,98.0,single tempo,4/4,1.0,bass pad keys lead seq drums
REGGAE,,Janet Kay,Take A Bow,?,lmd,E,major,0.876,kk,80.0,2 tempo events (70.0-80.0); bpm = median beat,4/4,1.0,pad keys lead drums
REGGAE,,Jennifer Hudson,If This Isn't Love,new,lmd,E,major,0.914,kk,132.0,36 tempo events (106.0-132.0); bpm = median beat,4/4,1.0,bass pad keys guitar lead drums
REGGAE,,Jeremy Oates & The Music Makers,Could You Be Loved,?,lmd,B,minor,0.944,kk,104.0,single tempo,4/4,1.0,bass chord keys guitar lead seq drums
REGGAE,,JET,Shine On (Album Version),new,lmd,A,major,0.883,kk,75.0,4 tempo events (40.0-75.0); bpm = median beat,4/4,0.98,bass pad keys guitar lead drums
REGGAE,,jimmy cliff,,?,lamd,C,major,0.953,kk,110.0,single tempo,4/4,1.0,bass chord pad keys guitar lead drums
REGGAE,,jimmy cliff,,?,lamd,A,minor,0.795,bass-relative,90.0,single tempo,4/4,1.0,bass pad keys guitar lead drums
REGGAE,,John Holt,Red Red Wine,?,lmd,C,major,0.881,kk,88.0,single tempo,4/4,1.0,bass chord pad keys lead seq drums
REGGAE,,Johnny Nash,For Your Love,new,lmd,A,minor,0.826,kk,100.0,single tempo,4/4,1.0,bass pad keys guitar lead drums
REGGAE,,Johnny Nash,I Can See Clearly Now,80s,lmd,D,mixolydian,0.881,kk,120.0,single tempo,4/4,1.0,bass chord pad keys guitar lead drums
REGGAE,,Karl Wolf,Africa,?,lmd,Eb,minor,0.949,kk,125.0,single tempo,4/4,1.0,bass pad guitar lead drums
REGGAE,,Kashief Lindo,Just My Imagination,?,lmd,C,major,0.883,kk,92.0,single tempo,4/4,1.0,bass chord keys guitar lead fx drums
REGGAE,,Ken Boothe,Papa Was A Rolling Stone,?,lmd,Bb,dorian,0.841,kk,120.0,single tempo,4/4,0.993,bass chord pad guitar lead seq drums
REGGAE,,Lucky Dube,I've Got You Babe.,new,lmd,C,major,0.932,kk,84.0,single tempo,4/4,1.0,bass chord pad guitar lead drums
REGGAE,,Lucky Dube,Oh My Son,new,lmd,E,mixolydian,0.885,kk,74.0,3 tempo events (58.0-74.0); bpm = median beat,4/4,1.0,bass pad guitar lead seq drums
REGGAE,,Lucky Dube,Peace Perfect Peace,new,lmd,D,major,0.986,kk,132.0,single tempo,4/4,1.0,bass chord pad guitar lead drums
REGGAE,,Macaco,Intro Antenas,?,lmd,Gb,major,0.913,kk,60.0,single tempo,4/4,1.0,bass pad keys guitar lead drums
REGGAE,,Manu Chao,La Vacaloca,new,lmd,C,major,0.839,kk,116.0,single tempo,4/4 (none),1.0,bass pad keys guitar lead arp drums
REGGAE,,Marco Carta,A Chi ( Hurt ),new,lmd,Eb,major,0.824,kk,89.0,7 tempo events (65.0-89.0); bpm = median beat,4/4 (none),1.0,bass pad keys guitar lead drums
REGGAE,,Maurice Chevalier & the M-G-M Studio Chorus,Thank Heaven For Little Girls  (Gigi Soundtrack Version),?,lmd,G,major,0.876,kk,185.0,16 tempo events (19.0-185.0); bpm = median beat,4/4,0.99,bass keys lead
REGGAE,,Melanie Fiona,Give It To Me Right,new,lmd,E,minor,0.686,kk,116.0,single tempo,4/4,1.0,bass pad keys guitar lead drums
REGGAE,,Melanie Fiona,Monday Morning,new,lmd,Db,major,0.917,kk,180.0,single tempo,4/4,1.0,bass pad keys guitar lead seq drums
REGGAE,,Michael McDonald,Redemption Song,?,lmd,Bb,major,0.932,kk,60.0,single tempo,4/4 (none),1.0,bass pad keys guitar lead seq drums
REGGAE,,Mystic Revealers,Musical Garden (LP Version),90s,lmd,B,minor,0.652,kk,103.0,single tempo,4/4,1.0,bass keys guitar arp drums
REGGAE,,Natiruts,Jamaica Roots (Intro),new,lmd,D,major,0.787,bass-relative,125.0,single tempo,4/4,0.994,bass chord keys arp fx drums
REGGAE,,Owen Gray,No Woman No Cry,?,lmd,C,major,0.855,kk,76.0,4 tempo events (59.0-76.0); bpm = median beat,4/4,1.0,bass guitar lead drums
REGGAE,,Pablo Moses,Sister Dub,80s,lmd,Ab,minor,0.662,kk,120.0,single tempo,4/4,1.0,bass guitar drums
REGGAE,,Papas Da Língua,Balada Do Amor Perdido,new,lmd,D,mixolydian,0.899,kk,79.0,8 tempo events (58.0-96.0); bpm = median beat,4/4,1.0,bass chord pad keys lead arp drums
REGGAE,,Pepper,Cryin At The Discotheque,new,lmd,A,minor,0.854,kk,136.0,single tempo,4/4,1.0,bass pad keys guitar lead fx drums
REGGAE,,Pepper,One More Time,new,lmd,G,lydian,0.85,kk,120.0,single tempo,4/4,0.992,bass pad keys lead drums
REGGAE,,peter tosh,,?,lamd,G,major,0.973,kk,90.0,single tempo,4/4,1.0,bass keys guitar drums
REGGAE,,Phyllis Dillon,Something - Original,?,lmd,C,major,0.943,kk,124.0,19 tempo events (112.0-128.0); bpm = median beat,4/4,1.0,bass pad keys guitar lead fx drums
REGGAE,,Royals,Badge,?,lmd,E,minor,0.719,bass-relative,108.0,single tempo,4/4,1.0,bass pad keys guitar lead drums
REGGAE,,Skank,Esmola (Ao Vivo),80s,lmd,B,major,0.975,kk,102.0,single tempo,4/4,1.0,bass chord guitar drums
REGGAE,,Skank,Jackie Tequila (Ao Vivo),80s,lmd,C,major,0.953,kk,74.0,2 tempo events (74.0-120.0); bpm = median beat,4/4,1.0,bass chord pad keys lead seq drums
REGGAE,,Skank,Seus Passos,new,lmd,D,mixolydian,0.899,kk,79.0,8 tempo events (58.0-96.0); bpm = median beat,4/4,1.0,bass chord pad keys lead arp drums
REGGAE,,Stephen Marley / Mos Def,Hey Baby,new,lmd,Eb,minor,0.849,kk,91.1,4 tempo events (91.1-120.0); bpm = median beat,4/4,1.0,bass pad keys guitar lead seq drums
REGGAE,,Tassilli Players,Russia,?,lmd,G,major,0.958,kk,84.0,single tempo,4/4,1.0,bass pad keys guitar seq drums
REGGAE,,The Twinkle Brothers,This Kind Of Chemistry,?,lmd,A,minor,0.793,bass-relative,119.0,single tempo,4/4,1.0,bass pad keys guitar lead seq drums
REGGAE,,Third World,Dancing On The Floor (Hooked On Love),80s,lmd,E,minor,0.798,kk,114.0,single tempo,4/4,1.0,bass keys guitar lead drums
REGGAE,,Third World,Now That We've Found Love,80s,lmd,C,minor,0.906,kk,118.0,single tempo,4/4,1.0,bass chord keys guitar lead drums
REGGAE,,Tony Tuff,If You Don't Know Me By Now,?,lmd,Gb,minor,0.843,kk,132.0,single tempo,4/4,1.0,bass chord pad lead fx drums
REGGAE,,Toots & The Maytals,(Take Me Home) Country Roads,new,lmd,Ab,major,0.967,kk,84.0,single tempo,4/4,1.0,bass pad guitar lead drums
REGGAE,,toots the maytals,,?,lamd,Eb,major,0.939,kk,90.0,single tempo,4/4,1.0,bass keys guitar seq drums
REGGAE,,toots the maytals,,?,lamd,Bb,major,0.95,kk,150.0,single tempo,4/4,1.0,bass chord keys lead seq drums
REGGAE,,toots the maytals,,?,lamd,Ab,major,0.97,kk,70.0,single tempo,4/4,1.0,bass keys guitar lead seq drums
REGGAE,,toots the maytals,,?,lamd,G,mixolydian,0.856,kk,80.0,single tempo,4/4,1.0,bass pad guitar seq drums
REGGAE,,UB40,Bring Me Your Cup,80s,lmd,F,major,0.879,kk,72.0,single tempo,4/4,1.0,bass chord pad keys guitar seq drums
REGGAE,,UB40,Groovin' (Out On Life) (2009 Digital Remaster),new,lmd,Ab,major,0.936,kk,99.0,single tempo,4/4,1.0,bass pad keys guitar lead drums
REGGAE,,UB40,Here I Am (Come And Take Me),80s,lmd,F,minor,0.873,kk,93.0,single tempo,4/4,1.0,bass chord pad keys guitar lead drums
REGGAE,,UB40,Red Red Wine,80s,lmd,Db,major,0.867,kk,93.0,single tempo,4/4,1.0,bass chord lead fx drums
REGGAE,,Vitamin C,Smile,90s,lmd,A,major,0.772,kk,92.0,single tempo,4/4 (none),1.0,bass chord guitar lead drums
REGGAE,DANCEHALL,Beenie Man Featuring Janet Jackson,Feel It Boy,new,lmd,Bb,major,0.79,kk,102.0,single tempo,4/4,1.0,bass lead drums
REGGAE,DANCEHALL,Beres Hammond,Bring It On (Album Version),new,lmd,A,major,0.806,kk,90.0,6 tempo events (74.0-140.0); bpm = median beat,4/4,0.972,bass guitar lead drums
REGGAE,DANCEHALL,Capleton,Pain,?,lmd,C,mixolydian,0.781,kk,125.0,single tempo,4/4 (none),1.0,bass keys lead drums
REGGAE,DANCEHALL,Chaka Demus & Pliers / Jack Radics / The Taxi Gang,Twist And Shout,80s,lmd,D,major,0.911,kk,129.0,single tempo,4/4,1.0,bass pad guitar lead drums
REGGAE,DANCEHALL,Christopher,Unconditional Love,new,lmd,G,major,0.853,kk,88.0,single tempo,4/4,1.0,bass keys guitar lead drums
REGGAE,DANCEHALL,David Bowie,Let's Dance,80s,lmd,Bb,dorian,0.786,kk,115.0,27 tempo events (113.0-120.0); bpm = median beat,4/4,1.0,bass chord pad keys guitar seq drums
REGGAE,DANCEHALL,Diana King,Shy Guy,80s,lmd,B,minor,0.885,kk,94.0,single tempo,4/4,1.0,bass pad keys guitar lead drums
REGGAE,DANCEHALL,Dr. Evil,It's The Hard Knock Life [Ghetto Anthem-Dr. Evil Remix],?,lmd,E,phrygian,0.917,kk,76.0,single tempo,4/4,1.0,bass chord keys lead seq drums
REGGAE,DANCEHALL,Drifters,Ett Liv Med Dig,?,lmd,F,major,0.979,kk,120.0,single tempo,4/4,1.0,bass chord pad guitar lead drums
REGGAE,DANCEHALL,George Nooks,What A Friend,?,lmd,Ab,major,0.905,kk,78.0,single tempo,4/4,1.0,bass chord keys guitar lead drums
REGGAE,DANCEHALL,Ini Kamoze,Here Comes The Hot Stepper(remix),80s,lmd,B,minor,0.853,kk,102.0,3 tempo events (102.0-244.0); bpm = median beat,4/4,1.0,bass chord lead seq drums
REGGAE,DANCEHALL,Jack Radics,Always Around,new,lmd,G,major,0.955,kk,80.0,single tempo,4/4,1.0,bass pad keys guitar fx drums
REGGAE,DANCEHALL,Johnny Osbourne,Buddy Bye,new,lmd,G,major,0.83,kk,82.0,2 tempo events (82.0-86.0); bpm = median beat,4/4,1.0,bass pad guitar lead fx drums
REGGAE,DANCEHALL,Kevin Lyttle,Turn Me On (featuring Spragga Benz-new),new,lmd,Db,minor,0.932,kk,106.0,single tempo,4/4,1.0,bass pad keys guitar lead arp seq
REGGAE,DANCEHALL,Lisa C,Electric Boogie,?,lmd,Db,major,0.952,kk,110.0,single tempo,4/4,1.0,bass chord keys lead drums
REGGAE,DANCEHALL,Luciano & Silvana Blue,Non voglio mica la luna,?,lmd,D,major,0.833,kk,120.0,single tempo,4/4,1.0,bass pad keys guitar lead fx drums
REGGAE,DANCEHALL,Major Lazer / Nina Sky / Ricky Blaze,Keep It Goin' Louder,new,lmd,Bb,major,0.761,kk,137.0,single tempo,4/4,1.0,keys lead drums
REGGAE,DANCEHALL,Major Lazer / Vybz Kartel / Afrojack,Pon De Floor,new,lmd,A,minor,0.687,kk,138.0,single tempo,4/4 (none),1.0,bass lead drums
REGGAE,DANCEHALL,Mikey General,He That Keepeth,?,lmd,C,major,0.929,kk,80.0,single tempo,4/4,1.0,bass pad keys guitar lead seq drums
REGGAE,DANCEHALL,Papa Dee,Island Rock (Boomremix),?,lmd,G,major,0.955,kk,104.0,single tempo,4/4,1.0,bass pad keys guitar lead arp drums
REGGAE,DANCEHALL,Papa San,Come Out Di Building,?,lmd,G,mixolydian,0.714,kk,120.0,single tempo,4/4,1.0,bass pad keys guitar seq drums
REGGAE,DANCEHALL,Patra,Goin' 2 The Chapel,?,lmd,Bb,minor,0.767,kk,91.0,single tempo,4/4,1.0,bass chord keys guitar lead seq fx drums
REGGAE,DANCEHALL,Rayvon,No Guns No Murder,?,lmd,Bb,minor,0.599,kk,97.0,single tempo,4/4,1.0,bass lead drums
REGGAE,DANCEHALL,Red Dragon,Buduf Baf,?,lmd,G,minor,0.782,kk,90.0,single tempo,4/4,1.0,bass pad lead fx drums
REGGAE,DANCEHALL,Richie Stephens,Nobody Knows,?,lmd,F,major,0.944,kk,89.0,single tempo,4/4,1.0,bass keys lead fx drums
REGGAE,DANCEHALL,Rihanna,Disturbia,new,lmd,B,minor,0.887,kk,126.0,single tempo,4/4,1.0,bass pad keys guitar lead drums
REGGAE,DANCEHALL,Rihanna,Don't Stop The Music,new,lmd,Gb,minor,0.605,kk,128.0,single tempo,4/4 (none),1.0,bass guitar lead seq drums
REGGAE,DANCEHALL,Rihanna,SOS,new,lmd,Gb,minor,0.796,kk,134.0,single tempo,4/4,1.0,bass chord pad keys guitar lead drums
REGGAE,DANCEHALL,Rihanna,Unfaithful,new,lmd,C,minor,0.773,kk,70.0,single tempo,4/4,1.0,chord pad keys seq drums
REGGAE,DANCEHALL,Sean Paul,I'm Still In Love With You (Album Version),new,lmd,G,major,0.814,kk,87.0,single tempo,4/4,1.0,bass pad keys guitar lead seq drums
REGGAE,DANCEHALL,Sean Paul,Pepperpot (Album Version),new,lmd,E,major,0.935,kk,87.0,single tempo,4/4,1.0,bass keys guitar seq drums
REGGAE,DANCEHALL,Sean Paul,Temperature (Album Version),new,lmd,Bb,minor,0.723,kk,128.0,single tempo,4/4,1.0,bass lead seq drums
REGGAE,DANCEHALL,Sean Paul,We Be Burnin' (Recognize It - Amended Album Version),new,lmd,Eb,minor,0.964,kk,114.0,2 tempo events (114.0-120.0); bpm = median beat,4/4,0.99,bass pad keys guitar lead drums
REGGAE,DANCEHALL,Shaggy,Love How Them Flex,80s,lmd,E,minor,0.75,kk,165.0,single tempo,4/4,1.0,bass lead fx drums
REGGAE,DANCEHALL,Shaggy Featuring Rayvon,In The Summertime,80s,lmd,F,major,0.901,kk,87.0,single tempo,4/4,1.0,bass keys guitar drums
REGGAE,DANCEHALL,Shinehead,Musical Madness,?,lmd,F,minor,0.826,kk,120.0,single tempo,4/4,1.0,bass chord pad keys lead arp seq drums
REGGAE,DANCEHALL,Sintax the Terrific,Crowbar Method,new,lmd,E,minor,0.861,kk,92.0,single tempo,4/4,1.0,bass guitar seq drums
REGGAE,DANCEHALL,Sintax the Terrific,Money Back Guarantee,new,lmd,B,major,0.901,kk,108.0,single tempo,4/4,0.931,bass pad keys guitar lead seq
REGGAE,DANCEHALL,T.O.K.,Money 2 Burn,new,lmd,Gb,major,0.808,kk,98.0,single tempo,4/4,1.0,bass keys lead drums
REGGAE,DANCEHALL,Terror Fabulous,Gwaney Gwaney,?,lmd,G,mixolydian,0.778,kk,76.0,single tempo,4/4,0.863,bass pad keys guitar drums
REGGAE,DANCEHALL,Tony Rebel,Love Fountain,90s,lmd,A,minor,0.914,kk,77.0,single tempo,4/4,1.0,bass pad keys guitar lead seq drums
REGGAE,DANCEHALL,Wayne Marshall/Ole Edvard Antonsen,Choral: Jesu bleibet meine Freude (from Cantata 147),?,lmd,G,major,0.937,kk,100.0,single tempo,4/4,1.0,keys
REGGAE,DANCEHALL,Wayne Wonder,Hold Me Now (Album Version),?,lmd,G,major,0.657,kk,108.0,single tempo,4/4,1.0,bass chord keys guitar drums
REGGAE,DANCEHALL,Ziggy Ranking,Cah Phase Me,?,lmd,C,major,0.966,kk,93.0,single tempo,4/4,1.0,bass pad keys guitar drums
REGGAE,DUB,Androcell,Dub Crystals,new,lmd,Ab,minor,0.567,kk,75.0,single tempo,4/4,1.0,guitar lead arp drums
REGGAE,DUB,Basic Channel,Octagon,80s,lmd,Db,minor,0.792,kk,139.0,single tempo,4/4,1.0,keys lead drums
REGGAE,DUB,Big Audio Dynamite,IS YOURS WORKING YET?,new,lmd,F,major,0.818,kk,156.0,2 tempo events (156.0-512.0); bpm = median beat,4/4 (none),1.0,bass pad guitar arp fx drums
REGGAE,DUB,Big Audio Dynamite II,Can't Wait (Live),80s,lmd,C,major,0.876,kk,128.0,6 tempo events (122.0-132.0); bpm = median beat,4/4,1.0,bass pad keys guitar lead drums
REGGAE,DUB,DJ Disse,Walk On The Wild side,new,lmd,C,major,0.912,kk,101.0,single tempo,4/4,1.0,keys drums
REGGAE,DUB,Dr. Ring-Ding & The Senior Allstars,Girls Them Dub,new,lmd,D,major,0.948,kk,145.0,single tempo,4/4,1.0,bass keys guitar fx drums
REGGAE,DUB,Dreadzone,One Way (Remixed By The Man With No Name),80s,lmd,Gb,minor,0.943,kk,145.0,31 tempo events (96.0-145.0); bpm = median beat,4/4,0.994,bass pad guitar arp drums
REGGAE,DUB,Dreadzone,Third Wave,90s,lmd,B,mixolydian,0.819,kk,134.0,17 tempo events (80.0-134.0); bpm = median beat,4/4,1.0,bass guitar drums
REGGAE,DUB,Dub Pistols feat. Blade,Speed Of Light,new,lmd,F,major,0.923,kk,95.0,single tempo,4/4,1.0,bass chord keys guitar lead drums
REGGAE,DUB,Easy Star All-Stars,A Day in the Life (feat. Michael Rose and Menny More),new,lmd,E,minor,0.957,kk,83.0,4 tempo events (75.0-85.0); bpm = median beat,4/4,1.0,bass pad keys guitar lead drums
REGGAE,DUB,Keith Hudson,We Can Work It Out (2002 Digital Remaster),80s,lmd,Db,major,0.891,kk,60.0,single tempo,4/4,1.0,bass keys guitar lead drums
REGGAE,DUB,Magic Sound Fabric,Only Love Is Real,?,lmd,G,major,0.959,kk,130.0,single tempo,4/4,1.0,bass chord keys guitar drums
REGGAE,DUB,Pepper,Ashes,new,lmd,G,major,0.95,kk,80.0,single tempo,4/4,1.0,bass guitar drums
REGGAE,DUB,Zion Train,Bloodlines,new,lmd,Eb,mixolydian,0.903,kk,152.0,single tempo,4/4,1.0,bass chord pad keys guitar lead fx drums
REGGAE,SKA,311,All Mixed Up,80s,lmd,F,minor,0.742,kk,92.0,single tempo,4/4,1.0,bass guitar lead drums
REGGAE,SKA,bad manners,,80s,lamd,Bb,major,0.946,kk,143.0,13 tempo events (140.0-144.0); bpm = median beat,4/4,1.0,bass chord keys guitar lead arp seq drums
REGGAE,SKA,desmond dekker,,?,lamd,Bb,major,0.954,kk,120.0,2 tempo events (80.0-120.0); bpm = median beat,4/4,1.0,bass chord keys guitar lead drums
REGGAE,SKA,desmond dekker,,?,lamd,Ab,major,0.961,kk,100.0,single tempo,4/4,1.0,bass chord keys guitar lead seq drums
REGGAE,SKA,Gordon,De Ware Liefde,80s,lmd,A,major,0.991,kk,71.0,single tempo,4/4,1.0,bass pad keys guitar lead seq drums
REGGAE,SKA,Gordon,If I Only Could Be With You,80s,lmd,Eb,mixolydian,0.764,kk,66.0,single tempo,4/4,1.0,keys lead drums
REGGAE,SKA,Gordon,We've Got The Power (Club Mix),80s,lmd,E,minor,0.859,kk,109.0,single tempo,4/4,1.0,bass chord pad keys guitar lead drums
REGGAE,SKA,Hepcat,Bobby & Joe,90s,lmd,G,major,0.921,kk,136.8,single tempo,4/4,1.0,bass keys guitar lead drums
REGGAE,SKA,Insyderz,Lord_ I Lift Your Name on High (LP Version),?,lmd,G,major,0.941,kk,70.0,single tempo,4/4,1.0,bass pad keys guitar lead drums
REGGAE,SKA,Kawasaki 3P,Idu Bugari 4/4,new,lmd,Db,lydian,0.589,kk,83.0,single tempo,4/4,0.968,bass chord pad guitar lead arp fx drums
REGGAE,SKA,Kortatu,Sarri Sarri,80s,lmd,Eb,mixolydian,0.783,kk,165.0,single tempo,4/4,1.0,bass keys guitar lead seq fx drums
REGGAE,SKA,La Carrau,Lamo Del Tros,new,lmd,C,major,0.9,kk,123.0,single tempo,4/4,1.0,bass chord pad guitar lead drums
REGGAE,SKA,La Carrau,Noguera I Garona,new,lmd,G,major,0.845,kk,125.0,7 tempo events (64.0-125.0); bpm = median beat,4/4,1.0,bass pad keys guitar lead drums
REGGAE,SKA,La Mosca Tse-Tse,Baila Para Mi,new,lmd,A,major,0.938,kk,156.0,single tempo,4/4,1.0,bass chord keys guitar lead drums
REGGAE,SKA,La Mosca Tse-Tse,El Demonio (Está En Esa Mujer),new,lmd,G,mixolydian,0.852,kk,102.0,single tempo,4/4,1.0,bass keys guitar lead seq drums
REGGAE,SKA,La Mosca Tse-Tse,Madrid Amanecio,new,lmd,G,major,0.97,kk,96.0,12 tempo events (40.0-104.0); bpm = median beat,4/4,1.0,bass pad keys guitar lead drums
REGGAE,SKA,La Mosca Tse-Tse,No Te Despiertes Mi Amor,new,lmd,E,major,0.836,kk,137.0,single tempo,4/4,1.0,bass keys guitar lead drums
REGGAE,SKA,La Mosca Tse-Tse,Yo Te Quiero Dar,new,lmd,A,major,0.917,kk,125.0,single tempo,4/4,1.0,bass chord guitar lead drums
REGGAE,SKA,Less Than Jake,9th At Pine,90s,lmd,Bb,mixolydian,0.909,kk,140.0,single tempo,4/4,1.0,bass chord guitar lead drums
REGGAE,SKA,Less Than Jake,How's My Driving_ Doug Hastings? (Explicit),90s,lmd,Ab,major,0.834,kk,197.0,single tempo,4/4,1.0,bass guitar lead seq drums
REGGAE,SKA,Lily Allen,Littlest Things (Instrumental),new,lmd,D,major,0.679,bass-relative,67.0,4 tempo events (46.0-82.0); bpm = median beat,4/4,1.0,bass pad keys guitar lead drums
REGGAE,SKA,Lily Allen,Smile,new,lmd,F,major,0.794,kk,95.5,4 tempo events (95.0-120.0); bpm = median beat,4/4,0.988,bass pad keys guitar lead seq drums
REGGAE,SKA,Lily Allen,The Count (aka Hervé) And Lily Face The Fear,new,lmd,F,mixolydian,0.862,kk,67.0,single tempo,4/4,1.0,bass pad guitar arp seq drums
REGGAE,SKA,Los Auténticos Decadentes,Diosa,80s,lmd,E,mixolydian,0.834,kk,146.0,single tempo,4/4,1.0,bass chord pad guitar lead drums
REGGAE,SKA,Los Auténticos Decadentes,La Guitarra,80s,lmd,E,major,0.896,kk,143.0,single tempo,4/4,1.0,bass chord keys guitar lead seq drums
REGGAE,SKA,Los Fabulosos Cadillacs,Conversación Nocturna,80s,lmd,C,lydian,0.875,kk,104.0,single tempo,4/4,1.0,bass chord keys drums
REGGAE,SKA,Los Fabulosos Cadillacs,Demasiada Presión,80s,lmd,A,minor,0.722,kk,110.0,single tempo,4/4,0.975,bass chord keys seq drums
REGGAE,SKA,Los Fabulosos Cadillacs,Gitana (Remix),new,lmd,A,mixolydian,0.955,kk,140.0,single tempo,4/4,1.0,keys guitar lead drums
REGGAE,SKA,Los Fabulosos Cadillacs,Twist Y Gritos (Twist & Shout),80s,lmd,G,mixolydian,0.875,kk,152.0,single tempo,4/4,1.0,bass chord guitar lead drums
REGGAE,SKA,No Doubt,Hey You,80s,lmd,D,mixolydian,0.873,kk,120.0,111 tempo events (65.0-170.0); bpm = median beat,4/4,0.958,bass chord keys lead drums
REGGAE,SKA,No Doubt,It's My Life,new,lmd,Db,major,0.904,kk,126.0,single tempo,4/4,1.0,bass pad guitar lead fx drums
REGGAE,SKA,No Doubt,Spiderwebs,80s,lmd,Bb,major,0.912,kk,140.0,4 tempo events (60.0-140.0); bpm = median beat,4/4,0.994,bass guitar lead drums
REGGAE,SKA,No Doubt / Bounty Killer,Hey Baby,new,lmd,E,minor,0.949,kk,94.0,single tempo,4/4,1.0,bass chord pad guitar lead seq drums
REGGAE,SKA,Rantanplan,Unbekanntes Pferd,90s,lmd,C,major,0.827,kk,117.0,single tempo,4/4,1.0,bass chord pad keys guitar lead drums
REGGAE,SKA,Reel Big Fish,241,90s,lmd,B,minor,0.905,kk,141.0,21 tempo events (49.0-141.0); bpm = median beat,4/4,1.0,bass guitar lead drums
REGGAE,SKA,Samiam,Cry Baby Cry,90s,lmd,E,phrygian,0.863,kk,75.0,single tempo,4/4,0.873,bass keys guitar lead arp drums
REGGAE,SKA,Skankin' Pickle,Racist World,?,lmd,D,minor,0.715,kk,75.0,2 tempo events (50.0-75.0); bpm = median beat,2/4,0.99,bass guitar lead drums
REGGAE,SKA,Smash Mouth,The Fonz,90s,lmd,Db,major,0.821,kk,98.0,single tempo,4/4,1.0,bass guitar lead drums
REGGAE,SKA,The B-Sides,Anna (As made famous by The Beatles),?,lmd,D,major,0.941,kk,107.9,2 tempo events (107.9-120.0); bpm = median beat,4/4,0.988,bass chord keys guitar lead drums
REGGAE,SKA,The B-Sides,Chains (As made famous by The Beatles),?,lmd,A,major,0.937,kk,140.0,single tempo,4/4,1.0,bass keys guitar lead drums
REGGAE,SKA,The B-Sides,Please Please Me (As made famous by The Beatles),?,lmd,E,major,0.989,kk,141.0,2 tempo events (120.0-141.0); bpm = median beat,4/4,0.986,bass guitar lead drums
REGGAE,SKA,The B-Sides,She Loves You (As made famous by The Beatles),?,lmd,G,major,0.947,kk,156.0,single tempo,4/4,1.0,bass keys guitar drums
REGGAE,SKA,the beat,,80s,lamd,A,minor,0.79,kk,147.0,single tempo,4/4,1.0,bass guitar lead drums
REGGAE,SKA,the beat,,80s,lamd,D,major,0.934,kk,130.0,single tempo,4/4,1.0,keys
REGGAE,SKA,the beat,,80s,lamd,Ab,mixolydian,0.754,kk,142.0,single tempo,4/4,1.0,bass pad keys seq drums
REGGAE,SKA,the beat,,80s,lamd,A,minor,0.79,kk,147.0,single tempo,4/4,1.0,bass guitar lead drums
REGGAE,SKA,The Havenots,New Lace Dress,?,lmd,C,major,0.865,kk,117.0,2 tempo events (97.0-117.0); bpm = median beat,2/4,0.962,bass pad keys guitar lead drums
REGGAE,SKA,The O.C. Supertones,Louder Than The Mob,90s,lmd,A,major,0.916,kk,160.0,78 tempo events (77.0-160.0); bpm = median beat,4/4,1.0,bass pad keys guitar lead drums
REGGAE,SKA,The O.C. Supertones,You Are My King (Amazing Love) (Supertones Live Album Version),90s,lmd,D,major,0.922,kk,60.0,single tempo,4/4,1.0,bass pad keys lead fx drums
REGGAE,SKA,The Ordinary Boys,My Girl,new,lmd,E,major,0.827,kk,116.0,3 tempo events (89.0-116.0); bpm = median beat,2/4,0.681,bass keys guitar lead drums
REGGAE,SKA,The Pietasters,Out All Night,90s,lmd,F,major,0.787,kk,187.0,single tempo,4/4 (none),1.0,bass guitar lead drums
REGGAE,SKA,The Special AKA,Nelson Mandela (2002 Digital Remaster),80s,lmd,C,major,0.921,kk,127.0,single tempo,1/4,0.992,bass chord pad keys guitar lead drums
REGGAE,SKA,the specials,,80s,lamd,C,major,0.986,kk,132.0,single tempo,4/4,1.0,bass chord guitar lead seq drums
REGGAE,SKA,Zebda,Tomber La Chemise,90s,lmd,Bb,major,0.884,kk,135.0,single tempo,4/4,1.0,bass pad keys guitar lead seq drums
RNB,,All Saints,Lady Marmalade ('98 Remix),90s,lmd,G,dorian,0.831,kk,115.0,single tempo,4/4,1.0,keys lead drums
RNB,,All Saints,Under The Bridge,90s,lmd,B,major,0.805,kk,85.0,41 tempo events (84.0-87.0); bpm = median beat,4/4,1.0,bass pad keys guitar lead drums
RNB,,Allure (featuring 112),All Cried Out,90s,lmd,Db,major,0.96,kk,67.0,42 tempo events (39.0-67.0); bpm = median beat,4/4,1.0,bass pad keys guitar drums
RNB,,Anita Baker,Caught Up In The Rapture [Single Version],80s,lmd,D,mixolydian,0.929,kk,101.0,39 tempo events (78.0-102.0); bpm = median beat,4/4,1.0,bass pad keys guitar lead drums
RNB,,Anita Baker,Just Because [Single Version #2],new,lmd,Ab,major,0.879,kk,92.0,single tempo,4/4,1.0,bass keys fx drums
RNB,,Anointed,Not The I But The You In Me (LP Version),80s,lmd,Eb,major,0.912,kk,60.0,single tempo,2/4,0.975,bass chord pad lead drums
RNB,,Aren B,Kissin Away,?,lmd,G,minor,0.811,kk,147.0,single tempo,4/4,1.0,bass pad keys guitar lead drums
RNB,,Atomic Kitten,The Tide Is High (Get The Feeling) (Radio Mix),new,lmd,G,major,0.845,kk,104.0,single tempo,4/4,1.0,bass pad guitar lead drums
RNB,,Babyface;Eric Clapton,Change The World,?,lmd,E,major,0.942,kk,97.0,single tempo,4/4,1.0,bass pad keys guitar lead seq drums
RNB,,Brandy,(Everything I Do ) I Do It For You  ( LP Version ),90s,lmd,Db,major,0.925,kk,66.0,single tempo,4/4,1.0,bass chord keys guitar lead drums
RNB,,Brandy,Almost Doesn't Count ( Pull Mix ),new,lmd,G,minor,0.916,kk,80.0,single tempo,4/4 (none),1.0,pad keys guitar seq drums
RNB,,Brandy,Full Moon (MIKE RIZZO GLOBAL CLUB MIX),new,lmd,Bb,minor,0.945,kk,125.0,single tempo,4/4,1.0,bass pad lead arp seq drums
RNB,,Brandy,Have You Ever (Radio Edit),new,lmd,A,major,0.882,kk,136.0,single tempo,4/4,1.0,bass pad keys guitar lead drums
RNB,,Brandy duet with Monica,The Boy Is Mine (Duet With Monica) (LP Version),?,lmd,Db,minor,0.869,kk,93.0,single tempo,4/4,1.0,bass pad keys guitar arp seq drums
RNB,,Bruce Willis,Under The Boardwalk,80s,lmd,C,major,0.92,kk,117.0,2 tempo events (117.0-200.0); bpm = median beat,4/4,1.0,bass chord pad keys guitar lead drums
RNB,,Caesars,Waking Up,new,lmd,E,major,0.926,kk,136.0,single tempo,4/4,1.0,bass chord guitar lead drums
RNB,,Carey Bell_ Lurrie Bell,What My Mama Told Me,90s,lmd,G,minor,0.743,kk,130.0,single tempo,4/4,1.0,bass drums
RNB,,Christina Aguilera,Come On Over Baby (All I Want Is You),new,lmd,Eb,major,0.947,kk,118.0,single tempo,4/4,1.0,bass chord pad keys guitar lead seq drums
RNB,,Christina Aguilera,Genie In A Bottle,90s,lmd,C,major,0.885,kk,120.0,single tempo,4/4,1.0,bass keys guitar lead drums
RNB,,Christina Aguilera,Get Mine_ Get Yours,new,lmd,Gb,minor,0.897,kk,88.0,single tempo,4/4,1.0,bass pad guitar lead arp drums
RNB,,Christina Aguilera Featuring Redman,Dirrty,new,lmd,G,minor,0.891,kk,100.0,single tempo,4/4 (none),1.0,bass pad guitar lead seq drums
RNB,,Christopher Cross,What Am I Supposed To Believe (Album Version),80s,lmd,D,major,0.841,kk,74.0,3 tempo events (46.0-74.0); bpm = median beat,4/4 (none),1.0,bass pad keys guitar lead drums
RNB,,David Tao,Blue Moon,90s,lmd,Db,major,0.849,kk,91.0,single tempo,4/4,1.0,bass pad keys lead drums
RNB,,David Tao,Close To You,90s,lmd,C,major,0.932,kk,60.4,single tempo,4/4,1.0,bass pad keys guitar lead drums
RNB,,Deborah Cox,September,90s,lmd,B,minor,0.761,kk,91.0,single tempo,4/4,1.0,bass lead drums
RNB,,Drifters,Vartän Vi Går,?,lmd,D,major,0.957,kk,120.0,single tempo,4/4,0.983,bass chord keys guitar lead drums
RNB,,Eddie Jones,Deep in the Heart of Texas,?,lmd,E,major,0.825,kk,124.0,single tempo,4/4 (none),1.0,bass guitar drums
RNB,,Eddie Jones,F.B.I.,?,lmd,A,major,0.9,kk,141.0,2 tempo events (120.0-141.0); bpm = median beat,4/4,0.989,bass keys guitar drums
RNB,,Eric Burdon And The New Animals,Prideland,?,lmd,A,minor,0.841,kk,115.0,28 tempo events (92.0-120.0); bpm = median beat,4/4 (none),1.0,bass keys guitar lead drums
RNB,,Gary U.S. Bonds,The Pretender,?,lmd,G,major,0.98,kk,101.0,single tempo,4/4,1.0,bass keys lead drums
RNB,,Gerald Albright,If You Don't Know Me By Now,?,lmd,C,major,0.817,kk,100.0,single tempo,4/4,0.844,bass chord pad keys guitar lead drums
RNB,,Gerald Levert,Let It Be (Album Version),?,lmd,Eb,major,0.82,kk,82.0,single tempo,4/4,1.0,keys arp drums
RNB,,Gerald Levert,Men Like Us (LP Version),?,lmd,Gb,major,0.748,kk,122.0,single tempo,4/4,1.0,bass pad keys lead drums
RNB,,Hacienda Brothers,I'll Come Running (Album Version),?,lmd,D,major,0.916,kk,117.0,single tempo,4/4,1.0,bass pad keys guitar lead drums
RNB,,Helen Baylor,Look A Little Closer (Remastered Version),?,lmd,A,major,0.935,kk,63.0,single tempo,4/4,1.0,bass pad keys lead seq drums
RNB,,Jaheim,Diamond In Da Ruff (Album Version),new,lmd,D,major,0.84,kk,90.0,single tempo,4/4,1.0,bass pad keys lead arp drums
RNB,,James Ingram;Michael McDonald,Yah Mo Be There,?,lmd,G,minor,0.806,kk,118.0,single tempo,4/4,1.0,bass pad keys guitar lead drums
RNB,,Jane Child,Don't Wanna Fall In Love (Album Version),80s,lmd,F,minor,0.679,kk,110.0,single tempo,4/4,1.0,bass chord pad guitar lead arp fx drums
RNB,,Jimmy Norman,Little Pieces,?,lmd,A,major,0.908,kk,113.0,single tempo,4/4,1.0,pad guitar lead
RNB,,Jimmy Roses,Streets Are Callin' Interlude,?,lmd,E,major,0.865,kk,150.0,single tempo,4/4 (none),1.0,bass pad guitar drums
RNB,,Joey Sommerville,I Want You Back,?,lmd,Ab,major,0.96,kk,102.0,single tempo,4/4,1.0,bass chord pad keys guitar seq drums
RNB,,Johnny Gill,Because Of You,80s,lmd,F,major,0.947,kk,76.0,single tempo,2/4,0.987,bass chord pad keys drums
RNB,,JoJo,Exceptional,new,lmd,A,minor,0.907,kk,101.0,5 tempo events (101.0-106.0); bpm = median beat,4/4,1.0,bass pad keys guitar lead seq drums
RNB,,JoJo,Leave (Get Out),new,lmd,D,minor,0.805,kk,86.0,single tempo,4/4,1.0,bass pad keys guitar drums
RNB,,Jordan Hill,Until The End Of Time (LP Version),?,lmd,Bb,mixolydian,0.839,kk,60.0,single tempo,4/4,1.0,bass pad keys guitar arp drums
RNB,,Jordin Sparks,Battlefield,new,lmd,E,minor,0.926,kk,140.0,single tempo,4/4,1.0,bass pad lead seq fx drums
RNB,,Jordin Sparks,One Step At A Time,new,lmd,Ab,major,0.842,kk,115.0,single tempo,4/4,1.0,bass chord pad keys guitar fx drums
RNB,,Justin Guarini,Get Here,new,lmd,G,major,0.937,kk,100.0,single tempo,4/4,1.0,bass pad keys guitar drums
RNB,,Justin Timberlake,My Love,new,lmd,D,minor,0.71,kk,128.0,single tempo,4/4 (none),1.0,bass keys
RNB,,Justin Timberlake,Rock Your Body,new,lmd,G,mixolydian,0.794,kk,103.0,single tempo,4/4,1.0,bass keys guitar lead seq drums
RNB,,Kandi,Outro,new,lmd,E,minor,0.86,kk,102.0,single tempo,4/4,1.0,bass lead seq drums
RNB,,Keith Sweat,Can We Make Love (LP Version),90s,lmd,B,major,0.913,kk,60.0,4 tempo events (60.0-120.0); bpm = median beat,4/4,1.0,bass pad keys guitar lead drums
RNB,,Keith Sweat,Twisted (feat. Kut Klose),80s,lmd,Gb,major,0.906,kk,88.0,single tempo,4/4,1.0,bass chord pad keys lead seq drums
RNB,,"Kenny ""Babyface"" Edmonds",Please Come To Boston,?,lmd,E,major,0.983,kk,67.0,single tempo,4/4,1.0,bass pad keys guitar lead drums
RNB,,Kim Waters,This Is It,?,lmd,Bb,major,0.918,kk,97.2,2 tempo events (93.2-97.2); bpm = median beat,4/4,1.0,bass pad keys guitar lead
RNB,,Kim Waters featuring special guests: Meli'sa Morgan and Chuck Loeb,Fortunate,?,lmd,Db,major,0.783,kk,63.0,single tempo,4/4,1.0,pad fx drums
RNB,,Kirk Franklin,September,new,lmd,A,major,0.881,kk,118.0,66 tempo events (53.0-118.0); bpm = median beat,4/4,1.0,bass keys guitar lead drums
RNB,,Kreesha Turner,Wherever You Are,new,lmd,C,major,0.834,kk,128.0,single tempo,4/4,1.0,bass seq drums
RNB,,Lionel Richie,I Hear Your Voice,90s,lmd,G,major,0.848,kk,65.0,single tempo,4/4,1.0,bass pad keys guitar drums
RNB,,Lionel Richie,Say You_ Say Me,new,lmd,Ab,major,0.94,kk,64.0,9 tempo events (38.0-98.0); bpm = median beat,4/4,0.986,bass chord pad keys guitar lead drums
RNB,,Livvi Franc,Automatik,?,lmd,Bb,lydian,0.746,bass-relative,127.0,single tempo,4/4,1.0,bass chord pad keys guitar lead arp seq drums
RNB,,Lucina,Stop Wasting My Time,?,lmd,A,minor,0.913,kk,101.0,5 tempo events (101.0-103.0); bpm = median beat,2/4,0.991,bass pad keys guitar lead drums
RNB,,Max Gazzè,L'Uomo Più Furbo,new,lmd,G,major,0.922,kk,131.0,single tempo,4/4,1.0,bass pad keys guitar lead arp drums
RNB,,Max Gazzè,La Favola Di Adamo Ed Eva,90s,lmd,A,minor,0.798,kk,137.0,single tempo,4/4,1.0,bass keys guitar lead seq drums
RNB,,Max Gazzè,Non Era Previsto,new,lmd,Bb,major,0.661,bass-relative,133.0,single tempo,4/4 (none),1.0,bass chord pad keys guitar lead seq drums
RNB,,Max Gazzè,Una Musica Può Fare,90s,lmd,A,minor,0.805,kk,146.0,single tempo,4/4,1.0,bass chord pad guitar lead seq drums
RNB,,Melanie C,Never Be The Same Again,new,lmd,Bb,major,0.854,kk,84.0,single tempo,4/4,1.0,bass pad keys guitar lead seq drums
RNB,,Mica Paris,I Never Felt Like This Before,80s,lmd,F,minor,0.82,kk,98.0,2 tempo events (98.0-200.0); bpm = median beat,4/4,1.0,bass chord pad keys lead drums
RNB,,Michael McDonald,Still Not Over You (Getting Over Me),?,lmd,C,major,0.821,kk,72.0,single tempo,4/4,1.0,keys lead seq fx drums
RNB,,Najee,Sweet Love,80s,lmd,Bb,minor,0.82,kk,89.0,single tempo,4/4,1.0,bass chord pad keys guitar lead seq drums
RNB,,OneWay,Nightmare - Radio Rock Edit,?,lmd,A,minor,0.808,kk,140.0,single tempo,4/4,1.0,bass guitar lead drums
RNB,,Pee Wee Crayton,Blues Before Dawn,new,lmd,Bb,major,0.92,kk,163.0,single tempo,4/4,1.0,bass chord keys guitar lead drums
RNB,,R. Kelly duet with Celine Dion,I'm Your Angel,?,lmd,G,mixolydian,0.823,kk,60.0,3 tempo events (60.0-246.0); bpm = median beat,4/4,1.0,bass pad keys lead drums
RNB,,Ricki-Lee,Sunshine,?,lmd,Ab,major,0.924,kk,84.5,single tempo,4/4,1.0,bass pad keys guitar seq drums
RNB,,Samantha Mumba,Always Come Back To Your Love,new,lmd,Ab,major,0.766,kk,105.0,single tempo,4/4,1.0,bass pad keys guitar lead drums
RNB,,Samantha Mumba,Gotta Tell You,new,lmd,C,minor,0.851,kk,110.0,single tempo,4/4,1.0,bass chord pad guitar lead seq drums
RNB,,Seal,Get It Together (Bill Hamel Remix),new,lmd,F,minor,0.825,kk,96.0,single tempo,4/4,1.0,bass lead drums
RNB,,Seal,Hey Joe [Live],new,lmd,E,minor,0.817,kk,82.2,86 tempo events (53.0-86.0); bpm = median beat,4/4,1.0,bass pad keys guitar lead drums
RNB,,Seal,Just Like Before (Album Version),new,lmd,G,major,0.903,kk,130.0,single tempo,4/4,1.0,bass pad keys guitar lead fx drums
RNB,,Seal,Stand By Me (Album Version),new,lmd,A,major,0.978,kk,104.0,single tempo,4/4,1.0,bass pad guitar lead fx drums
RNB,,Silk,Baby Check Your Friend,?,lmd,B,phrygian,0.769,kk,64.0,single tempo,4/4,1.0,bass pad keys lead drums
RNB,,Sounds Of Blackness,Love Will Never Change,90s,lmd,Db,major,0.922,kk,64.0,6 tempo events (34.0-64.0); bpm = median beat,4/4,0.9,bass pad keys guitar lead seq drums
RNB,,Special Generation,You Are Everything,?,lmd,A,major,0.82,kk,71.0,single tempo,4/4,1.0,bass pad keys guitar lead drums
RNB,,Spice Girls,Naked,90s,lmd,D,phrygian,0.728,bass-relative,80.1,single tempo,4/4,1.0,bass pad keys guitar lead drums
RNB,,Spice Girls,Something Kinda Funny (Live In Istanbul),90s,lmd,Gb,minor,0.806,kk,104.0,single tempo,4/4,1.0,bass pad keys guitar lead seq drums
RNB,,Stacie Orrico,Stuck (Earthlink Live),new,lmd,E,minor,0.852,kk,100.0,single tempo,4/4 (none),1.0,bass chord pad keys guitar lead drums
RNB,,Steely Dan,Hey Nineteen,80s,lmd,D,major,0.895,kk,112.0,single tempo,4/4,0.972,bass keys guitar lead drums
RNB,,Steely Dan,Peg (Live) (Album Version),80s,lmd,G,major,0.925,kk,119.0,single tempo,4/4,1.0,bass chord pad keys guitar lead drums
RNB,,Sugababes,Ugly,new,lmd,A,minor,0.764,kk,119.0,single tempo,4/4,1.0,bass chord pad guitar lead drums
RNB,,Sweet & Saxy,Nikita,?,lmd,G,major,0.949,kk,93.0,60 tempo events (81.0-136.0); bpm = median beat,3/4,0.708,bass pad keys guitar lead fx drums
RNB,,The Robert Cray Band,Right Next Door (Because Of Me),80s,lmd,C,minor,0.82,kk,91.8,single tempo,4/4,0.991,bass pad keys lead drums
RNB,,Toni Braxton,Yesterday (Album Version),90s,lmd,D,minor,0.869,kk,87.0,3 tempo events (87.0-141.0); bpm = median beat,4/4,1.0,bass keys guitar lead
RNB,,Tye Tribbett & G.A.,Look Back,new,lmd,A,minor,0.925,kk,91.0,2 tempo events (91.0-97.0); bpm = median beat,4/4,1.0,bass chord pad keys guitar lead seq drums
RNB,,Tynisha Keli,Spotless Mind (Album Version),?,lmd,Db,mixolydian,0.92,kk,76.0,single tempo,4/4 (none),1.0,bass pad guitar lead drums
RNB,,Vanessa Williams,Colors Of The Wind,80s,lmd,Bb,major,0.872,kk,85.0,single tempo,4/4,0.989,bass pad keys guitar drums
RNB,,Vanessa Williams,Save The Best For Last,80s,lmd,Eb,major,0.921,kk,90.0,single tempo,4/4,1.0,bass keys lead drums
RNB,,Vita Chambers,Shut Your Mouth,new,lmd,Bb,major,0.886,kk,90.0,single tempo,4/4,1.0,bass pad keys guitar lead seq drums
RNB,,Whitney Houston,Exhale,80s,lmd,Db,major,0.961,kk,69.0,2 tempo events (50.0-69.0); bpm = median beat,4/4,1.0,bass chord pad keys guitar lead seq drums
RNB,,Whitney Houston,Someone For Me,80s,lmd,A,mixolydian,0.852,kk,123.0,single tempo,4/4,1.0,bass chord pad guitar lead fx drums
RNB,,Will.I.Am And Fergie,True (Album Version),?,lmd,G,major,0.968,kk,100.0,single tempo,4/4,0.981,bass chord pad keys guitar lead drums
RNB,,Winans Phase 2,Too Much Heaven (LP Version),?,lmd,Db,major,0.858,kk,84.0,single tempo,4/4,0.894,bass chord keys guitar lead drums
RNB,NEOSOUL,Alicia Keys,Fallin',new,lmd,E,major,0.835,kk,93.0,single tempo,4/4,1.0,pad guitar lead arp drums
RNB,NEOSOUL,Alicia Keys,How It Feels To Fly,new,lmd,D,major,0.925,kk,74.0,single tempo,4/4,1.0,bass pad keys lead drums
RNB,NEOSOUL,Alicia Keys,No One,new,lmd,E,major,0.937,kk,90.0,single tempo,4/4,1.0,bass pad guitar lead seq fx drums
RNB,NEOSOUL,Alicia Keys,Wait Til You See My Smile,new,lmd,G,major,0.866,kk,110.0,single tempo,4/4,1.0,bass chord keys guitar drums
RNB,NEOSOUL,Alicia Keys featuring Adam Levine,Wild Horses,new,lmd,G,major,0.945,kk,69.0,single tempo,2/4,0.99,bass pad guitar drums
RNB,NEOSOUL,Angie Stone,Wherever You Are (Outro),new,lmd,C,major,0.842,kk,135.0,single tempo,4/4,1.0,bass keys guitar lead drums
RNB,NEOSOUL,Angie Stone,Wish I Didn't Miss You,new,lmd,C,minor,0.665,kk,128.0,single tempo,4/4,1.0,bass lead arp fx drums
RNB,NEOSOUL,Christina Aguilera,Ain't No Other Man,new,lmd,Gb,minor,0.934,kk,128.0,4 tempo events (92.0-128.0); bpm = median beat,4/4,0.992,bass chord pad guitar lead drums
RNB,NEOSOUL,Donell Jones,U Know What's Up,90s,lmd,Ab,mixolydian,0.741,kk,106.0,single tempo,4/4,1.0,bass pad keys drums
RNB,NEOSOUL,Dru Hill / Redman,How Deep Is Your Love,90s,lmd,Eb,minor,0.882,kk,94.0,single tempo,4/4,1.0,bass pad keys guitar lead drums
RNB,NEOSOUL,Floetry,Lay Down,new,lmd,F,minor,0.835,kk,125.0,single tempo,4/4,1.0,bass pad keys guitar lead drums
RNB,NEOSOUL,John Legend,Everybody Knows,new,lmd,Ab,major,0.939,kk,90.0,single tempo,4/4,1.0,bass chord pad keys guitar lead seq drums
RNB,NEOSOUL,John Legend,Ordinary People,new,lmd,F,mixolydian,0.847,kk,120.0,37 tempo events (67.0-120.0); bpm = median beat,4/4,1.0,keys lead
RNB,NEOSOUL,John Legend,P.D.A. (We Just Don't Care),new,lmd,Eb,phrygian,0.854,kk,111.5,2 tempo events (98.0-111.5); bpm = median beat,4/4,1.0,bass pad keys guitar lead fx drums
RNB,NEOSOUL,John Legend,Save Room,new,lmd,G,major,0.827,kk,109.0,2 tempo events (109.0-112.0); bpm = median beat,4/4,1.0,bass keys guitar lead drums
RNB,NEOSOUL,Macy Gray,I Try,90s,lmd,D,major,0.874,kk,76.0,single tempo,4/4,1.0,bass chord pad keys guitar seq drums
RNB,NEOSOUL,Mint Condition,After The Love Is Gone,new,lmd,Bb,minor,0.76,kk,65.0,3 tempo events (61.0-65.0); bpm = median beat,4/4,0.963,bass chord pad keys guitar lead drums
RNB,NEOSOUL,Musiq,Something,new,lmd,C,major,0.865,kk,76.0,single tempo,4/4,1.0,bass pad keys guitar drums
RNB,NEOSOUL,R. Kelly,2nd Kelly,90s,lmd,Db,mixolydian,0.802,kk,112.0,single tempo,4/4,1.0,bass pad keys guitar lead fx drums
RNB,NEOSOUL,R. Kelly,I Believe I Can Fly,90s,lmd,C,major,0.615,bass-relative,60.0,single tempo,4/4,1.0,bass pad guitar lead seq drums
RNB,NEOSOUL,R. Kelly,If I Could Turn Back The Hands Of Time,90s,lmd,Ab,major,0.976,kk,75.0,single tempo,4/4,1.0,bass pad keys guitar lead drums
RNB,NEOSOUL,R. Kelly,Ignition,new,lmd,Ab,major,0.867,kk,133.0,single tempo,4/4,1.0,bass keys guitar drums
RNB,NEOSOUL,Remy Shand,Take A Message,new,lmd,D,minor,0.888,kk,80.0,single tempo,4/4,1.0,bass chord pad keys lead seq drums
RNB,SOUL,Aaron Neville,Silent Night,80s,lmd,C,mixolydian,0.771,kk,76.0,single tempo,4/4,1.0,chord pad lead
RNB,SOUL,Adele,Cold Shoulder,new,lmd,E,minor,0.908,kk,112.1,19 tempo events (102.1-250.0); bpm = median beat,4/4,1.0,bass keys guitar lead drums
RNB,SOUL,Adele,Crazy For You (Live At Hotel Cafe),new,lmd,E,minor,0.804,kk,119.0,10 tempo events (108.0-250.0); bpm = median beat,4/4,1.0,bass keys guitar lead drums
RNB,SOUL,Adele,Daydreamer (Live At Hotel Cafe),new,lmd,A,major,0.853,kk,108.0,29 tempo events (90.0-250.0); bpm = median beat,4/4,0.96,bass keys guitar lead drums
RNB,SOUL,Adele,Melt My Heart To Stone (Live At Hotel Cafe),new,lmd,D,major,0.868,kk,80.9,4 tempo events (80.9-250.0); bpm = median beat,4/4,1.0,bass keys guitar lead drums
RNB,SOUL,Al Green,Let's Stay Together,80s,lmd,F,major,0.81,kk,103.0,single tempo,4/4,1.0,bass pad keys guitar lead drums
RNB,SOUL,Al Jarreau,Look What You've Done For Me,80s,lmd,F,mixolydian,0.893,kk,96.0,single tempo,4/4,1.0,bass chord pad keys lead seq drums
RNB,SOUL,Alessandra Amoroso,Find A Way,new,lmd,E,minor,0.863,kk,80.0,single tempo,4/4,0.974,bass keys guitar lead arp seq drums
RNB,SOUL,Alexandra Burke,The Silence,new,lmd,C,major,0.951,kk,166.0,2 tempo events (120.0-166.0); bpm = median beat,4/4,0.994,bass chord pad guitar lead seq drums
RNB,SOUL,Alison Limerick,Love Come Down,80s,lmd,Db,dorian,0.798,kk,118.0,single tempo,4/4,1.0,bass pad keys guitar lead seq drums
RNB,SOUL,Amanda Jenssen,I Choose You,new,lmd,C,major,0.902,kk,96.0,single tempo,4/4,1.0,bass chord pad keys guitar lead drums
RNB,SOUL,Amanda Jenssen,Look What They've Done To My Song,new,lmd,Bb,major,0.904,kk,127.0,single tempo,4/4,1.0,bass chord pad keys guitar lead drums
RNB,SOUL,Aretha Franklin,Dark End Of The Street   (LP Version),80s,lmd,C,major,0.819,kk,114.1,single tempo,4/4,1.0,bass chord pad keys lead seq
RNB,SOUL,Barbara Lewis,Hello Stranger,80s,lmd,C,major,0.808,kk,104.0,single tempo,4/4,1.0,bass keys guitar lead drums
RNB,SOUL,Ben E. King,Stand by Me,80s,lmd,A,major,0.946,kk,124.0,single tempo,4/4,1.0,bass pad keys guitar lead drums
RNB,SOUL,Bill Withers,Lean On Me,80s,lmd,C,major,0.991,kk,76.0,3 tempo events (73.0-76.0); bpm = median beat,4/4,1.0,bass pad keys lead drums
RNB,SOUL,Bobby Taylor and The Vancouvers,Reach Out I'll Be There,90s,lmd,E,minor,0.673,kk,122.0,single tempo,4/4,1.0,bass chord keys guitar lead drums
RNB,SOUL,Booker T. & The MG's,Green Onions,80s,lmd,F,dorian,0.796,kk,129.0,single tempo,4/4,1.0,bass keys guitar drums
RNB,SOUL,Boyz II Men,The Tracks Of My Tears,new,lmd,G,major,0.977,kk,96.0,2 tempo events (96.0-200.0); bpm = median beat,4/4,1.0,bass chord pad guitar lead seq drums
RNB,SOUL,Chris Clark,One,90s,lmd,C,major,0.955,kk,60.0,41 tempo events (30.0-75.0); bpm = median beat,4/4,1.0,bass pad lead
RNB,SOUL,Cornelius Brothers & Sister Rose,Too Late To Turn Back Now,80s,lmd,G,major,0.79,kk,114.3,2 tempo events (114.3-120.0); bpm = median beat,4/4,0.99,bass chord pad guitar lead drums
RNB,SOUL,Daryl Hall,Stop Loving Me_ Stop Loving You,80s,lmd,C,mixolydian,0.688,kk,110.0,single tempo,4/4,1.0,bass pad keys lead drums
RNB,SOUL,Daryl Hall / John Oates,Ooh Child,new,lmd,F,mixolydian,0.867,kk,93.0,single tempo,4/4,0.986,bass chord pad keys guitar lead drums
RNB,SOUL,Dennis Edwards / Siedah Garrett,Don't Look Any Further,80s,lmd,A,major,0.81,kk,97.0,single tempo,4/4,1.0,bass pad guitar lead drums
RNB,SOUL,Diana Ross & The Supremes,Someday We'll Be Together,80s,lmd,Db,major,0.98,kk,108.0,single tempo,4/4,1.0,bass pad guitar lead drums
RNB,SOUL,Dionne Warwick,Walk On By (LP Version),80s,lmd,F,major,0.772,kk,105.0,single tempo,4/4,1.0,bass keys guitar lead drums
RNB,SOUL,Doris Troy,Just One Look,80s,lmd,F,major,0.974,kk,115.0,single tempo,4/4,1.0,bass chord keys lead drums
RNB,SOUL,Duffy,Rain On Your Parade,?,lmd,E,minor,0.848,kk,140.0,3 tempo events (138.0-140.0); bpm = median beat,4/4,1.0,bass pad keys lead seq drums
RNB,SOUL,Etta James,At Last,80s,lmd,F,major,0.974,kk,70.0,single tempo,4/4,1.0,bass pad keys guitar lead drums
RNB,SOUL,Freda Payne,Band Of Gold,80s,lmd,G,major,0.974,kk,108.0,single tempo,4/4,1.0,bass chord guitar lead drums
RNB,SOUL,Guy Sebastian,Knock On Wood,new,lmd,E,mixolydian,0.905,kk,107.5,3 tempo events (107.5-140.0); bpm = median beat,4/4,0.989,bass chord keys guitar seq drums
RNB,SOUL,Jackson 5,Maybe Tomorrow,80s,lmd,E,minor,0.891,kk,93.0,single tempo,4/4,0.989,bass chord keys guitar lead drums
RNB,SOUL,Jackson 5,Never Can Say Goodbye,80s,lmd,D,major,0.961,kk,82.0,single tempo,4/4,1.0,bass pad keys lead arp seq drums
RNB,SOUL,James & Bobby Purify,Let Love Come Between Us,90s,lmd,A,major,0.918,kk,68.0,single tempo,4/4,1.0,bass pad keys guitar lead arp drums
RNB,SOUL,Jazmine Sullivan,After The Hurricane,new,lmd,D,minor,0.798,bass-relative,112.0,single tempo,4/4,1.0,bass pad keys guitar lead drums
RNB,SOUL,Jenniffer Kae,Little White Lies,new,lmd,A,minor,0.908,kk,141.0,single tempo,4/4 (none),1.0,bass pad keys lead seq fx drums
RNB,SOUL,Jimmy Ruffin,Heart,80s,lmd,Eb,major,0.821,kk,129.0,single tempo,4/4,1.0,bass pad keys guitar lead drums
RNB,SOUL,Jimmy Ruffin,What Becomes Of The Brokenhearted,80s,lmd,D,minor,0.803,kk,98.0,single tempo,4/4,1.0,bass chord pad keys lead drums
RNB,SOUL,Johnny Gill,Medley: My My My/Love T.K.O./Let's Get It On,80s,lmd,C,major,0.855,kk,82.0,single tempo,4/4,1.0,bass pad keys guitar lead fx drums
RNB,SOUL,Joss Stone,You Had Me (Live),new,lmd,E,minor,0.963,kk,102.0,single tempo,4/4,1.0,bass pad keys guitar lead arp seq drums
RNB,SOUL,Joy Denalane,Setho,new,lmd,G,major,0.868,kk,120.0,single tempo,4/4,1.0,bass pad guitar lead seq drums
RNB,SOUL,Jr. Walker & The All Stars,What Does It Take (To Win Your Love),80s,lmd,F,major,0.872,kk,106.0,single tempo,4/4,1.0,bass keys lead drums
RNB,SOUL,Keith Sweat,Right And A Wrong Way (LP Version),80s,lmd,Bb,mixolydian,0.809,kk,60.0,single tempo,4/4,1.0,bass pad keys guitar lead drums
RNB,SOUL,Lionel Richie,My Destiny,80s,lmd,Ab,major,0.842,kk,115.0,single tempo,4/4,1.0,bass pad keys lead drums
RNB,SOUL,Lisa Lois,I Know Who I Am,new,lmd,D,major,0.92,kk,70.5,20 tempo events (32.4-169.0); bpm = median beat,4/4,1.0,bass chord pad keys guitar lead drums
RNB,SOUL,Lisa Stansfield,Someday (I'm Coming Back),80s,lmd,E,minor,0.855,kk,129.0,7 tempo events (126.0-200.0); bpm = median beat,4/4,1.0,bass pad keys guitar lead drums
RNB,SOUL,Little Eva,The Loco-Motion (Single Version),80s,lmd,Eb,major,0.944,kk,133.0,2 tempo events (133.0-200.0); bpm = median beat,4/4,1.0,bass chord pad keys guitar lead drums
RNB,SOUL,M People,Fantasy Island,90s,lmd,A,minor,0.865,kk,120.0,single tempo,4/4,1.0,bass pad keys lead arp drums
RNB,SOUL,Major Lance,The Monkey Time,80s,lmd,F,major,0.886,kk,126.0,single tempo,4/4,1.0,bass chord pad keys guitar lead drums
RNB,SOUL,Marvin Gaye,Let's Get It On,80s,lmd,Bb,mixolydian,0.938,kk,82.0,single tempo,4/4,1.0,bass chord keys drums
RNB,SOUL,Max Mutzke,Denn es bist du,new,lmd,B,mixolydian,0.873,kk,76.0,12 tempo events (56.0-76.0); bpm = median beat,4/4,1.0,bass pad keys guitar lead drums
RNB,SOUL,Natalie Cole,Miss You Like Crazy,80s,lmd,Gb,major,0.848,kk,67.0,4 tempo events (60.0-67.0); bpm = median beat,4/4,1.0,bass keys guitar lead arp fx drums
RNB,SOUL,Natalie Cole,Sorry,80s,lmd,C,mixolydian,0.761,kk,70.0,single tempo,4/4,1.0,bass pad keys guitar seq drums
RNB,SOUL,Neneh Cherry,Red Paint,80s,lmd,Ab,major,0.823,kk,113.0,single tempo,4/4,1.0,bass pad keys lead drums
RNB,SOUL,Otis Redding,(Sittin' On) The Dock Of The Bay,80s,lmd,G,major,0.892,kk,97.0,single tempo,4/4,1.0,bass chord keys guitar drums
RNB,SOUL,Otis Redding,Sittin' On the Dock of the Bay,90s,lmd,G,major,0.918,kk,105.0,single tempo,4/4,1.0,bass keys guitar lead drums
RNB,SOUL,Otis Redding,Try A Little Tenderness,80s,lmd,E,minor,0.871,kk,102.0,34 tempo events (82.0-104.0); bpm = median beat,4/4,1.0,bass chord keys lead drums
RNB,SOUL,Patti Austin,Someone Is Standing Outside (Album Version),80s,lmd,G,minor,0.859,kk,120.0,single tempo,4/4,1.0,bass chord pad keys drums
RNB,SOUL,Percy Sledge,Could It Be I'm Falling In Love,80s,lmd,G,major,0.825,kk,120.0,single tempo,4/4,1.0,bass chord pad keys lead drums
RNB,SOUL,Percy Sledge,Warm and tender love,80s,lmd,D,major,0.949,kk,84.0,single tempo,4/4,1.0,bass chord pad keys guitar lead seq drums
RNB,SOUL,Percy Sledge,Whiter Shade Of Pale,new,lmd,C,major,0.851,kk,72.0,single tempo,4/4,1.0,bass pad keys guitar lead drums
RNB,SOUL,Ramsey Lewis Trio,Wade In The Water,?,lmd,D,dorian,0.778,kk,134.0,9 tempo events (131.0-136.0); bpm = median beat,4/4 (none),1.0,bass chord keys lead drums
RNB,SOUL,Randy Crawford,One Day I'll Fly Away,80s,lmd,D,minor,0.91,kk,72.0,7 tempo events (56.0-72.0); bpm = median beat,4/4,1.0,bass pad keys guitar lead drums
RNB,SOUL,Ronnie James Dio_ Yngwie Malmsteen_ Stu Hamm_ Gregg Bissonette_ Paul Taylor,Dream On,90s,lmd,F,minor,0.92,kk,77.0,single tempo,4/4,1.0,keys guitar
RNB,SOUL,Rufus Thomas,Walking The Dog,80s,lmd,Bb,minor,0.734,kk,114.0,2 tempo events (114.0-120.0); bpm = median beat,4/4,1.0,bass guitar lead seq drums
RNB,SOUL,Sade,The Sweetest Taboo,80s,lmd,Bb,minor,0.865,kk,96.0,single tempo,4/4,1.0,bass chord keys lead seq drums
RNB,SOUL,Sam & Dave,Ain't That A Lot Of Love,80s,lmd,F,minor,0.811,kk,109.0,single tempo,4/4,1.0,bass keys guitar lead seq drums
RNB,SOUL,Sam & Dave,I Thank You,80s,lmd,Eb,mixolydian,0.809,kk,116.0,single tempo,4/4,1.0,bass chord pad guitar lead seq drums
RNB,SOUL,Sam & Dave,Soul Man,80s,lmd,G,mixolydian,0.762,kk,114.0,single tempo,4/4,1.0,bass chord keys guitar lead drums
RNB,SOUL,Sam and Dave,The Dock of The Bay,80s,lmd,G,major,0.892,kk,104.0,single tempo,4/4,1.0,bass chord keys guitar drums
RNB,SOUL,Sarah Connor,French Kissing,new,lmd,Gb,minor,0.975,kk,90.0,single tempo,4/4 (none),1.0,bass pad keys guitar lead seq drums
RNB,SOUL,Smokey Robinson & The Miracles,The Tears Of A Clown,80s,lmd,Gb,major,0.926,kk,135.0,single tempo,4/4,1.0,bass chord pad keys guitar lead arp seq drums
RNB,SOUL,Smokey Robinson & The Miracles,The Tracks Of My Tears,80s,lmd,G,major,0.97,kk,96.0,2 tempo events (96.0-200.0); bpm = median beat,4/4,1.0,bass pad keys guitar lead drums
RNB,SOUL,Spinners,I'll Be Around,?,lmd,Eb,phrygian,0.796,kk,111.1,single tempo,4/4,1.0,bass chord pad keys guitar lead drums
RNB,SOUL,Supremes,Stop! In The Name Of Love,?,lmd,C,major,0.904,kk,117.0,15 tempo events (116.0-119.0); bpm = median beat,4/4,1.0,bass chord keys guitar lead seq drums
RNB,SOUL,Terence Trent D'Arby Duet with Des'ree,Delicate,80s,lmd,F,minor,0.906,kk,113.0,single tempo,4/4,1.0,bass chord keys lead drums
RNB,SOUL,The Band and Bugles of The Rifles_ Mark Purvey,Love's Farewell,?,lmd,C,major,0.874,kk,67.0,single tempo,4/4,1.0,chord pad keys guitar lead arp fx drums
RNB,SOUL,The Contours,Do You Love Me,80s,lmd,F,major,0.821,kk,148.0,single tempo,4/4,1.0,bass keys guitar lead seq drums
RNB,SOUL,The Delfonics,Didn't I (Blow Your Mind This Time),80s,lmd,Gb,minor,0.569,bass-relative,77.0,single tempo,4/4,0.955,bass chord pad keys guitar drums
RNB,SOUL,The Delfonics,I Gave To You,80s,lmd,F,major,0.801,kk,84.0,3 tempo events (75.0-84.0); bpm = median beat,4/4,1.0,bass pad keys guitar lead drums
RNB,SOUL,The Delfonics,La-La Means I Love You,80s,lmd,D,major,0.781,kk,86.0,13 tempo events (66.0-86.0); bpm = median beat,4/4,1.0,bass pad keys guitar drums
RNB,SOUL,The Delfonics,My Girl,80s,lmd,G,major,0.791,kk,110.0,single tempo,4/4,1.0,bass chord pad keys guitar lead drums
RNB,SOUL,The Elgins,It's Been A Long Long Time,new,lmd,C,major,0.934,kk,110.0,single tempo,4/4,1.0,bass pad keys guitar drums
RNB,SOUL,The Impressions,People Get Ready,80s,lmd,Gb,minor,0.678,kk,73.0,4 tempo events (56.0-73.0); bpm = median beat,4/4 (none),1.0,bass pad keys guitar lead drums
RNB,SOUL,The Mad Lads,Let Me Repair Your Heart,80s,lmd,C,major,0.861,kk,71.0,31 tempo events (55.0-71.0); bpm = median beat,4/4,0.988,bass pad keys guitar seq drums
RNB,SOUL,The Main Ingredient,Make It With You,80s,lmd,E,major,0.929,kk,86.0,single tempo,4/4,1.0,bass chord pad keys guitar lead drums
RNB,SOUL,The Marvelettes,Please Mr. Postman,80s,lmd,D,major,0.872,kk,130.0,single tempo,4/4,1.0,keys lead
RNB,SOUL,The Marvelettes,You Bring The Love Into My Life,80s,lmd,G,major,0.857,kk,116.0,single tempo,4/4,1.0,bass chord pad keys lead drums
RNB,SOUL,The Soul Children,All That Shines Ain't Gold,80s,lmd,C,major,0.938,kk,70.0,12 tempo events (53.0-70.0); bpm = median beat,4/4,1.0,bass pad keys lead drums
RNB,SOUL,The Stylistics,I'm Stone In Love With You,80s,lmd,Bb,major,0.988,kk,102.0,single tempo,4/4,1.0,bass pad keys lead drums
RNB,SOUL,The Supremes,You Keep Me Hangin' On,80s,lmd,Eb,phrygian,0.835,kk,127.0,single tempo,4/4,1.0,bass keys guitar lead drums
RNB,SOUL,The Temptations,Ain't Too Proud To Beg,80s,lmd,C,major,0.93,kk,117.0,single tempo,4/4,1.0,bass chord pad keys guitar lead drums
RNB,SOUL,The Temptations,I Wish It Would Rain,80s,lmd,Bb,major,0.944,kk,89.0,single tempo,4/4,1.0,bass keys guitar lead drums
RNB,SOUL,Tyrone Davis,Can I Change My Mind,80s,lmd,B,major,0.818,kk,101.0,single tempo,4/4,1.0,bass pad keys guitar seq drums
RNB,SOUL,Wendy Moten,Come In Out Of The Rain,80s,lmd,F,major,0.849,kk,120.0,11 tempo events (60.0-120.0); bpm = median beat,4/4,1.0,bass pad keys lead drums
RNB,SOUL,Whitney Houston,You Give Good Love,80s,lmd,G,mixolydian,0.792,kk,76.0,single tempo,4/4,1.0,bass pad keys guitar lead drums
RNB,SOUL,Wilson Pickett,I'm In Love (Single/LP Version),?,lmd,E,major,0.863,kk,92.0,single tempo,4/4,1.0,bass pad keys guitar lead seq drums
RNB,SOUL,Wilson Pickett,In The Midnight Hour (Remastered Single Version),?,lmd,E,mixolydian,0.853,kk,122.0,single tempo,4/4 (none),1.0,bass keys guitar lead drums
ROCK,,91 Suite,Remember The Good Times,?,lmd,Ab,major,0.94,kk,143.0,single tempo,4/4,1.0,bass pad keys lead seq drums
ROCK,,Air Supply,Two Less Lonely People In The World,80s,lmd,E,major,0.796,kk,80.0,10 tempo events (80.0-84.0); bpm = median beat,4/4,1.0,bass chord pad keys guitar fx drums
ROCK,,Alan Parsons,Time,80s,lmd,Eb,mixolydian,0.915,kk,73.0,2 tempo events (73.0-120.0); bpm = median beat,4/4,0.991,bass keys guitar lead arp drums
ROCK,,Ambrosia,Biggest Part Of Me (Remastered Version),?,lmd,Bb,major,0.855,kk,76.9,2 tempo events (76.9-120.0); bpm = median beat,4/4,0.982,bass chord keys guitar lead seq drums
ROCK,,Ambrosia,Holdin' On To Yesterday (Single Version),?,lmd,B,minor,0.917,kk,73.9,2 tempo events (73.9-120.0); bpm = median beat,4/4,0.988,bass chord pad keys guitar lead drums
ROCK,,Ambrosia,How Much I Feel,?,lmd,E,major,0.852,kk,94.8,2 tempo events (94.8-120.0); bpm = median beat,4/4,0.942,bass pad keys guitar lead drums
ROCK,,Ambrosia,You're The Only Woman (You & I) (Remastered Version),?,lmd,Ab,minor,0.72,bass-relative,105.6,2 tempo events (105.6-120.0); bpm = median beat,4/4,0.992,bass chord keys lead drums
ROCK,,Anouk,Sacrifice,?,lmd,Ab,major,0.963,kk,141.0,single tempo,4/4,1.0,bass pad keys guitar drums
ROCK,,Aram Quartet,Walk On The Wild Side,?,lmd,C,major,0.906,kk,98.0,single tempo,4/4,1.0,bass pad guitar lead drums
ROCK,,Argent,God Gave Rock And Roll To You,80s,lmd,C,major,0.98,kk,68.0,single tempo,4/4,1.0,bass pad keys drums
ROCK,,Atlanta Rhythm Section,Spooky,80s,lmd,Eb,major,0.642,bass-relative,110.0,single tempo,4/4,1.0,bass pad keys guitar lead seq drums
ROCK,,Ayumi Nakamura,BROTHER,?,lmd,Db,minor,0.729,kk,140.0,single tempo,4/4,1.0,bass chord pad keys lead seq drums
ROCK,,Bad English,The Time Alone With You,80s,lmd,A,minor,0.846,kk,128.0,single tempo,4/4,1.0,bass pad guitar lead drums
ROCK,,Barry Manilow,Could It Be Magic,80s,lmd,G,major,0.756,kk,116.0,4 tempo events (88.0-116.0); bpm = median beat,4/4,1.0,bass pad keys guitar lead drums
ROCK,,Barry Manilow,Could It Be Magic/Mandy,80s,lmd,G,major,0.813,kk,116.0,21 tempo events (76.0-139.0); bpm = median beat,4/4,1.0,bass pad keys drums
ROCK,,Barry Manilow,Even Now,80s,lmd,A,major,0.923,kk,77.0,single tempo,4/4,1.0,bass pad keys guitar lead drums
ROCK,,Big Head Todd and The Monsters,Turn The Light Out,80s,lmd,F,major,0.873,kk,99.0,single tempo,4/4,1.0,bass pad keys guitar lead
ROCK,,Billy Thorpe,The Beginning,80s,lmd,A,minor,0.869,kk,60.0,single tempo,4/4,1.0,bass pad lead drums
ROCK,,Boston,A Man I'll Never Be,80s,lmd,G,mixolydian,0.83,kk,106.0,7 tempo events (64.0-106.0); bpm = median beat,4/4,1.0,bass keys guitar lead drums
ROCK,,Boston,Foreplay/Long Time,80s,lmd,F,mixolydian,0.925,kk,118.0,3 tempo events (90.0-118.0); bpm = median beat,4/8,0.664,bass chord keys guitar drums
ROCK,,Boston,It's Easy,80s,lmd,A,major,0.866,kk,142.0,2 tempo events (100.0-142.0); bpm = median beat,4/4,1.0,bass chord lead seq drums
ROCK,,Boston,Peace Of Mind,80s,lmd,E,major,0.969,kk,133.0,single tempo,4/4,1.0,bass guitar lead drums
ROCK,,Bread,Aubrey (LP Version),80s,lmd,E,minor,0.789,bass-relative,70.0,83 tempo events (60.0-74.0); bpm = median beat,4/4,1.0,bass keys guitar lead
ROCK,,Bread,Baby I'm-A Want You (LP Version),80s,lmd,Ab,major,0.938,kk,73.0,single tempo,4/4,1.0,bass pad keys guitar seq drums
ROCK,,Bread,If,80s,lmd,A,major,0.894,kk,93.0,33 tempo events (82.0-93.0); bpm = median beat,4/4,1.0,bass pad keys guitar lead
ROCK,,Bread,Sweet Surrender (LP Version),80s,lmd,A,major,0.939,kk,85.0,5 tempo events (79.0-85.0); bpm = median beat,4/4,1.0,bass pad keys guitar lead drums
ROCK,,Bruce Springsteen,Darkness On The Edge Of Town,80s,lmd,G,major,0.922,kk,85.0,12 tempo events (41.0-99.0); bpm = median beat,4/4,1.0,bass keys guitar lead drums
ROCK,,Bruce Springsteen,Further On (Up The Road),new,lmd,Ab,major,0.899,kk,117.0,single tempo,4/4,1.0,bass keys guitar lead drums
ROCK,,Bruce Springsteen,Human Touch,80s,lmd,C,major,0.876,kk,116.0,single tempo,4/4,1.0,bass pad keys guitar lead drums
ROCK,,Bruce Springsteen,Into The Fire,new,lmd,F,major,0.943,kk,78.0,35 tempo events (43.0-78.0); bpm = median beat,4/4,1.0,bass pad keys guitar lead drums
ROCK,,Bruce Springsteen,Tenth Avenue Freeze-Out,80s,lmd,D,minor,0.935,kk,116.0,6 tempo events (41.0-116.0); bpm = median beat,4/4,1.0,bass chord keys lead drums
ROCK,,Bruce Springsteen & The E Street Band,Born In The U.S.A.,80s,lmd,A,major,0.843,kk,126.0,4 tempo events (121.0-155.0); bpm = median beat,4/4,1.0,bass chord pad keys lead drums
ROCK,,Bryan Adams,Cloud Number Nine,90s,lmd,D,major,0.947,kk,113.0,single tempo,4/4,1.0,bass pad keys guitar lead drums
ROCK,,Bryan Adams,Fearless,90s,lmd,Bb,mixolydian,0.761,kk,106.0,single tempo,4/4,1.0,bass chord pad keys guitar lead drums
ROCK,,Bryan Adams,Here I Am,new,lmd,Eb,major,0.95,kk,99.0,single tempo,4/4,1.0,bass pad keys guitar lead drums
ROCK,,Bryan Adams,Hidin' From Love,80s,lmd,E,major,0.882,kk,130.0,single tempo,4/4,0.976,bass chord pad guitar lead drums
ROCK,,Bryan Adams,It's Only Love,80s,lmd,F,major,0.953,kk,100.0,single tempo,4/4,1.0,bass keys guitar lead drums
ROCK,,Bryan Ferry,Let's Stick Together,80s,lmd,A,major,0.976,kk,120.0,single tempo,4/4,1.0,bass keys guitar drums
ROCK,,Buddy Holly & The Crickets,Oh Boy,80s,lmd,A,major,0.916,kk,192.0,single tempo,4/4,1.0,bass pad guitar drums
ROCK,,CC Cowboys,Litt av ditt hjerte,80s,lmd,A,major,0.802,kk,103.0,single tempo,4/4,0.898,bass pad keys lead drums
ROCK,,CC Cowboys,Synder i sommersol,80s,lmd,D,mixolydian,0.848,kk,127.0,single tempo,4/4,1.0,bass pad keys guitar lead seq drums
ROCK,,CC Cowboys,Vill_ Vakker & Våt,80s,lmd,G,minor,0.845,kk,126.0,single tempo,4/4,1.0,bass pad keys guitar lead drums
ROCK,,Cheap Trick,Surrender,80s,lmd,E,minor,0.685,kk,129.0,single tempo,4/4 (none),1.0,bass guitar lead drums
ROCK,,Chicago,If You Leave Me Now,80s,lmd,B,major,0.963,kk,105.0,single tempo,4/4,0.89,bass chord pad guitar
ROCK,,Classics IV featuring Dennis Yost,Spooky,80s,lmd,C,minor,0.738,kk,107.0,single tempo,4/4,0.975,bass pad keys guitar lead drums
ROCK,,Crazy Frog,We Like To Party,new,lmd,Ab,major,0.95,kk,135.0,single tempo,4/4,1.0,bass chord lead seq drums
ROCK,,Crazy Frog,Who Let The Frog Out,new,lmd,C,major,0.883,kk,130.0,single tempo,4/4,1.0,bass chord pad keys lead drums
ROCK,,Dare,We Were Friends,?,lmd,B,minor,0.82,kk,68.0,single tempo,4/4,0.987,bass pad keys guitar lead drums
ROCK,,David Bowie,Starman (2002 Digital Remaster),new,lmd,F,major,0.906,kk,97.0,5 tempo events (35.0-97.0); bpm = median beat,4/4,1.0,bass chord pad guitar lead drums
ROCK,,Detonautas,El Parae !!!,new,lmd,E,mixolydian,0.758,kk,106.0,single tempo,4/4,1.0,bass chord pad keys guitar lead seq fx drums
ROCK,,DR HOOK & THE MEDICINE SHOW,The Cover Of The Rolling Stone,?,lmd,A,major,0.902,kk,141.2,2 tempo events (120.0-141.2); bpm = median beat,4/4,0.99,bass chord pad keys guitar drums
ROCK,,Dr. Hook,Queen Of The Silver Dollar,80s,lmd,A,major,0.92,kk,115.0,2 tempo events (85.0-115.0); bpm = median beat,4/4,1.0,bass pad keys guitar lead fx drums
ROCK,,Dr. Sapo,Mundo Mágico,new,lmd,E,major,0.968,kk,78.0,single tempo,1/4,0.989,bass pad guitar lead drums
ROCK,,Eddie Money,Gimme Some Water,80s,lmd,A,minor,0.786,kk,87.0,single tempo,4/4,1.0,bass chord keys guitar lead drums
ROCK,,Electric Light Orchestra,All Over The World (Showdown - Early Version),80s,lmd,C,minor,0.881,kk,112.0,single tempo,4/4,1.0,bass pad keys guitar lead drums
ROCK,,Electric Light Orchestra,Can't Get It Out Of My Head,80s,lmd,C,major,0.89,kk,82.0,single tempo,4/4,1.0,bass pad keys guitar lead drums
ROCK,,Electric Light Orchestra,Evil Woman,80s,lmd,A,minor,0.9,kk,120.0,3 tempo events (95.0-120.0); bpm = median beat,4/4,1.0,keys lead drums
ROCK,,Electric Light Orchestra,Rockaria!,80s,lmd,D,major,0.968,kk,148.0,single tempo,4/4,1.0,bass pad keys guitar lead drums
ROCK,,Elton John,Crocodile Rock,80s,lmd,G,major,0.923,kk,150.0,single tempo,4/4,1.0,bass keys lead drums
ROCK,,Elton John,Turn The Lights Out When You Leave,new,lmd,C,major,0.939,kk,86.0,single tempo,4/4,1.0,bass pad keys guitar lead drums
ROCK,,Elvis Presley,Kentucky Rain,80s,lmd,C,major,0.912,kk,103.0,5 tempo events (96.0-103.0); bpm = median beat,3/4,0.894,bass chord pad keys guitar lead drums
ROCK,,Emarosa,It's Cold In The Shade_ Let's Move To The Sun...,new,lmd,E,major,0.78,kk,75.0,single tempo,4/4 (none),1.0,bass pad keys guitar lead fx drums
ROCK,,Emerson_ Lake & Palmer,C'Est La Vie,80s,lmd,A,minor,0.665,kk,122.0,56 tempo events (49.0-122.0); bpm = median beat,4/4,1.0,chord pad lead
ROCK,,Emerson_ Lake & Palmer,From The Beginning,80s,lmd,D,mixolydian,0.808,kk,131.0,16 tempo events (51.0-131.0); bpm = median beat,4/4,0.97,bass guitar lead drums
ROCK,,Emerson_ Lake & Palmer,Lucky Man,80s,lmd,D,major,0.952,kk,77.0,4 tempo events (77.0-81.0); bpm = median beat,4/4 (none),1.0,bass pad guitar lead drums
ROCK,,Far Corporation,Stairway To Heaven,80s,lmd,A,minor,0.917,kk,91.3,10 tempo events (71.5-92.4); bpm = median beat,4/4,0.993,bass pad keys guitar lead drums
ROCK,,Foreigner,Cold As Ice (Single / LP Version),80s,lmd,Eb,minor,0.902,kk,124.0,single tempo,4/4,1.0,bass pad keys guitar lead drums
ROCK,,Garou,Take A Piece Of My Soul,new,lmd,A,major,0.836,kk,90.0,4 tempo events (76.0-90.0); bpm = median beat,4/4 (none),1.0,bass pad keys guitar lead seq drums
ROCK,,Gasolin',Længes Hjem,80s,lmd,G,major,0.804,kk,125.0,single tempo,4/4,1.0,bass pad keys guitar lead drums
ROCK,,Genesis,Congo (2007 Digital Remaster),?,lmd,D,major,0.772,kk,94.0,single tempo,4/4,1.0,bass chord pad keys guitar lead drums
ROCK,,Gotthard,Where I Belong,new,lmd,E,major,0.887,kk,122.0,3 tempo events (40.0-122.0); bpm = median beat,4/4,1.0,bass pad keys guitar lead drums
ROCK,,Heart,Misty Mountain Hop,?,lmd,A,mixolydian,0.747,kk,140.0,single tempo,4/4,1.0,bass keys guitar lead drums
ROCK,,Heredeiros Da Crus,Vaiche Boa,90s,lmd,G,dorian,0.746,kk,152.0,single tempo,4/4,0.994,bass chord guitar lead drums
ROCK,,Huey Lewis And The News,(Too) Hip To Be Square (LP Version),new,lmd,E,mixolydian,0.848,kk,140.0,2 tempo events (120.0-140.0); bpm = median beat,4/4,0.992,bass chord pad keys guitar lead drums
ROCK,,Jean-Jacques Goldman,En Passant,90s,lmd,C,major,0.926,kk,123.0,3 tempo events (94.0-123.0); bpm = median beat,4/4,1.0,bass pad keys guitar lead drums
ROCK,,Joan Jett and the Blackhearts,Spinster (Album Version),?,lmd,E,minor,0.603,kk,170.0,single tempo,4/4,1.0,bass guitar lead drums
ROCK,,Joe Brown / The Bruvvers,With A Little Help From My Friends,80s,lmd,E,mixolydian,0.945,kk,112.0,19 tempo events (90.0-115.0); bpm = median beat,4/4,1.0,bass pad keys guitar lead drums
ROCK,,Joe D'Urso & Stone Caravan,Spinning World,?,lmd,E,major,0.837,kk,105.0,single tempo,4/4,1.0,bass pad keys lead drums
ROCK,,John Barry_ John Debney - Royal Scottish National Orchestra,Razor,?,lmd,C,major,0.822,kk,76.0,520 tempo events (35.8-76.0); bpm = median beat,4/4,1.0,bass chord pad keys lead
ROCK,,John Lennon,Imagine,80s,lmd,C,major,0.967,kk,80.0,single tempo,4/4,1.0,bass keys guitar lead drums
ROCK,,John Parr,Revenge (LP Version),?,lmd,E,minor,0.912,kk,116.0,6 tempo events (80.0-120.0); bpm = median beat,4/4,1.0,bass pad guitar lead drums
ROCK,,Journey,Who's Cryin' Now,90s,lmd,A,minor,0.788,kk,120.0,single tempo,4/4,1.0,bass pad keys guitar lead drums
ROCK,,Justin Hayward,Stairway To Heaven,80s,lmd,A,minor,0.917,kk,83.0,10 tempo events (65.0-84.0); bpm = median beat,4/4,0.993,bass pad keys guitar lead drums
ROCK,,LaFee,Little Princess,new,lmd,C,major,0.95,kk,70.0,33 tempo events (42.0-71.0); bpm = median beat,4/4,1.0,bass pad keys guitar lead drums
ROCK,,Lars Eriksson,One,?,lmd,C,major,0.936,kk,89.0,single tempo,4/4,1.0,bass pad guitar lead drums
ROCK,,Ligabue,Vivo morto o x,80s,lmd,D,major,0.803,kk,122.0,single tempo,4/4,1.0,bass guitar lead seq drums
ROCK,,Little River Band,Lady,80s,lmd,A,mixolydian,0.803,kk,120.0,single tempo,4/4,0.986,bass pad guitar lead
ROCK,,Lou Reed,Walk On The Wild Side,80s,lmd,C,major,0.926,kk,104.0,single tempo,4/4,1.0,bass pad guitar lead drums
ROCK,,Manfred Mann's Earth Band,Blinded By The Light,80s,lmd,F,major,0.867,kk,139.0,single tempo,4/4,0.992,bass pad keys lead seq fx drums
ROCK,,Manfred Mann's Earth Band,Mighty Quinn (Quinn the Eskimo) (Album Version),90s,lmd,C,major,0.909,kk,95.0,single tempo,4/4,1.0,bass keys guitar lead drums
ROCK,,Marc Lavoine,Le Bonheur De Perdre Du Temps,new,lmd,A,major,0.944,kk,100.0,single tempo,4/4,1.0,bass chord pad keys guitar lead fx drums
ROCK,,Marina Lima,Pra Começar,80s,lmd,E,mixolydian,0.901,kk,122.0,single tempo,1/4,0.978,bass pad keys guitar lead drums
ROCK,,Michael Learns To Rock,Sleeping Child (Special Remix),90s,lmd,D,major,0.902,kk,95.0,3 tempo events (77.0-95.0); bpm = median beat,4/4,1.0,bass pad guitar lead drums
ROCK,,Mike And The Mechanics,A Beggar On A Beach Of Gold,80s,lmd,A,major,0.923,kk,112.0,single tempo,4/4,1.0,bass pad keys guitar lead drums
ROCK,,Mint,You  & Me (Hopefully),?,lmd,C,major,0.923,kk,108.0,single tempo,4/4,1.0,bass pad guitar lead drums
ROCK,,Nazareth,This Flight Tonight,80s,lmd,G,mixolydian,0.876,kk,135.0,single tempo,4/4 (none),1.0,bass guitar lead drums
ROCK,,Neil Diamond,Lost Among The Stars,80s,lmd,C,major,0.924,kk,104.0,single tempo,4/4,1.0,bass pad keys guitar drums
ROCK,,Oasis,Sittin' Here In Silence (On My Own),?,lmd,G,major,0.808,bass-relative,61.0,single tempo,4/4,0.943,bass chord pad keys guitar lead seq drums
ROCK,,Olivia Newton-John,Magic (Live At The Sydney Opera House),80s,lmd,D,major,0.886,kk,100.0,single tempo,4/4,1.0,bass chord guitar lead drums
ROCK,,Paul McCartney,I Saw Her Standing There,80s,lmd,E,mixolydian,0.856,kk,161.0,single tempo,4/4,1.0,bass keys guitar lead drums
ROCK,,Paul McCartney And Wings,Jet,80s,lmd,A,major,0.938,kk,130.0,3 tempo events (115.0-130.0); bpm = median beat,2/4,0.992,bass chord pad keys guitar lead seq drums
ROCK,,Pete Townshend,Behind Blue Eyes,80s,lmd,E,minor,0.715,kk,120.0,single tempo,4/4,1.0,bass pad guitar lead drums
ROCK,,Pink Floyd,Breathe (Breathe In The Air) (2003 Digital Remaster),80s,lmd,E,dorian,0.889,kk,64.0,9 tempo events (60.0-66.0); bpm = median beat,4/4,1.0,bass keys lead drums
ROCK,,Pink Floyd,Money,80s,lmd,B,minor,0.891,kk,128.0,5 tempo events (118.0-132.0); bpm = median beat,4/4,1.0,bass keys guitar lead seq drums
ROCK,,Pink Floyd,Run Like Hell (1994 Digital Remaster),80s,lmd,D,dorian,0.715,kk,117.0,17 tempo events (109.0-117.0); bpm = median beat,4/4,1.0,bass pad guitar lead drums
ROCK,,Pink Floyd,The Scarecrow (Stereo) (2007 Digital Remaster),80s,lmd,A,mixolydian,0.753,kk,155.0,single tempo,4/4,1.0,bass guitar lead seq
ROCK,,Ray Davies,Waterloo Sunset,?,lmd,B,mixolydian,0.846,kk,112.0,single tempo,4/4,1.0,bass keys guitar lead drums
ROCK,,Roxy Music,In The Midnight Hour,80s,lmd,Bb,major,0.881,kk,118.0,single tempo,4/4 (none),1.0,bass chord pad keys guitar lead drums
ROCK,,Sanctus Real,Keep My Heart Alive,new,lmd,A,minor,0.63,kk,60.0,single tempo,4/4 (none),1.0,keys lead
ROCK,,Shark Island,Heaven,new,lmd,E,mixolydian,0.815,kk,122.0,single tempo,4/4,1.0,bass pad guitar lead drums
ROCK,,Smokie,Somethings Been Making Me Blue,80s,lmd,F,major,0.92,kk,126.0,single tempo,4/4,1.0,bass pad guitar lead drums
ROCK,,Sniff 'n' The Tears,Driver's Seat,80s,lmd,B,minor,0.918,kk,132.0,single tempo,4/4,1.0,bass chord keys guitar lead seq drums
ROCK,,Springbok Nude Girls,1 More Time,new,lmd,C,major,0.907,kk,124.0,single tempo,4/4,1.0,bass pad keys guitar lead seq drums
ROCK,,Starship,Jane,80s,lmd,E,minor,0.782,kk,121.0,single tempo,4/4,1.0,bass keys guitar lead seq drums
ROCK,,Status Quo,Down The Dustpipe,80s,lmd,G,major,0.991,kk,158.0,single tempo,4/4,1.0,bass pad keys guitar lead drums
ROCK,,Status Quo,In The Army Now,80s,lmd,E,minor,0.777,kk,109.0,single tempo,4/4,1.0,bass pad keys guitar lead drums
ROCK,,Status Quo,Pictures Of Matchstick Men / Ice In The Sun,80s,lmd,D,mixolydian,0.793,kk,90.0,single tempo,4/4,1.0,bass keys guitar lead drums
ROCK,,Status Quo,Sorrow,90s,lmd,G,mixolydian,0.942,kk,120.0,single tempo,4/4,1.0,bass pad keys guitar lead drums
ROCK,,Status Quo,You Lost The Love,80s,lmd,E,major,0.871,kk,136.0,single tempo,4/4,0.978,bass keys guitar lead drums
ROCK,,Stealers Wheel,Stuck In The Middle With You,80s,lmd,D,mixolydian,0.788,kk,125.0,2 tempo events (120.0-125.0); bpm = median beat,4/4,0.991,bass chord guitar drums
ROCK,,Stevie Nicks,Think About It (LP Version),80s,lmd,G,mixolydian,0.879,kk,114.0,single tempo,4/4,1.0,bass pad keys guitar lead fx drums
ROCK,,Stevie Nicks w/ Tom Petty and the Heartbreakers,Stop Draggin' My Heart Around,80s,lmd,E,minor,0.897,kk,112.0,single tempo,4/4,1.0,bass guitar lead drums
ROCK,,Sting,If You Love Somebody Set Them Free,80s,lmd,A,minor,0.793,kk,125.0,single tempo,4/4,1.0,bass chord pad keys guitar lead arp drums
ROCK,,Supertramp,Bloody well right (live),80s,lmd,Bb,mixolydian,0.918,kk,75.0,19 tempo events (63.0-79.0); bpm = median beat,4/4,0.935,bass keys guitar lead arp drums
ROCK,,Supertramp,Dreamer,80s,lmd,C,mixolydian,0.827,kk,148.0,3 tempo events (138.0-148.0); bpm = median beat,4/4,0.992,bass chord keys guitar lead arp drums
ROCK,,Supertramp,Give A Little Bit,80s,lmd,D,major,0.959,kk,95.0,single tempo,4/4,1.0,bass keys guitar arp seq drums
ROCK,,Supertramp,Take The Long Way Home,80s,lmd,C,major,0.928,kk,77.0,3 tempo events (75.0-77.0); bpm = median beat,4/4,1.0,bass chord pad keys guitar arp drums
ROCK,,Supertramp,The logical song (live),80s,lmd,C,minor,0.834,kk,125.0,single tempo,4/4,1.0,bass pad keys lead drums
ROCK,,Tenth Avenue North,All The Pretty Things,new,lmd,F,major,0.976,kk,118.6,single tempo,4/4,1.0,bass pad keys guitar lead drums
ROCK,,The Advantage,Megaman II - Stage Select + Metal Man,?,lmd,Bb,minor,0.875,kk,140.0,159 tempo events (134.5-140.0); bpm = median beat,4/4,1.0,keys
ROCK,,The Beach Boys,You Still Believe In Me (Highlights From Tracking Date),90s,lmd,B,major,0.977,kk,89.0,5 tempo events (76.0-89.0); bpm = median beat,4/4,1.0,bass pad keys guitar lead arp seq
ROCK,,The Beautiful South,Everybody's Talkin',80s,lmd,E,major,0.892,kk,133.0,single tempo,4/4,1.0,bass pad keys guitar lead drums
ROCK,,The Doobie Brothers,China Grove (Album Version),80s,lmd,E,mixolydian,0.872,kk,145.0,single tempo,4/4,1.0,bass chord pad keys guitar lead drums
ROCK,,The Guess Who,Undun,?,lmd,E,minor,0.844,kk,133.0,single tempo,4/4,1.0,bass keys guitar lead drums
ROCK,,The Kinks,Set Me Free,80s,lmd,D,mixolydian,0.71,kk,116.0,single tempo,4/4,1.0,bass keys guitar lead drums
ROCK,,The Mad Capsule Markets, -start ID-,?,lmd,C,major,0.918,kk,96.0,single tempo,4/4,1.0,bass pad keys guitar lead drums
ROCK,,The Moffatts,Crazy,90s,lmd,C,major,0.863,kk,138.0,single tempo,4/4,1.0,bass guitar lead drums
ROCK,,The Moody Blues,For My Lady,80s,lmd,C,major,0.829,kk,166.0,single tempo,4/4,1.0,bass pad lead drums
ROCK,,The Moody Blues,The Story In Your Eyes,80s,lmd,D,mixolydian,0.859,kk,180.0,single tempo,4/4,1.0,bass pad keys guitar lead
ROCK,,The Moody Blues,Tuesday Afternoon,80s,lmd,C,major,0.874,kk,110.0,54 tempo events (91.0-117.0); bpm = median beat,4/4,1.0,bass chord pad keys guitar lead drums
ROCK,,The Scene,Iedereen Is Van De Wereld,?,lmd,B,mixolydian,0.815,kk,120.0,single tempo,4/4,1.0,bass pad keys guitar lead drums
ROCK,,The Seeds,Mr. Farmer,80s,lmd,D,minor,0.857,kk,87.0,single tempo,4/4,1.0,bass keys lead drums
ROCK,,The Surfaris,Apache,80s,lmd,A,minor,0.963,kk,138.0,95 tempo events (94.0-165.0); bpm = median beat,4/4,1.0,bass pad guitar drums
ROCK,,The Velvet Underground,Lisa Says,80s,lmd,F,major,0.939,kk,78.0,single tempo,2/4,0.928,bass pad keys guitar lead seq drums
ROCK,,The Who,Pure And Easy,80s,lmd,G,mixolydian,0.778,kk,118.0,single tempo,4/4,1.0,bass keys guitar lead drums
ROCK,,Tiger Lillies,Die,?,lmd,G,mixolydian,0.873,kk,70.0,21 tempo events (37.0-71.0); bpm = median beat,4/4,1.0,bass pad keys guitar lead drums
ROCK,,Tom Petty,Ankle Deep (Album Version),new,lmd,G,major,0.901,kk,118.0,single tempo,4/4,1.0,bass pad keys guitar lead drums
ROCK,,Tom Petty And The Heartbreakers,The Dark Of the Sun,80s,lmd,B,phrygian,0.833,kk,70.0,4 tempo events (70.0-73.0); bpm = median beat,4/4,1.0,bass pad keys guitar drums
ROCK,,Tommy Roe,Sugar Sugar,80s,lmd,D,major,0.99,kk,120.0,single tempo,4/4,1.0,bass pad keys guitar lead seq drums
ROCK,,Tony & The Beat Brothers,Lady Madonna,?,lmd,A,minor,0.778,kk,110.0,single tempo,4/4,1.0,bass keys guitar lead arp drums
ROCK,,Tony & The Beat Brothers,The Ballad Of John And Yoko,?,lmd,E,major,0.971,kk,135.0,single tempo,4/4,1.0,bass keys guitar lead drums
ROCK,,Torfrock,Beinhart,80s,lmd,A,major,0.846,kk,160.0,single tempo,4/4,1.0,bass guitar lead drums
ROCK,,Traveling Wilburys,Congratulations,80s,lmd,F,major,0.77,kk,68.0,single tempo,4/4,1.0,bass pad guitar lead fx drums
ROCK,,Traveling Wilburys,Margarita,80s,lmd,C,major,0.964,kk,170.0,single tempo,4/4,1.0,bass chord guitar lead drums
ROCK,,Téléphone,Ca C'est Vraiment Toi,80s,lmd,E,mixolydian,0.916,kk,140.0,5 tempo events (100.0-140.0); bpm = median beat,4/4,1.0,bass guitar lead drums
ROCK,,Uncle Kracker,Drift Away (album version),new,lmd,B,major,0.925,kk,75.0,single tempo,4/4,1.0,bass keys guitar lead drums
ROCK,,Utopia,Abandon City,?,lmd,D,mixolydian,0.803,kk,86.0,single tempo,4/4,0.99,bass pad keys lead fx drums
ROCK,,Velvet Revolver,Loving The Alien,new,lmd,C,major,0.889,kk,124.0,single tempo,4/4,1.0,bass pad keys guitar lead drums
ROCK,,Ventures,Slaughter On 10th Avenue,?,lmd,D,major,0.856,kk,150.0,single tempo,4/4 (none),1.0,bass keys guitar lead drums
ROCK,,Warren Zevon,Searching For A Heart,80s,lmd,G,major,0.941,kk,106.0,single tempo,4/4,1.0,bass keys lead drums
ROCK,,White Plains,Alright Now,80s,lmd,A,mixolydian,0.829,kk,120.0,3 tempo events (90.0-200.0); bpm = median beat,4/4,1.0,bass keys guitar lead seq drums
ROCK,,Wings,Silly Love Songs,new,lmd,C,major,0.937,kk,128.0,single tempo,4/4,1.0,bass keys guitar lead drums
ROCK,BLUES,Black Debbath,Det Du Gjør_ Gjør Det Fullt Og Helt_ Ikke Stykkevis Og...,new,lmd,Bb,major,0.673,kk,140.0,single tempo,4/4 (none),1.0,bass chord pad lead drums
ROCK,BLUES,Blind Faith,Presence Of The Lord,80s,lmd,C,major,0.904,kk,62.0,3 tempo events (62.0-65.0); bpm = median beat,4/4,1.0,bass keys guitar lead drums
ROCK,BLUES,Blues Image,Spinning Wheel (Made Famous by Blood_ Sweat & Tears),?,lmd,G,major,0.762,kk,196.0,12 tempo events (95.0-196.0); bpm = median beat,4/4,0.606,bass chord keys guitar lead drums
ROCK,BLUES,Blues Traveler,Hook,80s,lmd,A,major,0.98,kk,83.0,87 tempo events (40.0-83.0); bpm = median beat,4/4,1.0,bass chord keys guitar seq drums
ROCK,BLUES,Byther Smith,Mother You Say You Don't Like The Black Colors,90s,lmd,C,major,0.912,kk,192.0,2 tempo events (120.0-192.0); bpm = median beat,4/4,0.991,bass chord pad keys guitar lead seq drums
ROCK,BLUES,Chris Rea,Fool (If You Think It's Over) (LP Version),80s,lmd,D,major,0.758,kk,114.0,single tempo,4/4,1.0,bass chord pad keys guitar lead drums
ROCK,BLUES,Chris Rea,Tell Me There's A Heaven,80s,lmd,C,major,0.808,kk,89.0,71 tempo events (50.0-115.0); bpm = median beat,4/4,1.0,bass chord keys lead seq drums
ROCK,BLUES,Chris Rea,The Blue Cafe,90s,lmd,D,minor,0.904,kk,135.0,single tempo,4/4,1.0,bass pad keys guitar lead drums
ROCK,BLUES,Chris Rea,The Road To Hell,80s,lmd,A,minor,0.919,kk,134.2,2 tempo events (120.0-134.2); bpm = median beat,4/4,0.994,bass keys guitar lead drums
ROCK,BLUES,Chris Rea,The Road To Hell Part 2 (LP Version),80s,lmd,A,minor,0.958,kk,137.0,2 tempo events (137.0-200.0); bpm = median beat,4/4,1.0,bass keys guitar lead seq drums
ROCK,BLUES,Chris Watson,Southern Right Whale,?,lmd,A,minor,0.778,kk,129.0,single tempo,4/4,1.0,bass keys lead arp seq drums
ROCK,BLUES,Cream,Sunshine Of Your Love,?,lmd,D,mixolydian,0.721,kk,113.0,single tempo,4/4,1.0,bass guitar lead drums
ROCK,BLUES,Cream / The Hoxtons,Sunshine Of Your Love,?,lmd,D,dorian,0.819,kk,130.0,single tempo,4/4,1.0,bass guitar drums
ROCK,BLUES,Da Groove Doctors Feat. Duane Harden,Music Is (Sandy Vee Remix),?,lmd,Db,minor,0.857,kk,122.0,single tempo,4/4,1.0,bass pad keys guitar lead drums
ROCK,BLUES,Da Groove Doctors Feat. Tommie Nibbs,All We Need Is Love (Dennis Christopher Mix),?,lmd,Eb,major,0.933,kk,126.0,2 tempo events (126.0-226.0); bpm = median beat,4/4,1.0,bass chord pad keys guitar lead drums
ROCK,BLUES,Darden Smith,Place In The Sun,?,lmd,E,major,0.99,kk,110.0,single tempo,4/4,1.0,bass chord keys guitar arp drums
ROCK,BLUES,Dark Pink Moon,Another Brick In The Wall Part 1 - feat. Steve Morse (Dixie Dreggs/Deep Purple) & Billy Sherwood (Yes),?,lmd,D,minor,0.75,kk,95.0,single tempo,4/4,1.0,bass pad guitar
ROCK,BLUES,Dave Mason,We Just Disagree,80s,lmd,E,major,0.979,kk,82.0,2 tempo events (82.0-85.0); bpm = median beat,4/4,0.829,bass pad guitar lead drums
ROCK,BLUES,David Gilmour,Breathe (Reprise) (Live In Gdansk),?,lmd,A,major,0.91,kk,120.0,single tempo,4/4,1.0,bass pad keys guitar lead seq drums
ROCK,BLUES,David Gilmour,Comfortably Numb (Live In Gdansk),?,lmd,B,minor,0.815,kk,126.0,single tempo,4/4,1.0,bass pad guitar lead seq drums
ROCK,BLUES,David Gilmour,Wish You Were Here (Live At The Royal Albert Hall),?,lmd,G,major,0.893,kk,125.0,single tempo,4/4,1.0,keys lead drums
ROCK,BLUES,Deborah Coleman,Long Time,?,lmd,A,major,0.934,kk,80.0,single tempo,1/4,0.972,bass pad keys lead
ROCK,BLUES,Derek & The Dominos,Bell Bottom Blues,80s,lmd,A,major,0.79,kk,64.0,5 tempo events (35.5-64.0); bpm = median beat,4/4,0.871,bass chord pad keys guitar lead arp drums
ROCK,BLUES,Dr Feelgood,Introduction (Live) (2005 Digital Remaster),?,lmd,G,major,0.958,kk,70.0,single tempo,4/4,0.951,bass chord pad keys guitar fx drums
ROCK,BLUES,E.C. Scott,Sledgehammer,new,lmd,Db,lydian,0.708,kk,98.0,single tempo,4/4,1.0,bass chord keys guitar lead drums
ROCK,BLUES,Eric Clapton,All Our Past Times,80s,lmd,G,major,0.822,kk,94.0,5 tempo events (54.0-94.0); bpm = median beat,4/4,1.0,keys guitar lead drums
ROCK,BLUES,Eric Clapton,Forever Man (Album Version),90s,lmd,D,minor,0.911,kk,109.0,single tempo,4/4,1.0,bass chord pad guitar lead arp drums
ROCK,BLUES,Eric Clapton,Lay Down Sally,80s,lmd,A,major,0.913,kk,190.0,single tempo,4/4,1.0,bass keys guitar lead drums
ROCK,BLUES,Eric Clapton,Let It Grow,80s,lmd,B,minor,0.78,kk,77.0,single tempo,4/4,1.0,bass keys guitar lead drums
ROCK,BLUES,Eric Clapton,Tears In Heaven,80s,lmd,Gb,minor,0.777,bass-relative,90.0,single tempo,4/4,1.0,bass pad keys guitar drums
ROCK,BLUES,Fleetwood Mac,Gypsy (Remastered LP Version),new,lmd,F,major,0.92,kk,130.0,2 tempo events (127.0-130.0); bpm = median beat,4/4,1.0,bass pad keys guitar lead drums
ROCK,BLUES,Free,All Right Now,?,lmd,A,mixolydian,0.814,kk,120.0,2 tempo events (90.0-120.0); bpm = median beat,4/4,1.0,bass keys guitar lead seq drums
ROCK,BLUES,Garland Jeffreys,Keep On Trying,new,lmd,D,major,0.945,kk,105.0,single tempo,4/4,1.0,bass pad keys guitar lead drums
ROCK,BLUES,Gary Chapman,Finally,80s,lmd,F,major,0.907,kk,63.0,15 tempo events (34.0-63.0); bpm = median beat,4/4,0.912,bass chord pad keys guitar arp drums
ROCK,BLUES,Gary Moore,Cold Day In Hell (Live),80s,lmd,Db,minor,0.866,kk,100.0,single tempo,4/4,1.0,bass chord keys guitar lead drums
ROCK,BLUES,Gary Moore,Wishing Well (2002 Digital Remaster),80s,lmd,A,minor,0.808,kk,123.0,39 tempo events (30.0-124.0); bpm = median beat,4/4,1.0,bass keys lead drums
ROCK,BLUES,Heikki Silvennoinen,Down Hearted Man,90s,lmd,B,minor,0.885,kk,87.0,single tempo,4/4,1.0,bass pad keys guitar drums
ROCK,BLUES,Heikki Silvennoinen,Magic Carpet Ride,90s,lmd,G,major,0.946,kk,110.0,single tempo,4/4,1.0,bass keys drums
ROCK,BLUES,Heikki Silvennoinen,Way Too Long,90s,lmd,A,major,0.859,kk,65.0,single tempo,4/4,1.0,bass pad keys guitar drums
ROCK,BLUES,Huey Lewis And The News,But It's Alright (LP Version),new,lmd,E,major,0.734,kk,115.0,single tempo,4/4,1.0,bass chord keys guitar lead drums
ROCK,BLUES,Huey Lewis And The News,Stuck With You,80s,lmd,A,minor,0.729,bass-relative,123.0,8 tempo events (105.0-123.0); bpm = median beat,4/4,1.0,bass keys guitar drums
ROCK,BLUES,Huey Lewis And The News,The Power Of Love,80s,lmd,C,mixolydian,0.842,kk,120.0,single tempo,4/4,1.0,bass pad lead drums
ROCK,BLUES,Humble Pie,Natural Born Bugie,80s,lmd,D,mixolydian,0.748,kk,118.0,single tempo,4/4 (none),1.0,bass pad keys guitar lead drums
ROCK,BLUES,Indigenous,I Can't Pretend,?,lmd,B,mixolydian,0.79,kk,87.0,single tempo,4/4,1.0,bass pad keys guitar lead drums
ROCK,BLUES,Jackie Greene,Gettin' By,new,lmd,F,major,0.941,kk,140.0,single tempo,4/4 (none),1.0,bass pad keys lead arp
ROCK,BLUES,Jeff Beck,A Day In The Life (Album Version),new,lmd,E,minor,0.909,kk,75.0,7 tempo events (74.0-80.0); bpm = median beat,4/4,0.968,bass pad keys guitar lead seq drums
ROCK,BLUES,Jimi Hendrix,All Along The Watchtower,80s,lmd,C,minor,0.644,kk,114.0,single tempo,4/4,1.0,bass keys guitar lead arp
ROCK,BLUES,Joe Cocker,You Can Leave Your Hat On (Live),80s,lmd,C,mixolydian,0.73,kk,96.0,single tempo,4/4,1.0,bass chord keys lead seq drums
ROCK,BLUES,Johnny Copeland,Promised Myself,80s,lmd,C,major,0.936,kk,100.0,single tempo,4/4,1.0,bass pad keys guitar lead drums
ROCK,BLUES,Led Zeppelin,Dazed And Confused  (Album Version),80s,lmd,E,minor,0.833,kk,144.0,7 tempo events (74.0-144.0); bpm = median beat,12/8,0.518,bass guitar lead drums
ROCK,BLUES,Led Zeppelin,Good Times Bad Times  (Album Version),80s,lmd,A,major,0.8,kk,91.0,single tempo,4/4,1.0,bass guitar lead seq drums
ROCK,BLUES,Led Zeppelin,Living Loving Maid [She's Just A Woman]  (Album Version),80s,lmd,A,mixolydian,0.846,kk,145.0,single tempo,4/4,1.0,bass guitar lead drums
ROCK,BLUES,Led Zeppelin,Your Time Is Gonna Come  (Album Version),80s,lmd,G,major,0.931,kk,70.0,27 tempo events (70.0-119.0); bpm = median beat,4/4,1.0,bass keys guitar lead seq drums
ROCK,BLUES,Long John Baldry,Macarthur Park,?,lmd,Bb,major,0.775,kk,85.0,7 tempo events (75.0-170.0); bpm = median beat,4/4,0.866,bass chord pad keys guitar lead drums
ROCK,BLUES,Marieke,Feuer_ Wasser_ Erde_ Luft,?,lmd,E,mixolydian,0.812,kk,126.0,single tempo,4/4,1.0,bass keys guitar lead arp seq drums
ROCK,BLUES,Mick Farren/Jack Lancaster,Memphis Psychosis,?,lmd,A,major,0.904,kk,125.0,single tempo,4/4,1.0,bass chord guitar lead drums
ROCK,BLUES,Mink DeVille,Around the Corner,80s,lmd,F,major,0.936,kk,107.0,single tempo,4/4,1.0,bass chord pad keys guitar lead seq drums
ROCK,BLUES,New Adventures,Former Glories,?,lmd,C,minor,0.803,kk,100.0,single tempo,4/4,1.0,bass pad guitar seq drums
ROCK,BLUES,Omar & The Howlers,When Sugar Cane Was King,new,lmd,D,major,0.799,kk,129.0,3 tempo events (73.0-129.0); bpm = median beat,4/4,1.0,bass chord keys guitar lead arp drums
ROCK,BLUES,Paul Mauriat And His Orchestra,San Francisco,80s,lmd,G,major,0.765,kk,110.0,single tempo,4/4,1.0,bass pad guitar lead drums
ROCK,BLUES,Randy Rogers Band,Didn't Know You Could,new,lmd,D,major,0.94,kk,138.0,2 tempo events (126.0-138.0); bpm = median beat,4/4,0.892,bass chord pad keys guitar lead drums
ROCK,BLUES,Renzo Arbore,Il Clarinetto,new,lmd,Bb,major,0.953,kk,88.0,2 tempo events (88.0-100.0); bpm = median beat,4/4,1.0,bass chord pad keys guitar lead arp
ROCK,BLUES,Reverend Beat-Man & The Un-Believers,Save My Soul From Hell,?,lmd,A,minor,0.83,kk,120.0,single tempo,4/4,1.0,bass keys guitar lead drums
ROCK,BLUES,Rick Derringer,Hang on Sloopy,80s,lmd,G,major,0.882,kk,113.0,single tempo,4/4 (none),1.0,bass chord pad guitar drums
ROCK,BLUES,Sam Brown,Nutbush City Limits,new,lmd,A,dorian,0.777,kk,151.0,single tempo,6/4,0.991,bass keys guitar lead drums
ROCK,BLUES,Savoy Brown,Tell Mama,80s,lmd,A,mixolydian,0.862,kk,132.0,single tempo,4/4,0.99,bass guitar drums
ROCK,BLUES,Sonny Boy Williamson,Help Me,80s,lmd,F,minor,0.918,kk,114.0,single tempo,4/4,1.0,bass chord keys guitar lead drums
ROCK,BLUES,Spongebob Squarepants,Bubble Beat Box,new,lmd,C,minor,0.819,kk,105.0,2 tempo events (55.0-105.0); bpm = median beat,4/4,0.992,bass keys guitar drums
ROCK,BLUES,Swamp Dogg,In My Resume,80s,lmd,G,major,0.724,kk,99.0,3 tempo events (59.0-99.0); bpm = median beat,4/4 (none),1.0,bass pad guitar lead drums
ROCK,BLUES,The Animals,Scandinavian Dreams,90s,lmd,C,major,0.934,kk,85.0,single tempo,4/4,1.0,bass chord pad guitar lead drums
ROCK,BLUES,The Black Crowes,Whoa Mule (Album Version),?,lmd,E,major,0.919,kk,114.0,single tempo,4/4,1.0,keys lead arp drums
ROCK,BLUES,The Blues Brothers,Cant Turn You Loose,80s,lmd,Bb,mixolydian,0.943,kk,98.0,single tempo,4/4,1.0,bass chord keys guitar lead drums
ROCK,BLUES,The Blues Brothers,Everybody Needs Somebody To Love (LP Version),80s,lmd,C,mixolydian,0.866,kk,194.0,single tempo,4/4,1.0,bass chord pad keys guitar lead seq drums
ROCK,BLUES,The Blues Brothers,Gimme Some Lovin' (LP Version),80s,lmd,E,mixolydian,0.823,kk,137.0,single tempo,4/4,1.0,bass chord keys guitar lead drums
ROCK,BLUES,The Blues Brothers,Rubber Biscuit,80s,lmd,F,major,0.626,kk,102.0,single tempo,4/4,1.0,bass chord pad keys lead drums
ROCK,BLUES,The J. Geils Band,Start All Over Again (LP Version),80s,lmd,C,major,0.941,kk,128.0,single tempo,4/4,1.0,bass pad keys guitar lead arp drums
ROCK,BLUES,The Jeff Healey Band,Angel,80s,lmd,Eb,mixolydian,0.81,kk,69.0,single tempo,4/4,1.0,bass guitar drums
ROCK,BLUES,The Jeremy Spencer Band,Travellin' (Album Version),?,lmd,E,mixolydian,0.797,kk,120.0,single tempo,4/4 (none),1.0,bass pad guitar lead seq
ROCK,BLUES,The Jimi Hendrix Experience,Hey Joe,80s,lmd,E,minor,0.817,kk,83.2,87 tempo events (53.1-86.0); bpm = median beat,4/4,1.0,bass pad keys guitar drums
ROCK,BLUES,The Quireboys,Tears In Heaven,?,lmd,A,major,0.925,kk,88.0,single tempo,4/4,1.0,bass keys
ROCK,BLUES,The Wilkinsons,Me_ Myself And I (Album Version),new,lmd,D,major,0.957,kk,106.0,single tempo,4/4,1.0,bass pad guitar lead drums
ROCK,BLUES,Tishamingo,Willin' to Die,new,lmd,D,major,0.945,kk,77.0,single tempo,4/4,1.0,bass chord pad keys guitar lead drums
ROCK,BLUES,Tommy Bolin,Naked Part Four,?,lmd,A,minor,0.862,kk,97.0,2 tempo events (91.0-97.0); bpm = median beat,4/4,1.0,bass chord pad keys guitar lead drums
ROCK,BLUES,Van Morrison,Brown Eyed Girl,80s,lmd,G,major,0.992,kk,146.0,single tempo,4/4,1.0,bass chord keys guitar lead drums
ROCK,BLUES,Veltto Virtanen,Sellainen kuin sinä,new,lmd,G,mixolydian,0.956,kk,85.0,single tempo,4/4,1.0,bass chord keys guitar lead drums
ROCK,BLUES,Zucchero,Baila Sexy Thing,new,lmd,G,minor,0.883,kk,121.0,single tempo,4/4,1.0,bass chord pad keys guitar lead drums
ROCK,BLUES,Zucchero,Blue,90s,lmd,A,major,0.939,kk,78.0,single tempo,4/4,1.0,bass pad guitar lead arp seq fx drums
ROCK,BLUES,Zucchero,Music In Me,new,lmd,B,minor,0.766,kk,136.0,single tempo,4/4 (none),1.0,bass chord keys guitar lead arp drums
ROCK,BLUES,Zucchero / Queen / Sharon Corr,Everybody's Got To Learn Sometime,new,lmd,Db,minor,0.948,kk,74.0,single tempo,4/4 (none),1.0,bass pad keys guitar lead seq fx drums
TECHNO,,2 Brothers On The 4th Floor,I'm Thinkin' Of You (Radio Version),90s,lmd,E,minor,0.916,kk,127.0,single tempo,4/4,1.0,bass chord keys lead fx drums
TECHNO,,ADJD,Think You Know Me,?,lmd,Gb,major,0.9,kk,131.0,single tempo,4/4,1.0,keys arp drums
TECHNO,,Airwave,Sunspot,?,lmd,D,mixolydian,0.911,kk,90.0,single tempo,4/4,1.0,bass pad guitar lead drums
TECHNO,,Akustikrausch,Ohrbassmus,new,lmd,Gb,major,0.903,kk,133.0,single tempo,4/4,1.0,bass chord keys guitar lead drums
TECHNO,,Aqua,Lollipop (Candyman),?,lmd,C,minor,0.95,kk,144.0,single tempo,4/4,1.0,bass pad keys guitar lead arp seq fx drums
TECHNO,,Aqua,Roses Are Red,?,lmd,C,minor,0.945,kk,140.0,2 tempo events (120.0-140.0); bpm = median beat,4/4,1.0,bass pad keys guitar seq drums
TECHNO,,Babak Shayan,Seasons,?,lmd,A,minor,0.967,kk,124.0,single tempo,4/4,0.988,bass pad keys lead fx drums
TECHNO,,Ben Macklin feat. Tiger Lily,Feel Together (Eddie Thoneick Remix),?,lmd,Eb,minor,0.746,kk,124.0,single tempo,4/4,1.0,bass lead seq fx drums
TECHNO,,Ben Sims,The Ol'vibes,?,lmd,D,minor,0.846,kk,128.0,single tempo,4/4,1.0,bass keys guitar lead drums
TECHNO,,Black Strobe,Shining Bright Star (Oliver Huntemann Instrumental),new,lmd,E,major,0.929,kk,130.0,single tempo,4/4,1.0,bass pad keys lead seq drums
TECHNO,,Booka Shade,Bad Love,new,lmd,C,major,0.991,kk,115.0,single tempo,4/4,1.0,bass chord pad seq fx drums
TECHNO,,Boris Brejcha,Arche Noah,new,lmd,C,major,0.724,kk,96.0,single tempo,4/4,1.0,bass guitar lead drums
TECHNO,,Captain Jack,Another One Bites The Dust,90s,lmd,Db,minor,0.85,kk,125.0,single tempo,4/4,1.0,bass chord pad keys guitar arp seq drums
TECHNO,,Caramell,Telefon,90s,lmd,F,mixolydian,0.872,kk,134.0,single tempo,4/4 (none),1.0,bass pad keys guitar lead seq drums
TECHNO,,Chris Lake Feat. Nastala,If You Knew,?,lmd,Ab,minor,0.773,kk,150.0,single tempo,4/4,1.0,bass pad keys lead seq fx
TECHNO,,Christian Smith,Higienopolis,new,lmd,C,minor,0.857,kk,120.0,single tempo,4/4,1.0,bass chord pad lead drums
TECHNO,,CJ Bolland,Horsepower,80s,lmd,Eb,minor,0.614,kk,130.0,single tempo,4/4 (none),1.0,bass keys drums
TECHNO,,D-Unity,Guilty Pleasures,?,lmd,C,major,0.904,kk,160.0,single tempo,4/4,1.0,guitar lead drums
TECHNO,,Dave Angel,Mothership Pt. 1,new,lmd,C,minor,0.808,kk,120.0,single tempo,4/4,1.0,bass chord keys guitar lead drums
TECHNO,,Dave Clarke,Protective Custody,80s,lmd,B,major,0.934,kk,123.0,single tempo,4/4,1.0,bass pad keys lead drums
TECHNO,,Deadmau5 & Chris Lake,I Said,new,lmd,D,minor,0.784,kk,106.3,single tempo,4/4,1.0,chord guitar lead seq fx drums
TECHNO,,DJ Aligator,Do You Realise (feat Lin Samuelsen),?,lmd,F,minor,0.541,kk,133.0,single tempo,4/4,1.0,bass keys lead seq drums
TECHNO,,DJ Delicious & Rutte,JaJa,new,lmd,Gb,major,0.785,kk,128.0,single tempo,4/4,1.0,bass keys guitar lead drums
TECHNO,,DJ Overdog,Ready,?,lmd,Eb,dorian,0.766,kk,98.0,single tempo,4/4,1.0,bass chord keys guitar drums
TECHNO,,Double You,Because Loving You,90s,lmd,B,minor,0.897,kk,140.0,single tempo,4/4,1.0,bass pad guitar lead arp seq drums
TECHNO,,Dualtec,Gimme A Break,?,lmd,A,minor,0.868,kk,168.0,245 tempo events (55.0-240.0); bpm = median beat,4/4,0.98,bass pad keys guitar lead seq drums
TECHNO,,Ellen Allien,Augenblick,new,lmd,E,minor,0.779,kk,134.0,single tempo,4/4 (none),1.0,bass lead
TECHNO,,Florian Meindl,Liquid Source,new,lmd,C,major,0.844,bass-relative,123.0,single tempo,4/4,1.0,bass pad keys guitar drums
TECHNO,,Frank Martiniq,Use Fuse,new,lmd,Bb,minor,0.695,kk,115.0,single tempo,4/4,1.0,lead seq drums
TECHNO,,Gavin Herlihy,Collect,?,lmd,D,minor,0.865,kk,127.2,single tempo,4/4,1.0,bass guitar lead seq drums
TECHNO,,Gel Abril,Your Face Is A Mess,new,lmd,E,minor,0.794,kk,126.0,2 tempo events (120.0-126.0); bpm = median beat,4/4,1.0,pad keys lead drums
TECHNO,,Gregor Tresher,Painkiller,new,lmd,A,minor,0.62,kk,65.0,single tempo,4/4,1.0,bass guitar lead drums
TECHNO,,Haddaway,What Is Love (Club Mix),80s,lmd,D,minor,0.886,kk,120.0,single tempo,4/4,1.0,bass chord pad keys lead seq drums
TECHNO,,Heiko Laux,The Bridge,new,lmd,C,minor,0.777,kk,110.0,single tempo,4/4 (none),1.0,bass chord pad keys guitar lead arp seq drums
TECHNO,,John Legend featuring Andre 3000,Green Light,new,lmd,B,minor,0.874,kk,130.0,9 tempo events (72.0-145.0); bpm = median beat,4/4,1.0,bass chord pad keys guitar lead arp seq drums
TECHNO,,Joris Voorn,No Revolution,new,lmd,G,minor,0.888,kk,129.0,single tempo,4/4,1.0,bass pad lead arp seq drums
TECHNO,,Joris Voorn,Sweep The Floor (Album),new,lmd,E,minor,0.86,kk,124.0,single tempo,4/4 (none),1.0,lead arp drums
TECHNO,,Julian Jabre,War,new,lmd,A,minor,0.871,kk,126.0,single tempo,4/4,1.0,bass pad keys guitar lead drums
TECHNO,,Julien Jabre,Voodance,new,lmd,Db,major,0.978,kk,129.0,single tempo,4/4,1.0,keys lead arp drums
TECHNO,,Lexy & K-Paul,Housearrest,new,lmd,C,minor,0.756,kk,127.0,single tempo,4/4,1.0,bass pad keys guitar lead seq drums
TECHNO,,Lusine,The Stop,new,lmd,Bb,minor,0.859,kk,102.0,single tempo,4/4,1.0,bass guitar arp drums
TECHNO,,marusha,,?,lamd,Bb,major,0.954,kk,162.0,single tempo,4/4,1.0,bass chord pad lead seq drums
TECHNO,,marusha,,?,lamd,A,minor,0.905,kk,160.0,single tempo,4/4,1.0,bass seq fx drums
TECHNO,,Marusha,Somewhere Over The Rainbow,80s,lmd,Bb,major,0.954,kk,162.0,single tempo,4/4,1.0,bass chord pad lead seq drums
TECHNO,,Masterblaster,Everywhere,new,lmd,D,major,0.921,kk,135.0,single tempo,4/4,1.0,bass keys guitar lead seq drums
TECHNO,,Matthias Tanzmann,Love-Shaped Feeling (Reboot Rework),?,lmd,D,major,0.898,kk,115.0,single tempo,4/4,1.0,bass chord keys guitar drums
TECHNO,,Mayday,Captain (Album Version),new,lmd,A,major,0.967,kk,63.0,single tempo,4/4,1.0,bass pad keys guitar lead seq drums
TECHNO,,Mayday,Pond Love (Album Version),new,lmd,G,major,0.855,kk,110.0,single tempo,4/4,1.0,bass pad keys lead fx drums
TECHNO,,Mayday,Rock & Roll Can'T Save Your Life (Album Version),new,lmd,F,major,0.893,kk,88.0,single tempo,4/4,1.0,bass pad keys guitar lead drums
TECHNO,,Method Of Defiance,Let Your Body Take Control,new,lmd,A,dorian,0.758,kk,130.0,single tempo,4/4,1.0,bass keys lead drums
TECHNO,,Michel Fuentes,One More Time,new,lmd,F,major,0.898,kk,127.0,single tempo,4/4,1.0,bass pad keys lead drums
TECHNO,,Moonbootica,Siren,new,lmd,Bb,minor,0.797,kk,94.0,2 tempo events (80.0-94.0); bpm = median beat,4/4,0.983,bass guitar lead drums
TECHNO,,Moonbootica,Strobelight,new,lmd,A,minor,0.962,kk,74.0,single tempo,4/4,1.0,keys guitar lead arp drums
TECHNO,,Mylo,Drop The Pressure,new,lmd,G,major,0.851,kk,120.0,single tempo,4/4,1.0,bass chord pad keys guitar lead drums
TECHNO,,Mylo,In My Arms,new,lmd,G,major,0.815,kk,87.0,single tempo,4/4,1.0,bass pad keys guitar lead drums
TECHNO,,N-Trance / Ricardo Force,Stayin' Alive,80s,lmd,Gb,minor,0.84,kk,107.0,single tempo,4/4,1.0,pad keys guitar lead seq drums
TECHNO,,New Limit,Smile,90s,lmd,C,major,0.75,kk,154.0,single tempo,4/4,1.0,bass pad keys guitar lead seq drums
TECHNO,,orbital,,?,lamd,Ab,mixolydian,0.67,kk,150.0,2 tempo events (100.0-150.0); bpm = median beat,4/4,1.0,bass chord pad lead seq drums
TECHNO,,orbital,,?,lamd,Ab,mixolydian,0.671,kk,150.0,2 tempo events (100.0-150.0); bpm = median beat,4/4,1.0,bass chord pad lead seq drums
TECHNO,,Orbital,Lush [Herves Tree and Leaf Remix],90s,lmd,A,major,0.881,kk,118.0,66 tempo events (53.0-118.0); bpm = median beat,4/4,1.0,bass chord keys guitar lead drums
TECHNO,,Paul Kalkbrenner,Queer Fellow (Ellen Allien & Apparat Remix),new,lmd,C,minor,0.91,kk,123.5,single tempo,4/4,1.0,bass keys lead drums
TECHNO,,Paul Kalkbrenner,The Palisades,new,lmd,Eb,major,0.94,kk,138.0,single tempo,4/4,1.0,bass chord pad lead drums
TECHNO,,Peter Gelderblom,Waiting 4,new,lmd,A,minor,0.865,kk,122.0,9 tempo events (90.0-122.0); bpm = median beat,4/4,1.0,bass guitar lead drums
TECHNO,,Pig & Dan,Blobz,?,lmd,A,minor,0.925,kk,101.0,single tempo,4/4,1.0,bass chord pad lead drums
TECHNO,,Royal Gigolos,Tell It To My Heart,new,lmd,F,minor,0.867,kk,127.0,single tempo,4/4,1.0,bass pad lead drums
TECHNO,,Sascha Funke,Soso,new,lmd,Eb,phrygian,0.656,kk,128.0,single tempo,4/4,1.0,bass seq drums
TECHNO,,Sascha Funke,Strassentanz,new,lmd,F,major,0.918,kk,140.0,single tempo,4/4,1.0,bass keys lead seq drums
TECHNO,,Sascha Funke,Twingo,new,lmd,D,minor,0.803,kk,124.0,single tempo,4/4,1.0,bass chord pad keys seq drums
TECHNO,,Sharam Feat. Daniel Bedingfield,The One ,new,lmd,G,minor,0.83,kk,126.0,single tempo,4/4 (none),1.0,lead
TECHNO,,Simian Mobile Disco,Bad Blood,new,lmd,C,major,0.888,kk,130.0,single tempo,4/4,1.0,keys lead seq drums
TECHNO,,Space DJZ,Tool 001,?,lmd,Bb,minor,0.63,kk,90.0,single tempo,4/4,1.0,keys lead drums
TECHNO,,Spektre,Cheyenne,new,lmd,C,minor,0.805,kk,128.0,single tempo,4/4 (none),1.0,bass chord keys guitar lead arp seq
TECHNO,,Spoon_ Harris & Obernik,Baditude (Mark Mendes Remix),new,lmd,A,phrygian,0.745,kk,169.0,single tempo,4/4,1.0,bass pad guitar lead arp seq fx drums
TECHNO,,Stephan Bodzin,Pendulum,new,lmd,F,major,0.873,kk,104.0,single tempo,4/4,0.893,bass chord pad keys lead seq fx drums
TECHNO,,Stormtrooper,Re-Choir-ed,?,lmd,Bb,major,0.802,kk,93.0,single tempo,4/4,1.0,keys lead drums
TECHNO,,Supermayer,The Art Of Letting Go,new,lmd,A,minor,0.788,kk,124.0,single tempo,4/4,1.0,bass pad keys guitar lead drums
TECHNO,,Sven Väth,L'Esperanza,80s,lmd,A,mixolydian,0.837,kk,133.3,4 tempo events (133.3-140.5); bpm = median beat,4/4,1.0,bass chord pad keys guitar drums
TECHNO,,Sven Weisemann,Slices,new,lmd,F,minor,0.835,kk,123.0,single tempo,4/4,1.0,bass chord pad keys lead drums
TECHNO,,Tarkan,Bounce,new,lmd,D,major,0.887,kk,120.0,single tempo,4/4,1.0,keys arp drums
TECHNO,,The Black Dog,Digital Poacher,new,lmd,F,major,0.722,bass-relative,140.0,single tempo,4/4,1.0,bass pad lead fx drums
TECHNO,,The Kic Pimpz,No Stopping Us,new,lmd,D,minor,0.92,kk,113.0,single tempo,4/4,1.0,bass chord keys guitar lead seq drums
TECHNO,,The Supermen Lovers,Starlight (Dub Version),new,lmd,C,minor,0.856,kk,127.0,single tempo,4/4,0.992,bass pad keys guitar lead seq drums
TECHNO,,The Technocinism Of Phunk Investigation,Work Machine,?,lmd,E,major,0.842,kk,123.0,single tempo,4/4,1.0,bass lead drums
TECHNO,,The Timewriter,HERE COMES THE SUN,90s,lmd,G,mixolydian,0.766,kk,115.0,single tempo,4/4,1.0,bass chord pad keys guitar lead drums
TECHNO,,Tiger Stripes,Hooked,?,lmd,Ab,minor,0.892,kk,124.0,21 tempo events (40.0-124.0); bpm = median beat,4/4,0.877,bass guitar lead drums
TECHNO,,Tony Rohr,Warbal 145,?,lmd,E,major,0.909,kk,110.0,3 tempo events (103.0-110.0); bpm = median beat,4/4,1.0,bass keys guitar lead drums
TECHNO,,Topmodelz,Two Princes,new,lmd,D,major,0.919,kk,130.0,single tempo,4/4,1.0,bass chord lead seq drums
TECHNO,,U96,Club Bizarre,80s,lmd,A,mixolydian,0.695,kk,160.0,single tempo,4/4 (none),1.0,bass chord pad lead fx drums
TECHNO,,U96,Joy,80s,lmd,A,minor,0.833,kk,152.0,single tempo,4/4,1.0,bass chord lead seq drums
TECHNO,,U96,Love Religion,80s,lmd,F,minor,0.8,kk,162.0,single tempo,4/4,1.0,bass pad keys guitar lead seq drums
TECHNO,,U96,Venus In Chains,90s,lmd,D,major,0.761,kk,126.0,49 tempo events (56.0-126.0); bpm = median beat,4/4,1.0,bass pad guitar arp drums
TECHNO,,Underworld,Beautiful Burnout,new,lmd,E,major,0.836,kk,128.2,single tempo,4/4,1.0,bass guitar seq drums
TECHNO,,Underworld,Crocodile (Ame Remix),new,lmd,D,major,0.805,kk,78.0,single tempo,4/4,0.99,bass drums
TECHNO,,Urban Cookie Collective,The Key_ The Secret 2005 (Central Seven Mix),?,lmd,F,mixolydian,0.891,kk,130.0,single tempo,4/4,1.0,bass chord pad keys lead drums
TECHNO,,Westbam,Hard Times,90s,lmd,Db,minor,0.811,kk,136.0,single tempo,4/4,1.0,bass chord pad keys seq drums
TECHNO,,X-Press 2,Muzikizum,new,lmd,Db,minor,0.854,kk,136.0,single tempo,4/4,1.0,bass pad keys guitar lead drums
TECHNO,,µ-ziq,Hasty Boom Alert,90s,lmd,Gb,minor,0.784,kk,94.0,single tempo,4/4 (none),1.0,lead
TECHNO,,üNN,Three Pilots,new,lmd,C,major,0.91,kk,131.0,single tempo,4/4,1.0,bass chord guitar lead drums
TRANCE,,age of love,,?,lamd,A,minor,0.787,kk,170.0,single tempo,4/4 (none),1.0,bass chord pad lead seq drums
TRANCE,,Age Of Love,The Age Of Love,80s,lmd,Eb,major,0.922,kk,137.0,single tempo,4/4,1.0,bass chord pad keys lead arp fx drums
TRANCE,,Agnelli & Nelson,Hudson Street,new,lmd,A,minor,0.913,kk,129.6,single tempo,4/4,1.0,bass pad lead seq fx drums
TRANCE,,Alex Megane,Tonight (Is All We Have),new,lmd,D,minor,0.777,kk,129.0,single tempo,4/4,1.0,bass chord pad keys lead seq fx drums
TRANCE,,Alice Deejay,Better Off Alone,90s,lmd,Ab,minor,0.771,bass-relative,139.0,single tempo,4/4,1.0,bass chord pad guitar lead seq fx drums
TRANCE,,Alive Stone,Red Sugar,?,lmd,Eb,minor,0.813,kk,123.0,single tempo,4/4,1.0,keys guitar lead drums
TRANCE,,armin van buuren,,?,lamd,D,minor,0.777,kk,120.0,single tempo,4/4,1.0,keys
TRANCE,,armin van buuren,,?,lamd,Gb,major,0.792,kk,138.0,single tempo,4/4,1.0,pad lead
TRANCE,,Armin van Buuren,Never Say Never,new,lmd,F,mixolydian,0.696,kk,130.0,single tempo,4/4 (none),1.0,bass lead arp drums
TRANCE,,Armin van Buuren,The Sound Of Goodbye,new,lmd,Ab,minor,0.908,kk,140.0,single tempo,4/4 (none),1.0,bass pad guitar lead
TRANCE,,Armin van Buuren,What If,new,lmd,C,dorian,0.777,kk,138.0,single tempo,4/4 (none),1.0,bass pad lead
TRANCE,,Arnej,Dust In The Wind (Original Mix),new,lmd,Db,major,0.567,kk,124.0,single tempo,4/4,1.0,bass pad keys guitar lead seq drums
TRANCE,,Arty,Gentle Touch,new,lmd,C,minor,0.707,kk,121.0,single tempo,4/4,1.0,bass pad guitar lead fx drums
TRANCE,,ATB,9 PM (Till I Come) - Remixes,new,lmd,A,minor,0.744,kk,140.0,single tempo,4/4 (none),1.0,bass lead arp drums
TRANCE,,ATB,Believe In Me (Clubb Mix),new,lmd,B,minor,0.854,kk,126.0,single tempo,4/4,1.0,bass pad keys guitar lead seq drums
TRANCE,,ATB,Circular Symetry,new,lmd,Db,major,0.922,kk,104.0,single tempo,4/4,1.0,bass chord pad keys guitar lead drums
TRANCE,,ATB,Ecstasy,new,lmd,E,major,0.69,kk,130.0,single tempo,4/4 (none),1.0,bass lead drums
TRANCE,,ATB,Marrakech (A & T Remix),new,lmd,Bb,minor,0.891,kk,140.0,single tempo,4/4,1.0,bass pad drums
TRANCE,,Bart Claessen,First Light,new,lmd,F,major,0.775,kk,100.0,single tempo,4/4,1.0,bass chord pad keys guitar arp seq drums
TRANCE,,Bas van Essen,Ocean Bar,?,lmd,D,minor,0.743,bass-relative,133.0,single tempo,4/4,1.0,bass pad keys lead seq drums
TRANCE,,Binary Finary,Asturius,90s,lmd,Eb,minor,0.921,kk,130.0,single tempo,4/4,1.0,bass chord pad lead fx drums
TRANCE,,Blake Jarrell,Small World,?,lmd,Db,minor,0.776,kk,138.0,single tempo,4/4,1.0,bass pad keys guitar lead seq drums
TRANCE,,blank jones,,?,lamd,C,major,0.83,kk,138.0,single tempo,4/4,1.0,chord pad
TRANCE,,Bluebear Project,Blue Planet,?,lmd,C,minor,0.945,kk,140.0,single tempo,4/4,1.0,bass pad keys guitar lead seq drums
TRANCE,,Casino Mansion,Share Everything,new,lmd,Bb,minor,0.792,kk,132.0,3 tempo events (82.8-132.0); bpm = median beat,4/4,1.0,bass chord pad keys guitar lead drums
TRANCE,,Central Seven,Neverland,new,lmd,D,minor,0.858,kk,139.0,single tempo,4/4,1.0,bass pad keys lead seq drums
TRANCE,,Chicane,Salt Water,?,lmd,F,minor,0.817,kk,131.0,single tempo,4/4,1.0,bass pad keys guitar lead seq fx drums
TRANCE,,Chris Chambers & Static Blue,Dynamica,?,lmd,C,mixolydian,0.837,kk,122.0,single tempo,4/4,1.0,pad keys guitar lead fx drums
TRANCE,,cosmic gate,,?,lamd,D,mixolydian,0.863,kk,132.0,single tempo,4/4 (none),1.0,bass pad keys lead
TRANCE,,Cosmic Gate,Bilingual (12 Inch Version),new,lmd,A,minor,0.795,kk,75.0,single tempo,4/4,1.0,bass pad guitar lead drums
TRANCE,,Cosmic Gate,F.A.V,new,lmd,B,mixolydian,0.777,kk,96.0,3 tempo events (96.0-192.0); bpm = median beat,4/4,1.0,bass guitar drums
TRANCE,,Cosmic Gate,I Feel Wonderful (7 Inch Radio Version),new,lmd,A,minor,0.925,kk,122.0,single tempo,4/4,1.0,bass chord pad guitar lead drums
TRANCE,,Cosmic Gate,Not Enough Time (feat. Emma Hewitt),new,lmd,B,major,0.938,kk,133.0,single tempo,4/4,1.0,bass pad keys guitar lead drums
TRANCE,,Cressida,Two-O-Ten,new,lmd,D,minor,0.802,kk,136.0,single tempo,4/4,1.0,bass chord pad keys lead seq drums
TRANCE,,Darren Bailie,Protect Your Mind 2009 (Braveheart),new,lmd,A,minor,0.808,kk,132.0,single tempo,2/4,0.992,bass pad keys guitar seq drums
TRANCE,,Darude,Good Grooves,new,lmd,A,dorian,0.857,kk,80.0,3 tempo events (80.0-84.0); bpm = median beat,4/4,1.0,bass keys guitar lead drums
TRANCE,,Darude,Lost,new,lmd,A,minor,0.765,kk,139.0,4 tempo events (138.0-142.0); bpm = median beat,4/4,1.0,bass pad lead arp seq drums
TRANCE,,Darude,Tell Me (Weirdness Remix),new,lmd,E,minor,0.762,kk,70.0,single tempo,4/4,1.0,bass guitar drums
TRANCE,,Dash Berlin,Waiting,new,lmd,A,major,0.947,kk,76.0,46 tempo events (75.0-78.0); bpm = median beat,4/4,1.0,bass pad keys guitar lead arp drums
TRANCE,,DJ Aligator Project,Water In The Ocean,new,lmd,C,major,0.866,kk,110.0,single tempo,4/4,1.0,bass keys guitar lead seq drums
TRANCE,,DJ Project,Wherever U Go,?,lmd,Db,major,0.906,kk,131.0,single tempo,4/4,1.0,bass pad keys lead seq drums
TRANCE,,dj sammy,,?,lamd,Gb,major,0.871,kk,144.0,single tempo,4/4,1.0,bass chord pad keys guitar lead seq fx drums
TRANCE,,dj sammy,,?,lamd,C,minor,0.828,bass-relative,132.0,single tempo,4/4,1.0,bass chord pad keys guitar lead arp fx drums
TRANCE,,Dj Sammy,Sunlight,new,lmd,C,mixolydian,0.724,kk,136.0,single tempo,4/4,1.0,bass pad guitar lead fx drums
TRANCE,,Dj Satomi,Castle In the Sky,new,lmd,Eb,major,0.992,kk,120.0,single tempo,4/4,1.0,bass guitar
TRANCE,,DJ Shah meets Jan Johnston,Beautiful (Glimpse of Heaven),new,lmd,Eb,minor,0.867,kk,67.0,5 tempo events (67.0-134.0); bpm = median beat,4/4,1.0,bass pad keys guitar lead fx drums
TRANCE,,DJ Tatana,Spring Breeze,new,lmd,Gb,phrygian,0.599,bass-relative,131.0,single tempo,4/4,1.0,bass pad guitar drums
TRANCE,,Dobenbeck feat. Joanna,Please Don't Go,?,lmd,B,major,0.85,kk,132.0,single tempo,4/4,1.0,chord guitar lead drums
TRANCE,,Dream Dance Alliance (D.D. Alliance),Butterfly,?,lmd,A,minor,0.813,kk,125.0,single tempo,4/4,1.0,bass chord guitar lead seq drums
TRANCE,,Energy 52,Café Del Mar,90s,lmd,Bb,dorian,0.792,kk,137.0,2 tempo events (137.0-137.0); bpm = median beat,4/4,1.0,bass pad keys lead fx drums
TRANCE,,Etnosphere,And The World Doesn't Know,?,lmd,B,lydian,0.699,kk,140.0,single tempo,4/4,1.0,bass keys lead drums
TRANCE,,faithless,,?,lamd,Bb,minor,0.727,kk,130.0,single tempo,4/4,1.0,bass pad lead fx drums
TRANCE,,Ferry Corsten,Beautiful (Extended),new,lmd,B,minor,0.895,kk,136.0,single tempo,4/4,1.0,bass pad guitar lead drums
TRANCE,,Ferry Corsten,It's Time (Extended Mix),new,lmd,Gb,minor,0.789,kk,133.0,single tempo,4/4,1.0,bass pad keys lead arp drums
TRANCE,,Ferry Corsten,We Belong,new,lmd,F,minor,0.922,kk,137.0,2 tempo events (137.0-140.0); bpm = median beat,4/4,1.0,bass chord pad keys guitar lead arp seq drums
TRANCE,,First State,Brave,?,lmd,G,major,0.969,kk,134.0,45 tempo events (90.0-134.0); bpm = median beat,4/4,1.0,bass pad guitar lead drums
TRANCE,,Future Breeze,Illusion,90s,lmd,A,minor,0.776,kk,140.0,2 tempo events (80.0-140.0); bpm = median beat,4/4,1.0,bass lead fx drums
TRANCE,,Gigi DAgostino,La Passion Medley With Rectangle,new,lmd,Eb,minor,0.723,kk,125.0,single tempo,4/4,1.0,bass pad guitar lead seq drums
TRANCE,,Gigi DAgostino,The Only One,new,lmd,G,major,0.948,kk,124.0,single tempo,4/4,1.0,bass chord pad lead seq drums
TRANCE,,Gigi D'agostino,Gin Lemon (More Gin Lemon),90s,lmd,Eb,phrygian,0.796,kk,115.0,single tempo,4/4,1.0,bass lead drums
TRANCE,,Gigi D'agostino,La Passion,90s,lmd,Eb,minor,0.811,kk,127.0,single tempo,4/4,1.0,bass pad lead seq drums
TRANCE,,Gouryella,Gouryella,90s,lmd,C,major,0.952,kk,138.0,single tempo,4/4,1.0,bass pad lead drums
TRANCE,,Haak,Bedlam,?,lmd,F,minor,0.872,kk,137.0,single tempo,4/4,1.0,bass chord pad guitar lead arp fx drums
TRANCE,,Ian Van Dahl,Reason,new,lmd,A,minor,0.847,kk,140.0,single tempo,4/4,0.993,bass pad guitar lead seq drums
TRANCE,,iio,Smooth (Bailey's Cream Mix),new,lmd,Bb,phrygian,0.688,kk,130.0,single tempo,4/4,1.0,bass lead fx drums
TRANCE,,Infected Mushroom,Frog Machine,new,lmd,F,major,0.881,kk,130.0,single tempo,4/4,1.0,bass chord pad guitar lead arp seq drums
TRANCE,,Infected Mushroom,Noon,new,lmd,A,minor,0.765,kk,135.0,single tempo,4/4 (none),1.0,bass pad keys lead drums
TRANCE,,Jes,Lovesong,new,lmd,Db,minor,0.9,kk,145.0,single tempo,4/4 (none),1.0,bass pad keys guitar lead seq drums
TRANCE,,Jochen Miller,Chromatic (Alex Morph Remix),new,lmd,E,major,0.827,kk,138.0,single tempo,4/4 (none),1.0,pad guitar
TRANCE,,John O'Callaghan,Big Sky,?,lmd,E,minor,0.682,kk,119.0,single tempo,4/4,1.0,bass chord pad keys drums
TRANCE,,Julius Beat,Save Me,?,lmd,A,minor,0.86,kk,128.0,single tempo,4/4,1.0,bass chord pad keys guitar lead drums
TRANCE,,kai tracid,,?,lamd,F,minor,0.781,kk,135.0,single tempo,4/4,1.0,bass lead
TRANCE,,Kay Stone,Alone,new,lmd,Gb,major,0.849,kk,165.0,117 tempo events (126.0-240.0); bpm = median beat,4/4,1.0,bass keys guitar lead drums
TRANCE,,Kyau & Albert,Kiksu,new,lmd,Eb,minor,0.802,kk,138.0,single tempo,4/4,1.0,bass lead
TRANCE,,L.S.G.,Hearts,80s,lmd,Gb,minor,0.489,kk,135.0,single tempo,4/4,1.0,bass pad fx drums
TRANCE,,Lange,Out Of The Sky ft. Sarah Howells,new,lmd,C,minor,0.821,kk,129.0,single tempo,4/4,1.0,bass chord pad guitar lead seq drums
TRANCE,,Lasgo,Lost,new,lmd,G,minor,0.764,kk,124.0,single tempo,4/4,1.0,bass pad keys lead seq drums
TRANCE,,Lazard,Your Heart keeps Burning,new,lmd,C,minor,0.915,kk,140.0,single tempo,4/4,1.0,bass pad keys guitar lead drums
TRANCE,,Lustral,Everytime,90s,lmd,Db,minor,0.832,kk,135.0,single tempo,4/4 (none),1.0,bass keys guitar
TRANCE,,MAD MAXX,Edge Of Time,new,lmd,D,minor,0.864,kk,91.0,single tempo,4/4,1.0,bass chord pad guitar lead drums
TRANCE,,Man With No Name,Reincarnation,new,lmd,B,minor,0.899,kk,116.0,single tempo,4/4,1.0,bass pad keys guitar lead seq fx drums
TRANCE,,Marc van Linden,Tremble,?,lmd,C,mixolydian,0.785,kk,132.0,single tempo,4/4,1.0,bass pad keys lead seq drums
TRANCE,,Marco V,Lucky Star,new,lmd,B,minor,0.843,kk,130.0,single tempo,4/4,1.0,bass chord pad keys lead fx drums
TRANCE,,Markus Schulz,Spilled Cranberries,new,lmd,Ab,minor,0.937,kk,132.0,single tempo,4/4 (none),1.0,bass pad keys guitar lead drums
TRANCE,,Matthew Dekay vs. Proluctors,The Deep Show,?,lmd,Bb,minor,0.751,kk,132.0,single tempo,4/4,1.0,bass pad keys guitar lead arp seq drums
TRANCE,,Mauro Picotto,Ameno,new,lmd,E,major,0.825,kk,103.0,2 tempo events (103.0-120.0); bpm = median beat,4/4,0.99,bass pad keys lead seq drums
TRANCE,,Mauro Picotto,Maybe_ Maybe Not (Radio Edit),new,lmd,F,major,0.868,kk,128.0,single tempo,4/4,1.0,bass chord keys guitar lead arp drums
TRANCE,,Menno de Jong,Nolthando,new,lmd,A,minor,0.751,bass-relative,68.0,single tempo,4/4,1.0,bass chord pad keys guitar lead seq drums
TRANCE,,Miikka Leinonen,Kingdom Fall,?,lmd,Db,major,0.907,kk,134.0,single tempo,4/4 (none),1.0,bass chord pad lead drums
TRANCE,,Milk Inc.,Losing Love (DJ Wout Remix),90s,lmd,C,minor,0.707,kk,140.0,single tempo,4/4,1.0,bass chord keys lead seq fx drums
TRANCE,,Orjan Nilsen,La Guitarra,new,lmd,D,major,0.819,kk,121.0,single tempo,4/4,1.0,bass chord keys guitar lead seq drums
TRANCE,,Parker & Clind,Teleportation,90s,lmd,C,minor,0.801,kk,137.0,single tempo,4/4,1.0,bass pad lead arp drums
TRANCE,,Paul Oakenfold,Sexy Sax,new,lmd,A,dorian,0.827,kk,114.0,single tempo,4/4,1.0,bass chord pad keys guitar arp seq
TRANCE,,paul van dyk,,?,lamd,E,minor,0.653,kk,127.0,single tempo,4/4,1.0,bass pad keys guitar drums
TRANCE,,paul van dyk,,?,lamd,Gb,minor,0.875,kk,138.0,single tempo,4/4,1.0,pad keys lead drums
TRANCE,,paul van dyk,,?,lamd,Db,major,0.804,kk,139.0,single tempo,4/4,1.0,bass chord keys guitar lead seq drums
TRANCE,,Paul Van Dyk,For An Angel 2009 (Radio Mix),new,lmd,D,minor,0.896,kk,145.0,single tempo,4/4,1.0,bass pad keys guitar lead seq fx drums
TRANCE,,Pedro Del Mar feat. Emma Nelson,Feel,?,lmd,G,major,0.969,kk,134.0,single tempo,4/4,1.0,bass pad guitar lead drums
TRANCE,,Perry O'Neil,South-West Saga,new,lmd,A,minor,0.799,kk,130.0,6 tempo events (100.0-160.0); bpm = median beat,4/4,1.0,bass chord pad lead drums
TRANCE,,PPK,ResuRection,?,lmd,D,minor,0.786,kk,140.0,single tempo,4/4,1.0,bass pad lead seq drums
TRANCE,,Push,Strange World (Airwave Remix),?,lmd,Bb,minor,0.78,kk,104.0,single tempo,4/4,1.0,bass chord pad lead fx drums
TRANCE,,Radical Distortion,The Dreamer,new,lmd,B,minor,0.813,kk,141.0,single tempo,4/4,1.0,bass chord pad lead arp drums
TRANCE,,Ralph Novell,Astronautic,new,lmd,Eb,major,0.927,kk,120.0,single tempo,4/4,1.0,keys lead drums
TRANCE,,Rank 1,Breathing Airwave (Club Mix),new,lmd,D,minor,0.938,kk,140.0,single tempo,4/4 (none),1.0,bass chord keys
TRANCE,,robert miles,,?,lamd,Db,minor,0.837,kk,136.0,single tempo,4/4,1.0,bass pad guitar lead arp drums
TRANCE,,Robert Miles,Children,80s,lmd,F,minor,0.928,kk,137.0,2 tempo events (137.0-140.0); bpm = median beat,4/4,1.0,bass chord pad keys lead arp seq drums
TRANCE,,Robert Miles,FABLE,90s,lmd,Db,minor,0.836,kk,136.0,single tempo,4/4,1.0,bass pad guitar lead drums
TRANCE,,Robert Miles,Landscape,90s,lmd,A,minor,0.877,kk,130.0,single tempo,4/4,1.0,bass pad guitar lead arp seq drums
TRANCE,,Robert Miles,Princess Of Light,90s,lmd,B,minor,0.746,kk,60.0,single tempo,4/4,1.0,bass pad keys guitar lead drums
TRANCE,,Ronski Speed,Pure Devotion,new,lmd,D,minor,0.842,kk,135.0,single tempo,4/4 (none),1.0,pad lead
TRANCE,,Santiago Nino,Believe,new,lmd,A,minor,0.82,kk,128.0,single tempo,4/4,1.0,bass guitar lead drums
TRANCE,,Santoz,In Memory,new,lmd,Db,major,0.771,kk,135.0,single tempo,4/4,1.0,bass pad lead drums
TRANCE,,Sash!,Stay ,90s,lmd,G,minor,0.867,kk,132.0,2 tempo events (132.0-132.0); bpm = median beat,4/4,1.0,bass chord pad lead seq drums
TRANCE,,Sebastian Sand,Strange Bends,new,lmd,A,mixolydian,0.899,kk,190.0,single tempo,1/4,0.966,bass keys guitar lead drums
TRANCE,,Sylvia Tosun,Underlying Feeling,?,lmd,B,minor,0.743,kk,132.0,single tempo,4/4,1.0,bass pad keys lead seq fx drums
TRANCE,,system f,,?,lamd,G,major,0.85,kk,140.0,single tempo,4/4,1.0,bass pad lead seq drums
TRANCE,,System F,Cry,new,lmd,Eb,minor,0.919,kk,125.0,single tempo,4/4,1.0,bass pad guitar lead drums
TRANCE,,System F,Exhale,new,lmd,B,dorian,0.861,kk,139.0,single tempo,4/4 (none),1.0,bass chord pad keys seq fx drums
TRANCE,,System F,Out Of The Blue 2010,new,lmd,G,major,0.902,kk,140.0,single tempo,4/4,1.0,bass keys lead fx
TRANCE,,The Quest,C Sharp,90s,lmd,F,minor,0.804,bass-relative,136.0,single tempo,4/4,1.0,bass pad keys lead arp seq drums
TRANCE,,Thomas Bronzwaer,Close Horizon,new,lmd,D,minor,0.82,kk,136.0,single tempo,4/4,1.0,bass pad keys lead fx drums
TRANCE,,Three Drives,Greece 2000,90s,lmd,Ab,phrygian,0.828,kk,164.0,14 tempo events (163.0-165.3); bpm = median beat,4/4,1.0,bass pad lead seq drums
TRANCE,,Tiësto,Surrounded By Light,new,lmd,D,minor,0.73,kk,120.0,single tempo,4/4 (none),1.0,keys
TRANCE,,United Beats,Por Que No (DJ Dean Remix),?,lmd,A,major,0.958,kk,128.0,single tempo,4/4 (none),1.0,bass pad keys guitar drums
TRANCE,,Vengaboys,Up & Down,90s,lmd,Gb,major,0.885,kk,136.0,single tempo,4/4,1.0,bass chord pad keys seq drums
TRANCE,,Veracocha,Carte Blanche,90s,lmd,Ab,mixolydian,0.776,kk,120.0,single tempo,4/4,1.0,bass pad lead arp
TRANCE,,Young Parisians,Jump The Next Train,new,lmd,Ab,major,0.841,kk,132.0,single tempo,4/4 (none),1.0,bass chord pad keys lead seq drums
